Paradigm,Mouse,Behavior,E.phy,YokedTo,Conflict,APA,Tube,Slice,Punch,notes.mouse,photos,notes.slice,notes.punch,Date,time,Slice.collector,Punch.Collector,SliceSize,Punchsize,location,RNAisolationdate,RNAisolator
Training + Conflict,15-142A,Good,NG,15-142B,Conflict,Trained,HF,1,CA4,trained conflict,,,,7/2/15,,MK,RMH,300,250,Centered on cell layer,,
Training + Conflict,15-142A,Good,NG,15-142B,Conflict,Trained,HG,2,CA4,trained conflict,,,,7/2/15,,MK,RMH,300,250,Centered on cell layer,,
Training + Conflict,15-142A,Good,NG,15-142B,Conflict,Trained,HH,3,CA4,trained conflict,,,,7/2/15,,MK,RMH,300,250,Centered on cell layer,,
Training + Conflict,15-142A,Good,NG,15-142B,Conflict,Trained,HI,4,DG,trained conflict,,,,7/2/15,,MK,RMH,300,250,Centered on cell layer,,
Training + Conflict,15-142A,Good,NG,15-142B,Conflict,Trained,HJ,3,DG,trained conflict,,,,7/2/15,,MK,RMH,300,250,Centered on cell layer,,
Training + Conflict,15-142A,Good,NG,15-142B,Conflict,Trained,HK,2,DG,trained conflict,,,,7/2/15,,MK,RMH,300,250,Centered on cell layer,,
Training + Conflict,15-142A,Good,NG,15-142B,Conflict,Trained,HL,1,DG,trained conflict,,,,7/2/15,,MK,RMH,300,250,Centered on cell layer,,
Training + Conflict,15-142A,Good,NG,15-142B,Conflict,Trained,HM,1,CA1,trained conflict,,,,7/2/15,,MK,RMH,300,250,Centered on cell layer,,
Training + Conflict,15-142A,Good,NG,15-142B,Conflict,Trained,HN,2,CA1,trained conflict,,,,7/2/15,,MK,RMH,300,250,Centered on cell layer,,
Training + Conflict,15-142A,Good,NG,15-142B,Conflict,Trained,HO,3,CA1,trained conflict,,,,7/2/15,,MK,RMH,300,250,Centered on cell layer,,
Training + Conflict,15-142A,Good,NG,15-142B,Conflict,Trained,HP,4,CA1,trained conflict,,,,7/2/15,,MK,RMH,300,250,Centered on cell layer,,
Training + Conflict,15-142A,Good,NG,15-142B,Conflict,Trained,HQ,4,CA3,trained conflict,,,,7/2/15,,MK,RMH,300,250,Centered on cell layer,,
Training + Conflict,15-142A,Good,NG,15-142B,Conflict,Trained,HR,3,CA3,trained conflict,,,,7/2/15,,MK,RMH,300,250,Centered on cell layer,,
Training + Conflict,15-142A,Good,NG,15-142B,Conflict,Trained,HS,2,CA3,trained conflict,,,,7/2/15,,MK,RMH,300,250,Centered on cell layer,,
Training + Conflict,15-142A,Good,NG,15-142B,Conflict,Trained,HT,1,CA3,trained conflict,,,,7/2/15,,MK,RMH,300,250,Centered on cell layer,,
Training + Conflict,15-142A,Good,NG,15-142B,Conflict,Trained,HU,1,CA2,trained conflict,,,,7/2/15,,MK,RMH,300,250,Centered on cell layer,,
Training + Conflict,15-142A,Good,NG,15-142B,Conflict,Trained,HV,3,CA2,trained conflict,,,,7/2/15,,MK,RMH,300,250,Centered on cell layer,,
Training + Training,15-142C,Good,NG,15-142D,NoConflict,Trained,HF 2,1,DG,trained,slice photos,,,7/6/15,,MK,RMH,300,250,Centered on cell layer,,
Training + Training,15-142C,Good,NG,15-142D,NoConflict,Trained,HG 2,2,DG,trained,slice photos,,,7/6/15,,MK,RMH,300,250,Centered on cell layer,,
Training + Training,15-142C,Good,NG,15-142D,NoConflict,Trained,HH 2,3,DG,trained,slice photos,,,7/6/15,,MK,RMH,300,250,SORT OF ABOVE CELL LAYER,,
Training + Training,15-142C,Good,NG,15-142D,NoConflict,Trained,HI 2,3,DG,trained,slice photos,,,7/6/15,,MK,RMH,300,250,CELL LAYER AND BELOW,,
Training + Training,15-142C,Good,NG,15-142D,NoConflict,Trained,HJ 2,4,DG,trained,slice photos,,,7/6/15,,MK,RMH,300,250,Centered on cell layer,,
Training + Training,15-142C,Good,NG,15-142D,NoConflict,Trained,HK 2,4,CA1,trained,slice photos,,,7/6/15,,MK,RMH,300,250,Centered on cell layer,,
Training + Training,15-142C,Good,NG,15-142D,NoConflict,Trained,HL 2,3,CA1,trained,slice photos,,,7/6/15,,MK,RMH,300,250,Centered on cell layer,,
Training + Training,15-142C,Good,NG,15-142D,NoConflict,Trained,HM 2,2,CA1,trained,slice photos,,,7/6/15,,MK,RMH,300,250,Centered on cell layer,,
Training + Training,15-142C,Good,NG,15-142D,NoConflict,Trained,HN 2,1,CA1,trained,slice photos,,,7/6/15,,MK,RMH,300,250,Centered on cell layer,,
Training + Training,15-142C,Good,NG,15-142D,NoConflict,Trained,HO 2,3,CA4,trained,slice photos,,,7/6/15,,MK,RMH,300,250,Centered on cell layer,,
Training + Training,15-142C,Good,NG,15-142D,NoConflict,Trained,HP 2,4,CA4,trained,slice photos,,,7/6/15,,MK,RMH,300,250,Centered on cell layer,,
Training + Training,15-142C,Good,NG,15-142D,NoConflict,Trained,HQ 2,4,CA3,trained,slice photos,,,7/6/15,,MK,RMH,300,250,Centered on cell layer,,
Training + Training,15-142C,Good,NG,15-142D,NoConflict,Trained,HR 2,3,CA3,trained,slice photos,,,7/6/15,,MK,RMH,300,250,Centered on cell layer,,
Training + Training,15-142C,Good,NG,15-142D,NoConflict,Trained,HS 2,3,CA2,trained,slice photos,,PHOTOS,7/6/15,,MK,RMH,300,250,Centered on cell layer,,
Training + Training,15-142C,Good,NG,15-142D,NoConflict,Trained,HT 2,4,CA2,trained,slice photos,,PHOTOS,7/6/15,,MK,RMH,300,250,Centered on cell layer,,
Yoked + Conflict,15-142B,Good,NG,15-142A,Conflict,Yoked,HW,2,CA1,yoked to conflict,,,,7/2/15,,MK,RMH,300,250,Centered on cell layer,,
Yoked + Conflict,15-142B,Good,NG,15-142A,Conflict,Yoked,HX,3,DG,yoked to conflict,,,,7/2/15,,MK,RMH,300,250,Centered on cell layer,,
Yoked + Conflict,15-142B,Good,NG,15-142A,Conflict,Yoked,HY,2,CA1,yoked to conflict,,,,7/2/15,,MK,RMH,300,250,Centered on cell layer,,
Yoked + Conflict,15-142B,Good,NG,15-142A,Conflict,Yoked,HZ,1,CA1,yoked to conflict,,,,7/2/15,,MK,RMH,300,250,Centered on cell layer,,
Yoked + Conflict,15-142B,Good,NG,15-142A,Conflict,Yoked,IA,1,CA2,yoked to conflict,,,,7/2/15,,MK,RMH,300,250,Centered on cell layer,,
Yoked + Conflict,15-142B,Good,NG,15-142A,Conflict,Yoked,IB,4,CA1,yoked to conflict,,,,7/2/15,,MK,RMH,300,250,Centered on cell layer,,
Yoked + Conflict,15-142B,Good,NG,15-142A,Conflict,Yoked,IC,4,CA2,yoked to conflict,,,,7/2/15,,MK,RMH,300,250,Centered on cell layer,,
Yoked + Conflict,15-142B,Good,NG,15-142A,Conflict,Yoked,ID,4,CA3,yoked to conflict,,,,7/2/15,,MK,RMH,300,250,Centered on cell layer,,
Yoked + Conflict,15-142B,Good,NG,15-142A,Conflict,Yoked,IE,1,CA3,yoked to conflict,,,,7/2/15,,MK,RMH,300,250,Centered on cell layer,,
Yoked + Conflict,15-142B,Good,NG,15-142A,Conflict,Yoked,IF,2,CA3,yoked to conflict,,,,7/2/15,,MK,RMH,300,250,Centered on cell layer,,
Yoked + Conflict,15-142B,Good,NG,15-142A,Conflict,Yoked,IG,3,CA3,yoked to conflict,,,,7/2/15,,MK,RMH,300,250,Centered on cell layer,,
Yoked + Conflict,15-142B,Good,NG,15-142A,Conflict,Yoked,IH,4,other,yoked to conflict,,,CA3 CA4,7/2/15,,MK,RMH,300,250,Centered on cell layer,,
Yoked + Conflict,15-142B,Good,NG,15-142A,Conflict,Yoked,II,1,CA4,yoked to conflict,,,,7/2/15,,MK,RMH,300,250,Centered on cell layer,,
Yoked + Conflict,15-142B,Good,NG,15-142A,Conflict,Yoked,IJ,2,CA4,yoked to conflict,,,,7/2/15,,MK,RMH,300,250,Centered on cell layer,,
Yoked + Conflict,15-142B,Good,NG,15-142A,Conflict,Yoked,IK,3,CA4,yoked to conflict,,,,7/2/15,,MK,RMH,300,250,Centered on cell layer,,
Yoked + Conflict,15-142B,Good,NG,15-142A,Conflict,Yoked,IL,4,DG,yoked to conflict,,,,7/2/15,,MK,RMH,300,250,Centered on cell layer,,
Yoked + Conflict,15-142B,Good,NG,15-142A,Conflict,Yoked,IM,1,DG,yoked to conflict,,,,7/2/15,,MK,RMH,300,250,Centered on cell layer,,
Yoked + Conflict,15-142B,Good,NG,15-142A,Conflict,Yoked,IN,2,DG,yoked to conflict,,,,7/2/15,,MK,RMH,300,250,Centered on cell layer,,
Yoked + Training,15--142D,Good,NG,15-142C,NoConflict,Yoked,NA,NA,NA,NA,NA,NA,NA,NA,NA,NA,NA,NA,NA,NA,NA,NA
Training + Conflict,15-140A,Good,No,15-140B,Conflict,Trained,DP,1,DG,mouse not used for ephys,,,,6/18/15,,MK,RMH,300,250,outside cell body,6/19/15,RMH
Training + Conflict,15-140A,Good,No,15-140B,Conflict,Trained,DQ,1,CA1,mouse not used for ephys,,,,6/18/15,,MK,RMH,300,250,outside cell body,6/28/15,RMH
Training + Conflict,15-140A,Good,No,15-140B,Conflict,Trained,DR,1,CA3,mouse not used for ephys,,,,6/18/15,,MK,RMH,300,250,outside cell body,6/19/15,RMH
Training + Conflict,15-140A,Good,No,15-140B,Conflict,Trained,DS,1,CA2,mouse not used for ephys,,,,6/18/15,,MK,RMH,300,250,outside cell body,6/19/15,RMH
Training + Conflict,15-140A,Good,No,15-140B,Conflict,Trained,DT,2,DG,mouse not used for ephys,,,,6/18/15,,MK,RMH,300,250,outside cell body,6/19/15,RMH
Training + Conflict,15-140A,Good,No,15-140B,Conflict,Trained,DU,3,DG,mouse not used for ephys,,,,6/18/15,,MK,RMH,300,250,outside cell body,6/19/15,RMH
Training + Conflict,15-140A,Good,No,15-140B,Conflict,Trained,DV,3,CA1,mouse not used for ephys,,,,6/18/15,,MK,RMH,300,250,outside cell body,6/19/15,RMH
Training + Conflict,15-140A,Good,No,15-140B,Conflict,Trained,DX,2,CA1,mouse not used for ephys,,,,6/18/15,,MK,RMH,300,250,outside cell body,6/19/15,RMH
Training + Conflict,15-140A,Good,No,15-140B,Conflict,Trained,DY,2,CA3,mouse not used for ephys,,,,6/18/15,,MK,RMH,300,250,outside cell body,6/28/15,RMH
Training + Conflict,15-140A,Good,No,15-140B,Conflict,Trained,DZ,3,CA3,mouse not used for ephys,,,,6/18/15,,MK,RMH,300,250,outside cell body,6/19/15,RMH
Training + Conflict,15-140A,Good,No,15-140B,Conflict,Trained,EA,3,CA2,mouse not used for ephys,,,,6/18/15,,MK,RMH,300,250,outside cell body,6/19/15,RMH
Training + Conflict,15-140A,Good,No,15-140B,Conflict,Trained,EB,2,CA2,mouse not used for ephys,,,,6/18/15,,MK,RMH,300,250,outside cell body,6/28/15,RMH
Training + Conflict,15-141A,Bad,No,15-141B,Conflict,Trained,NA,NA,NA,NA,NA,NA,NA,NA,NA,NA,NA,NA,NA,NA,NA,NA
Training + Training,15-140C,Good,No,15-140D,NoConflict,Trained,ET,1,DG,trained,,,,6/19/15,,MK,RMH,300,250,outside cell body,8/24/15,RMH
Training + Training,15-140C,Good,No,15-140D,NoConflict,Trained,EU,2,DG,trained,,,,6/19/15,,MK,RMH,300,250,outside cell body,8/31/15,BK
Training + Training,15-140C,Good,No,15-140D,NoConflict,Trained,EV,3,DG,trained,,slice three is best,,6/19/15,,MK,RMH,300,250,outside cell body,8/31/15,BK
Training + Training,15-140C,Good,No,15-140D,NoConflict,Trained,EW,3,CA1,trained,,slice three is best,,6/19/15,,MK,RMH,300,250,outside cell body,8/31/15,
Training + Training,15-140C,Good,No,15-140D,NoConflict,Trained,EX,2,CA1,trained,,,,6/19/15,,MK,RMH,300,250,outside cell body,8/31/15,BK
Training + Training,15-140C,Good,No,15-140D,NoConflict,Trained,EY,1,CA1,trained,,,,6/19/15,,MK,RMH,300,250,outside cell body,8/24/15,RMH
Training + Training,15-140C,Good,No,15-140D,NoConflict,Trained,EZ,1,CA3,trained,,,,6/19/15,,MK,RMH,300,250,outside cell body,8/24/15,RMH
Training + Training,15-140C,Good,No,15-140D,NoConflict,Trained,FA,2,CA3,trained,,,,6/19/15,,MK,RMH,300,250,outside cell body,8/31/15,BK
Training + Training,15-140C,Good,No,15-140D,NoConflict,Trained,FB,3,CA3,trained,,slice three is best,,6/19/15,,MK,RMH,300,250,outside cell body,8/31/15,BK
Training + Training,15-140C,Good,No,15-140D,NoConflict,Trained,FC,3,CA2,trained,,slice three is best,,6/19/15,,MK,RMH,300,250,outside cell body,,BK
Training + Training,15-140C,Good,No,15-140D,NoConflict,Trained,FD,2,CA2,trained,,,,6/19/15,,MK,RMH,300,250,outside cell body,,BK
Training + Training,15-140C,Good,No,15-140D,NoConflict,Trained,FE,1,CA2,trained,,,,6/19/15,,MK,RMH,300,250,outside cell body,8/24/15,RMH
Training + Training,15-141C,Bad,No,15-141D,NoConflict,Trained,FR,1,CA4,trained,,,NEW COLLECTION METHOD!!,6/26/15,,MK,RMH,300,250,Centered on cell layer,,
Training + Training,15-141C,Bad,No,15-141D,NoConflict,Trained,FS,2,CA4,trained,,,NEW COLLECTION METHOD!!,6/26/15,,MK,RMH,300,250,Centered on cell layer,,
Training + Training,15-141C,Bad,No,15-141D,NoConflict,Trained,FT,2,CA3,trained,,,NEW COLLECTION METHOD!!,6/26/15,,MK,RMH,300,250,Centered on cell layer,,
Training + Training,15-141C,Bad,No,15-141D,NoConflict,Trained,FU,2,CA3,trained,,,NEW COLLECTION METHOD!!,6/26/15,,MK,RMH,300,250,Centered on cell layer,,
Training + Training,15-141C,Bad,No,15-141D,NoConflict,Trained,FV,1,CA3,trained,,,NEW COLLECTION METHOD!!,6/26/15,,MK,RMH,300,250,Centered on cell layer,,
Training + Training,15-141C,Bad,No,15-141D,NoConflict,Trained,FW,1,DG,trained,,,NEW COLLECTION METHOD!!,6/26/15,,MK,RMH,300,250,Centered on cell layer,,
Training + Training,15-141C,Bad,No,15-141D,NoConflict,Trained,FY,2,DG,trained,,,NEW COLLECTION METHOD!!,6/26/15,,MK,RMH,300,250,Centered on cell layer,,
Training + Training,15-141C,Bad,No,15-141D,NoConflict,Trained,FZ,2,CA2,trained,,,NEW COLLECTION METHOD!!,6/26/15,,MK,RMH,300,250,Centered on cell layer,,
Training + Training,15-141C,Bad,No,15-141D,NoConflict,Trained,GA,1,CA2,trained,,,NEW COLLECTION METHOD!!,6/26/15,,MK,RMH,300,250,Centered on cell layer,,
Training + Training,15-141C,Bad,No,15-141D,NoConflict,Trained,GB,1,CA1,trained,,,. NEW COLLECTION METHOD!! Dried out,6/26/15,,MK,RMH,300,250,Centered on cell layer,,
Training + Training,15-141C,Bad,No,15-141D,NoConflict,Trained,GC,2,CA1,trained,,,. NEW COLLECTION METHOD!! Dried out,6/26/15,,MK,RMH,300,250,Centered on cell layer,,
Yoked + Conflict,15-140B,Good,No,15-140A,Conflict,Yoked,EC,1,DG,yoked to conflict,,,,6/18/15,,MK,RMH,300,250,outside cell body,,
Yoked + Conflict,15-140B,Good,No,15-140A,Conflict,Yoked,ED,2,DG,yoked to conflict,,,,6/18/15,,MK,RMH,300,250,outside cell body,6/19/15,
Yoked + Conflict,15-140B,Good,No,15-140A,Conflict,Yoked,EF,3,DG,yoked to conflict,,,,6/18/15,,MK,RMH,300,250,outside cell body,,
Yoked + Conflict,15-140B,Good,No,15-140A,Conflict,Yoked,EG,4,DG,yoked to conflict,,,,6/18/15,,MK,RMH,300,250,outside cell body,,
Yoked + Conflict,15-140B,Good,No,15-140A,Conflict,Yoked,EH,4,CA1,yoked to conflict,,,,6/18/15,,MK,RMH,300,250,outside cell body,,
Yoked + Conflict,15-140B,Good,No,15-140A,Conflict,Yoked,EI,3,CA1,yoked to conflict,,,,6/18/15,,MK,RMH,300,250,outside cell body,,
Yoked + Conflict,15-140B,Good,No,15-140A,Conflict,Yoked,EJ,2,CA1,yoked to conflict,,,,6/18/15,,MK,RMH,300,250,outside cell body,,
Yoked + Conflict,15-140B,Good,No,15-140A,Conflict,Yoked,EK,1,CA1,yoked to conflict,,,,6/18/15,,MK,RMH,300,250,outside cell body,6/19/15,
Yoked + Conflict,15-140B,Good,No,15-140A,Conflict,Yoked,EL,2,CA3,yoked to conflict,,,,6/18/15,,MK,RMH,300,250,outside cell body,6/19/15,
Yoked + Conflict,15-140B,Good,No,15-140A,Conflict,Yoked,EM,1,CA3,yoked to conflict,,,,6/18/15,,MK,RMH,300,250,outside cell body,6/19/15,
Yoked + Conflict,15-140B,Good,No,15-140A,Conflict,Yoked,EN,3,CA3,yoked to conflict,,,,6/18/15,,MK,RMH,300,250,outside cell body,6/19/15,
Yoked + Conflict,15-140B,Good,No,15-140A,Conflict,Yoked,EO,4,CA3,yoked to conflict,,,,6/18/15,,MK,RMH,300,250,outside cell body,6/19/15,
Yoked + Conflict,15-140B,Good,No,15-140A,Conflict,Yoked,EP,4,CA2,yoked to conflict,,,,6/18/15,,MK,RMH,300,250,outside cell body,,
Yoked + Conflict,15-140B,Good,No,15-140A,Conflict,Yoked,EQ,3,CA2,yoked to conflict,,,,6/18/15,,MK,RMH,300,250,outside cell body,,
Yoked + Conflict,15-140B,Good,No,15-140A,Conflict,Yoked,ER,2,CA2,yoked to conflict,,,,6/18/15,,MK,RMH,300,250,outside cell body,6/19/15,
Yoked + Conflict,15-140B,Good,No,15-140A,Conflict,Yoked,ES,1,CA2,yoked to conflict,,,,6/18/15,,MK,RMH,300,250,outside cell body,,
Yoked + Conflict,15-141B,Bad,No,15-141A,Conflict,Yoked,NA,NA,NA,NA,NA,NA,NA,NA,NA,NA,NA,NA,NA,NA,NA,NA
Yoked + Training,15-140D,Good,No,15-140C,NoConflict,Yoked,FF,1,CA2,yoked to trained,,,,6/19/15,,MK,RMH,300,250,outside cell body,8/25/15,BK
Yoked + Training,15-140D,Good,No,15-140C,NoConflict,Yoked,FG,2,CA2,yoked to trained,,,,6/19/15,,MK,RMH,300,250,outside cell body,9/1/15,BK
Yoked + Training,15-140D,Good,No,15-140C,NoConflict,Yoked,FH,3,CA2,yoked to trained,,,,6/19/15,,MK,RMH,300,250,outside cell body,9/1/15,BK
Yoked + Training,15-140D,Good,No,15-140C,NoConflict,Yoked,FI,3,CA3,yoked to trained,,,,6/19/15,,MK,RMH,300,250,outside cell body,9/1/15,BK
Yoked + Training,15-140D,Good,No,15-140C,NoConflict,Yoked,FJ,2,CA3,yoked to trained,,,,6/19/15,,MK,RMH,300,250,outside cell body,9/1/15,BK
Yoked + Training,15-140D,Good,No,15-140C,NoConflict,Yoked,FK,1,CA3,yoked to trained,,,,6/19/15,,MK,RMH,300,250,outside cell body,8/25/15,BK
Yoked + Training,15-140D,Good,No,15-140C,NoConflict,Yoked,FL,1,CA1,yoked to trained,,,,6/19/15,,MK,RMH,300,250,outside cell body,8/25/15,BK
Yoked + Training,15-140D,Good,No,15-140C,NoConflict,Yoked,FM,2,CA1,yoked to trained,,,,6/19/15,,MK,RMH,300,250,outside cell body,9/1/15,BK
Yoked + Training,15-140D,Good,No,15-140C,NoConflict,Yoked,FN,3,CA1,yoked to trained,,,,6/19/15,,MK,RMH,300,250,outside cell body,9/1/15,BK
Yoked + Training,15-140D,Good,No,15-140C,NoConflict,Yoked,FO,3,DG,yoked to trained,,,,6/19/15,,MK,RMH,300,250,outside cell body,9/1/15,BK
Yoked + Training,15-140D,Good,No,15-140C,NoConflict,Yoked,FP,2,DG,yoked to trained,,,,6/19/15,,MK,RMH,300,250,outside cell body,9/1/15,BK
Yoked + Training,15-140D,Good,No,15-140C,NoConflict,Yoked,FQ,1,DG,yoked to trained,,,,6/19/15,,MK,RMH,300,250,outside cell body,8/25/15,BK
Yoked + Training,15-141D,Bad,No,15-141C,NoConflict,Yoked,GD,1,CA2,yoked to trained,,,,6/26/15,,MK,RMH,300,250,Centered on cell layer,,
Yoked + Training,15-141D,Bad,No,15-141C,NoConflict,Yoked,GE,2,CA2,yoked to trained,,,,6/26/15,,MK,RMH,300,250,Centered on cell layer,,
Yoked + Training,15-141D,Bad,No,15-141C,NoConflict,Yoked,GF,3,CA2,yoked to trained,,,,6/26/15,,MK,RMH,300,250,Centered on cell layer,,
Yoked + Training,15-141D,Bad,No,15-141C,NoConflict,Yoked,GG,3,CA1,yoked to trained,,,,6/26/15,,MK,RMH,300,250,Centered on cell layer,,
Yoked + Training,15-141D,Bad,No,15-141C,NoConflict,Yoked,GH,2,CA1,yoked to trained,,,,6/26/15,,MK,RMH,300,250,Centered on cell layer,,
Yoked + Training,15-141D,Bad,No,15-141C,NoConflict,Yoked,GI,1,CA1,yoked to trained,,,,6/26/15,,MK,RMH,300,250,Centered on cell layer,,
Yoked + Training,15-141D,Bad,No,15-141C,NoConflict,Yoked,GJ,1,CA4,yoked to trained,,,,6/26/15,,MK,RMH,300,250,Centered on cell layer,,
Yoked + Training,15-141D,Bad,No,15-141C,NoConflict,Yoked,GK,2,CA4,yoked to trained,,,,6/26/15,,MK,RMH,300,250,Centered on cell layer,,
Yoked + Training,15-141D,Bad,No,15-141C,NoConflict,Yoked,GL,3,CA4,yoked to trained,,,,6/26/15,,MK,RMH,300,250,Centered on cell layer,,
Yoked + Training,15-141D,Bad,No,15-141C,NoConflict,Yoked,GM,3,CA3,yoked to trained,,,,6/26/15,,MK,RMH,300,250,Centered on cell layer,,
Yoked + Training,15-141D,Bad,No,15-141C,NoConflict,Yoked,GN,2,CA3,yoked to trained,,,,6/26/15,,MK,RMH,300,250,Centered on cell layer,,
Yoked + Training,15-141D,Bad,No,15-141C,NoConflict,Yoked,GO,1,CA3,yoked to trained,,,,6/26/15,,MK,RMH,300,250,Centered on cell layer,,
Yoked + Training,15-141D,Bad,No,15-141C,NoConflict,Yoked,GP,1,DG,yoked to trained,,,,6/26/15,,MK,RMH,300,250,Centered on cell layer,,
Yoked + Training,15-141D,Bad,No,15-141C,NoConflict,Yoked,GQ,2,DG,yoked to trained,,,,6/26/15,,MK,RMH,300,250,Centered on cell layer,,
Yoked + Training,15-141D,Bad,No,15-141C,NoConflict,Yoked,GR,2,DG,yoked to trained,,,,6/26/15,,MK,RMH,300,250,Centered on cell layer,,
No Training,15-147,Cage,Yes,NA,Control,Control,VJ,1,CA1,homecage,slice photos,,,7/27/15,,MK,RMH,300,250,Centered on cell layer,,
No Training,15-147,Cage,Yes,NA,Control,Control,VK,2,CA1,homecage,slice photos,,,7/27/15,,MK,RMH,300,250,Centered on cell layer,,
No Training,15-147,Cage,Yes,NA,Control,Control,VL,3,CA1,homecage,slice photos,,,7/27/15,,MK,RMH,300,250,Centered on cell layer,,
No Training,15-147,Cage,Yes,NA,Control,Control,VM,4,CA1,homecage,slice photos,,,7/27/15,,MK,RMH,300,250,Centered on cell layer,,
No Training,15-147,Cage,Yes,NA,Control,Control,VN,1,DG,homecage,slice photos,,,7/27/15,,MK,RMH,300,250,Centered on cell layer,,
No Training,15-147,Cage,Yes,NA,Control,Control,VO,2,DG,homecage,slice photos,,,7/27/15,,MK,RMH,300,250,Centered on cell layer,,
No Training,15-147,Cage,Yes,NA,Control,Control,VP,3,DG,homecage,slice photos,,,7/27/15,,MK,RMH,300,250,Centered on cell layer,,
No Training,15-147,Cage,Yes,NA,Control,Control,VQ,4,DG,homecage,slice photos,,,7/27/15,,MK,RMH,300,250,Centered on cell layer,,
No Training,15-147,Cage,Yes,NA,Control,Control,VR,1,CA4,homecage,slice photos,,,7/27/15,,MK,RMH,300,250,Centered on cell layer,,
No Training,15-147,Cage,Yes,NA,Control,Control,VS,2,CA4,homecage,slice photos,,,7/27/15,,MK,RMH,300,250,Centered on cell layer,,
No Training,15-147,Cage,Yes,NA,Control,Control,VT,3,CA4,homecage,slice photos,,"has some DG, I think",7/27/15,,MK,RMH,300,250,Centered on cell layer,,
No Training,15-147,Cage,Yes,NA,Control,Control,VV,1,CA2,homecage,slice photos,,,7/27/15,,MK,RMH,300,250,Centered on cell layer,,
No Training,15-147,Cage,Yes,NA,Control,Control,VW,2,CA2,homecage,slice photos,,,7/27/15,,MK,RMH,300,250,Centered on cell layer,,
No Training,15-147,Cage,Yes,NA,Control,Control,VX,3,CA2,homecage,slice photos,,,7/27/15,,MK,RMH,300,250,Centered on cell layer,,
No Training,15-147,Cage,Yes,NA,Control,Control,VY,4,CA2,homecage,slice photos,,,7/27/15,,MK,RMH,300,250,Centered on cell layer,,
No Training,15-147,Cage,Yes,NA,Control,Control,VZ,1,CA3,homecage,slice photos,,,7/27/15,,MK,RMH,300,250,Centered on cell layer,,
No Training,15-147,Cage,Yes,NA,Control,Control,WA,2,CA3,homecage,slice photos,,no visual confirmation,7/27/15,,MK,RMH,300,250,Centered on cell layer,,
No Training,15-147,Cage,Yes,NA,Control,Control,WB,3,CA3,homecage,slice photos,,,7/27/15,,MK,RMH,300,250,Centered on cell layer,,
No Training,15-147,Cage,Yes,NA,Control,Control,WC,4,CA3,homecage,slice photos,,,7/27/15,,MK,RMH,300,250,Centered on cell layer,,
No Training,15-148,Cage,Yes,NA,Control,Control,WD,1,CA4,homecage,slice photos,,no visual confirmation,7/28/15,,MK,RMH,300,250,Centered on cell layer,,
No Training,15-148,Cage,Yes,NA,Control,Control,WE,2,CA4,homecage,slice photos,,,7/28/15,,MK,RMH,300,250,Centered on cell layer,,
No Training,15-148,Cage,Yes,NA,Control,Control,WF,3,CA4,homecage,slice photos,,no visual confirmation,7/28/15,,MK,RMH,300,250,Centered on cell layer,,
No Training,15-148,Cage,Yes,NA,Control,Control,WG,4,CA4,homecage,slice photos,,,7/28/15,,MK,RMH,300,250,Centered on cell layer,,
No Training,15-148,Cage,Yes,NA,Control,Control,WH,1,CA3,homecage,slice photos,,,7/28/15,,MK,RMH,300,250,Centered on cell layer,,
No Training,15-148,Cage,Yes,NA,Control,Control,WI,2,CA3,homecage,slice photos,,,7/28/15,,MK,RMH,300,250,Centered on cell layer,,
No Training,15-148,Cage,Yes,NA,Control,Control,WJ,3,CA3,homecage,slice photos,,,7/28/15,,MK,RMH,300,250,Centered on cell layer,,
No Training,15-148,Cage,Yes,NA,Control,Control,WK,4,CA3,homecage,slice photos,,,7/28/15,,MK,RMH,300,250,Centered on cell layer,,
No Training,15-148,Cage,Yes,NA,Control,Control,WM,1,CA2,homecage,slice photos,,,7/28/15,,MK,RMH,300,250,Centered on cell layer,,
No Training,15-148,Cage,Yes,NA,Control,Control,WN,2,CA2,homecage,slice photos,,,7/28/15,,MK,RMH,300,250,Centered on cell layer,,
No Training,15-148,Cage,Yes,NA,Control,Control,WO,3,CA2,homecage,slice photos,,,7/28/15,,MK,RMH,300,250,Centered on cell layer,,
No Training,15-148,Cage,Yes,NA,Control,Control,WP,4,CA2,homecage,slice photos,,,7/28/15,,MK,RMH,300,250,Centered on cell layer,,
No Training,15-148,Cage,Yes,NA,Control,Control,WQ,1,CA1,homecage,slice photos,,no visual confirmation,7/28/15,,MK,RMH,300,250,Centered on cell layer,,
No Training,15-148,Cage,Yes,NA,Control,Control,WR,1,CA1,homecage,slice photos,,2nd punch is a little to the right of first,7/28/15,,MK,RMH,300,250,Centered on cell layer,,
No Training,15-148,Cage,Yes,NA,Control,Control,WS,2,CA1,homecage,slice photos,,,7/28/15,,MK,RMH,300,250,Centered on cell layer,,
No Training,15-148,Cage,Yes,NA,Control,Control,WT,4,CA1,homecage,slice photos,,,7/28/15,,MK,RMH,300,250,Centered on cell layer,,
No Training,15-148,Cage,Yes,NA,Control,Control,WU,3,CA1,homecage,slice photos,,,7/28/15,,MK,RMH,300,250,Centered on cell layer,,
No Training,15-148,Cage,Yes,NA,Control,Control,WV,1,DG,homecage,slice photos,,no visual confirmation,7/28/15,,MK,RMH,300,250,Centered on cell layer,,
No Training,15-148,Cage,Yes,NA,Control,Control,WW,2,DG,homecage,slice photos,,,7/28/15,,MK,RMH,300,250,Centered on cell layer,,
No Training,15-148,Cage,Yes,NA,Control,Control,WX,3,DG,homecage,slice photos,,no visual confirmation,7/28/15,,MK,RMH,300,250,Centered on cell layer,,
No Training,15-148,Cage,Yes,NA,Control,Control,WY,4,DG,homecage,slice photos,,,7/28/15,,MK,RMH,300,250,Centered on cell layer,,
No Training,15-148,Cage,Yes,NA,Control,Control,WZ,2,Pr,homecage,slice photos,,,7/28/15,,MK,RMH,300,250,Centered on cell layer,,
No Training,15-148,Cage,Yes,NA,Control,Control,XA,3,Pr,homecage,slice photos,,,7/28/15,,MK,RMH,300,250,Centered on cell layer,,
No Training,15-148,Cage,Yes,NA,Control,Control,XB,4,Pr,homecage,slice photos,,,7/28/15,,MK,RMH,300,250,Centered on cell layer,,
Training + Conflict,15-143A,Good,Yes,15-143B,Conflict,Trained,JD,1,CA4,trained conflict,,,,7/9/15,,MK,RMH,350,250,Centered on cell layer,,
Training + Conflict,15-143A,Good,Yes,15-143B,Conflict,Trained,JE,2,CA4,trained conflict,,,,7/9/15,,MK,RMH,350,250,Centered on cell layer,,
Training + Conflict,15-143A,Good,Yes,15-143B,Conflict,Trained,JF,2,CA3,trained conflict,,,,7/9/15,,MK,RMH,350,250,Centered on cell layer,,
Training + Conflict,15-143A,Good,Yes,15-143B,Conflict,Trained,JG,1,CA3,trained conflict,,,,7/9/15,,MK,RMH,350,250,Centered on cell layer,,
Training + Conflict,15-143A,Good,Yes,15-143B,Conflict,Trained,JH,1,DG,trained conflict,,,,7/9/15,,MK,RMH,350,250,Centered on cell layer,,
Training + Conflict,15-143A,Good,Yes,15-143B,Conflict,Trained,JI,2,DG,trained conflict,,,,7/9/15,,MK,RMH,350,250,Centered on cell layer,,
Training + Conflict,15-143A,Good,Yes,15-143B,Conflict,Trained,JJ,1,CA1,trained conflict,,,,7/9/15,,MK,RMH,350,250,Centered on cell layer,,
Training + Conflict,15-143A,Good,Yes,15-143B,Conflict,Trained,JK,2,CA1,trained conflict,,,,7/9/15,,MK,RMH,350,250,Centered on cell layer,,
Training + Conflict,15-143A,Good,Yes,15-143B,Conflict,Trained,JL,2,CA2,trained conflict,,,,7/9/15,,MK,RMH,350,250,Centered on cell layer,,
Training + Conflict,15-143A,Good,Yes,15-143B,Conflict,Trained,JM,1,CA2,trained conflict,,,,7/9/15,,MK,RMH,350,250,Centered on cell layer,,
Training + Conflict,15-144A,Good,Yes,15-144B,Conflict,Trained,NA,NA,NA,NA,NA,NA,NA,NA,NA,NA,NA,NA,NA,NA,NA,NA
Training + Conflict,15-145A,Good,Yes,15-145B,Conflict,Trained,NV,1,CA3,trained conflict,,,collected 3.5 hours late!!!! Slice recovering for very long time,7/18/15,,MK,RMH,300,250,Centered on cell layer,,
Training + Conflict,15-145A,Good,Yes,15-145B,Conflict,Trained,NX,2,CA3,trained conflict,,,collected 3.5 hours late!!!! Slice recovering for very long time,7/18/15,,MK,RMH,300,250,Centered on cell layer,,
Training + Conflict,15-145A,Good,Yes,15-145B,Conflict,Trained,NY,3,CA3,trained conflict,,,collected 3.5 hours late!!!! Slice recovering for very long time,7/18/15,,MK,RMH,300,250,Centered on cell layer,,
Training + Conflict,15-145A,Good,Yes,15-145B,Conflict,Trained,NZ,1,DG,trained conflict,,,no visual confirmation of punch,7/18/15,,MK,RMH,300,250,Centered on cell layer,,
Training + Conflict,15-145A,Good,Yes,15-145B,Conflict,Trained,OA,2,DG,trained conflict,,,collected 3.5 hours late!!!! Slice recovering for very long time,7/18/15,,MK,RMH,300,250,Centered on cell layer,,
Training + Conflict,15-145A,Good,Yes,15-145B,Conflict,Trained,OB,3,DG,trained conflict,,,collected 3.5 hours late!!!! Slice recovering for very long time,7/18/15,,MK,RMH,300,250,Centered on cell layer,,
Training + Conflict,15-145A,Good,Yes,15-145B,Conflict,Trained,OC,1,CA1,trained conflict,,,collected 3.5 hours late!!!! Slice recovering for very long time,7/18/15,,MK,RMH,300,250,Centered on cell layer,,
Training + Conflict,15-145A,Good,Yes,15-145B,Conflict,Trained,OD,2,CA1,trained conflict,,,collected 3.5 hours late!!!! Slice recovering for very long time,7/18/15,,MK,RMH,300,250,Centered on cell layer,,
Training + Conflict,15-145A,Good,Yes,15-145B,Conflict,Trained,OE,3,CA1,trained conflict,,,collected 3.5 hours late!!!! Slice recovering for very long time,7/18/15,,MK,RMH,300,250,Centered on cell layer,,
Training + Conflict,15-145A,Good,Yes,15-145B,Conflict,Trained,OF,1,CA4,trained conflict,,,no visual confirmation of punch,7/18/15,,MK,RMH,300,250,Centered on cell layer,,
Training + Conflict,15-145A,Good,Yes,15-145B,Conflict,Trained,OG,2,CA4,trained conflict,,,collected 3.5 hours late!!!! Slice recovering for very long time,7/18/15,,MK,RMH,300,250,Centered on cell layer,,
Training + Conflict,15-145A,Good,Yes,15-145B,Conflict,Trained,OH,3,CA4,trained conflict,,,collected 3.5 hours late!!!! Slice recovering for very long time,7/18/15,,MK,RMH,300,250,Centered on cell layer,,
Training + Conflict,15-145A,Good,Yes,15-145B,Conflict,Trained,OI,1,CA2,trained conflict,,,collected 3.5 hours late!!!! Slice recovering for very long time,7/18/15,,MK,RMH,300,250,Centered on cell layer,,
Training + Conflict,15-145A,Good,Yes,15-145B,Conflict,Trained,OJ,2,CA2,trained conflict,,,collected 3.5 hours late!!!! Slice recovering for very long time,7/18/15,,MK,RMH,300,250,Centered on cell layer,,
Training + Conflict,15-145A,Good,Yes,15-145B,Conflict,Trained,OK,3,CA2,trained conflict,,,collected 3.5 hours late!!!! Slice recovering for very long time,7/18/15,,MK,RMH,300,250,Centered on cell layer,,
Training + Conflict,15-146A,Good,Yes,15-146B,Conflict,Trained,RI,1,DG,trained conflict,slice photos,,photos,7/23/15,4:30,MK,RMH,300,250,Centered on cell layer,,
Training + Conflict,15-146A,Good,Yes,15-146B,Conflict,Trained,RJ,2,DG,trained conflict,slice photos,,photos,7/23/15,4:30,MK,RMH,300,250,Centered on cell layer,,
Training + Conflict,15-146A,Good,Yes,15-146B,Conflict,Trained,RK,3,DG,trained conflict,slice photos,,partial punch,7/23/15,4:30,MK,RMH,300,250,Centered on cell layer,,
Training + Conflict,15-146A,Good,Yes,15-146B,Conflict,Trained,RL,1,CA3,trained conflict,slice photos,,,7/23/15,4:30,MK,RMH,300,250,Centered on cell layer,,
Training + Conflict,15-146A,Good,Yes,15-146B,Conflict,Trained,RM,2,CA3,trained conflict,slice photos,,,7/23/15,4:30,MK,RMH,300,250,Centered on cell layer,,
Training + Conflict,15-146A,Good,Yes,15-146B,Conflict,Trained,RN,3,CA3,trained conflict,slice photos,,,7/23/15,4:30,MK,RMH,300,250,Centered on cell layer,,
Training + Conflict,15-146A,Good,Yes,15-146B,Conflict,Trained,RO,1,CA2,trained conflict,slice photos,,,7/23/15,4:30,MK,RMH,300,250,Centered on cell layer,,
Training + Conflict,15-146A,Good,Yes,15-146B,Conflict,Trained,RP,2,CA2,trained conflict,slice photos,,,7/23/15,4:30,MK,RMH,300,250,Centered on cell layer,,
Training + Conflict,15-146A,Good,Yes,15-146B,Conflict,Trained,RQ,3,CA2,trained conflict,slice photos,,,7/23/15,4:30,MK,RMH,300,250,Centered on cell layer,,
Training + Conflict,15-146A,Good,Yes,15-146B,Conflict,Trained,RR,1,CA1,trained conflict,slice photos,,,7/23/15,4:30,MK,RMH,300,250,Centered on cell layer,,
Training + Conflict,15-146A,Good,Yes,15-146B,Conflict,Trained,RS,2,CA1,trained conflict,slice photos,,,7/23/15,4:30,MK,RMH,300,250,Centered on cell layer,,
Training + Conflict,15-146A,Good,Yes,15-146B,Conflict,Trained,RT,3,CA1,trained conflict,slice photos,,,7/23/15,4:30,MK,RMH,300,250,Centered on cell layer,,
Training + Conflict,15-146A,Good,Yes,15-146B,Conflict,Trained,RU,1,CA4,trained conflict,slice photos,,,7/23/15,4:30,MK,RMH,300,250,Centered on cell layer,,
Training + Conflict,15-146A,Good,Yes,15-146B,Conflict,Trained,RV,2,CA4,trained conflict,slice photos,,,7/23/15,4:30,MK,RMH,300,250,Centered on cell layer,,
Training + Conflict,15-146A,Good,Yes,15-146B,Conflict,Trained,RW,3,CA4,trained conflict,slice photos,,,7/23/15,4:30,MK,RMH,300,250,Centered on cell layer,,
Training + Conflict,15-147A,OK,Yes,15-147B,Conflict,Trained,TM,1,CA1,trained conflict,slice photos,,,7/25/15,10:30,MK,RMH,300,250,Centered on cell layer,,
Training + Conflict,15-147A,OK,Yes,15-147B,Conflict,Trained,TN,2,CA1,trained conflict,slice photos,,,7/25/15,10:30,MK,RMH,300,250,Centered on cell layer,,
Training + Conflict,15-147A,OK,Yes,15-147B,Conflict,Trained,TO,3,CA1,trained conflict,slice photos,,,7/25/15,10:30,MK,RMH,300,250,Centered on cell layer,,
Training + Conflict,15-147A,OK,Yes,15-147B,Conflict,Trained,TP,4,CA1,trained conflict,slice photos,,no visual confirmation (maybe too much light to see),7/25/15,10:30,MK,RMH,300,250,Centered on cell layer,,
Training + Conflict,15-147A,OK,Yes,15-147B,Conflict,Trained,TQ,1,DG,trained conflict,slice photos,,no visual confirmation (maybe too much light to see),7/25/15,10:30,MK,RMH,300,250,Centered on cell layer,,
Training + Conflict,15-147A,OK,Yes,15-147B,Conflict,Trained,TR,2,DG,trained conflict,slice photos,,no visual confirmation (maybe too much light to see),7/25/15,10:30,MK,RMH,300,250,Centered on cell layer,,
Training + Conflict,15-147A,OK,Yes,15-147B,Conflict,Trained,TS,3,DG,trained conflict,slice photos,,no visual confirmation (maybe too much light to see),7/25/15,10:30,MK,RMH,300,250,Centered on cell layer,,
Training + Conflict,15-147A,OK,Yes,15-147B,Conflict,Trained,TU,4,DG,trained conflict,slice photos,,no visual confirmation (maybe too much light to see),7/25/15,10:30,MK,RMH,300,250,Centered on cell layer,,
Training + Conflict,15-147A,OK,Yes,15-147B,Conflict,Trained,TV,1,CA4,trained conflict,slice photos,,no visual confirmation (maybe too much light to see),7/25/15,10:30,MK,RMH,300,250,Centered on cell layer,,
Training + Conflict,15-147A,OK,Yes,15-147B,Conflict,Trained,TW,2,CA4,trained conflict,slice photos,,no visual confirmation (maybe too much light to see),7/25/15,10:30,MK,RMH,300,250,Centered on cell layer,,
Training + Conflict,15-147A,OK,Yes,15-147B,Conflict,Trained,TX,3,CA4,trained conflict,slice photos,,no visual confirmation (maybe too much light to see),7/25/15,10:30,MK,RMH,300,250,Centered on cell layer,,
Training + Conflict,15-147A,OK,Yes,15-147B,Conflict,Trained,TY,4,CA4,trained conflict,slice photos,,mangled it!!,7/25/15,10:30,MK,RMH,300,250,Centered on cell layer,,
Training + Conflict,15-147A,OK,Yes,15-147B,Conflict,Trained,TZ,1,CA3,trained conflict,slice photos,,,7/25/15,10:30,MK,RMH,300,250,Centered on cell layer,,
Training + Conflict,15-147A,OK,Yes,15-147B,Conflict,Trained,UA,2,CA3,trained conflict,slice photos,,,7/25/15,10:30,MK,RMH,300,250,Centered on cell layer,,
Training + Conflict,15-147A,OK,Yes,15-147B,Conflict,Trained,UB,3,CA3,trained conflict,slice photos,,no visual confirmation (maybe too much light to see),7/25/15,10:30,MK,RMH,300,250,Centered on cell layer,,
Training + Conflict,15-147A,OK,Yes,15-147B,Conflict,Trained,UC,4,CA3,trained conflict,slice photos,,no visual confirmation (maybe too much light to see),7/25/15,10:30,MK,RMH,300,250,Centered on cell layer,,
Training + Conflict,15-147A,OK,Yes,15-147B,Conflict,Trained,UD,1,CA2,trained conflict,slice photos,,no visual confirmation (maybe too much light to see),7/25/15,10:30,MK,RMH,300,250,Centered on cell layer,,
Training + Conflict,15-147A,OK,Yes,15-147B,Conflict,Trained,UE,2,CA2,trained conflict,slice photos,,no visual confirmation (maybe too much light to see),7/25/15,10:30,MK,RMH,300,250,Centered on cell layer,,
Training + Conflict,15-147A,OK,Yes,15-147B,Conflict,Trained,UF,3,CA2,trained conflict,slice photos,,no visual confirmation (maybe too much light to see),7/25/15,10:30,MK,RMH,300,250,Centered on cell layer,,
Training + Conflict,15-147A,OK,Yes,15-147B,Conflict,Trained,UG,4,CA2,trained conflict,slice photos,,no visual confirmation (maybe too much light to see),7/25/15,10:30,MK,RMH,300,250,Centered on cell layer,,
Training + Conflict,15-148A,Good,Yes,15-148B,Conflict,Trained,ZF,1,CA4,trained conflict,slice photos,,,7/30/15,,MK,RMH,300,250,Centered on cell layer,,
Training + Conflict,15-148A,Good,Yes,15-148B,Conflict,Trained,ZG,2,CA4,trained conflict,slice photos,,,7/30/15,,MK,RMH,300,250,Centered on cell layer,,
Training + Conflict,15-148A,Good,Yes,15-148B,Conflict,Trained,ZH,3,CA4,trained conflict,slice photos,,,7/30/15,,MK,RMH,300,250,Centered on cell layer,,
Training + Conflict,15-148A,Good,Yes,15-148B,Conflict,Trained,ZI,1,CA2,trained conflict,slice photos,,,7/30/15,,MK,RMH,300,250,Centered on cell layer,,
Training + Conflict,15-148A,Good,Yes,15-148B,Conflict,Trained,ZJ,2,CA2,trained conflict,slice photos,,,7/30/15,,MK,RMH,300,250,Centered on cell layer,,
Training + Conflict,15-148A,Good,Yes,15-148B,Conflict,Trained,ZK,3,CA2,trained conflict,slice photos,,,7/30/15,,MK,RMH,300,250,Centered on cell layer,,
Training + Conflict,15-148A,Good,Yes,15-148B,Conflict,Trained,ZL,1,CA3,trained conflict,slice photos,,,7/30/15,,MK,RMH,300,250,Centered on cell layer,,
Training + Conflict,15-148A,Good,Yes,15-148B,Conflict,Trained,ZM,2,CA3,trained conflict,slice photos,,,7/30/15,,MK,RMH,300,250,Centered on cell layer,,
Training + Conflict,15-148A,Good,Yes,15-148B,Conflict,Trained,ZN,3,CA3,trained conflict,slice photos,,,7/30/15,,MK,RMH,300,250,Centered on cell layer,,
Training + Conflict,15-148A,Good,Yes,15-148B,Conflict,Trained,ZO,1,DG,trained conflict,slice photos,,,7/30/15,,MK,RMH,300,250,Centered on cell layer,,
Training + Conflict,15-148A,Good,Yes,15-148B,Conflict,Trained,ZP,2,DG,trained conflict,slice photos,,,7/30/15,,MK,RMH,300,250,Centered on cell layer,,
Training + Conflict,15-148A,Good,Yes,15-148B,Conflict,Trained,AAA,3,DG,trained conflict,slice photos,,,7/30/15,,MK,RMH,300,250,Centered on cell layer,,
Training + Conflict,15-148A,Good,Yes,15-148B,Conflict,Trained,AAB,1,CA1,trained conflict,slice photos,,,7/30/15,,MK,RMH,300,250,Centered on cell layer,,
Training + Conflict,15-148A,Good,Yes,15-148B,Conflict,Trained,AAC,2,CA1,trained conflict,slice photos,,,7/30/15,,MK,RMH,300,250,Centered on cell layer,,
Training + Conflict,15-148A,Good,Yes,15-148B,Conflict,Trained,AAD,3,CA1,trained conflict,slice photos,,,7/30/15,,MK,RMH,300,250,Centered on cell layer,,
Training + Training,15-148C,OK,Yes,15-148D,NoConflict,Trained,ABN,1,CA2,trained,slice photos,,,7/31/15,,MK,RMH,300,250,Centered on cell layer,,
Training + Training,15-148C,OK,Yes,15-148D,NoConflict,Trained,ABO,2,CA2,trained,slice photos,,,7/31/15,,MK,RMH,300,250,Centered on cell layer,,
Training + Training,15-148C,OK,Yes,15-148D,NoConflict,Trained,ABP,3,CA2,trained,slice photos,,,7/31/15,,MK,RMH,300,250,Centered on cell layer,,
Training + Training,15-148C,OK,Yes,15-148D,NoConflict,Trained,ABQ,4,CA2,trained,slice photos,,,7/31/15,,MK,RMH,300,250,Centered on cell layer,,
Training + Training,15-148C,OK,Yes,15-148D,NoConflict,Trained,ABR,1,CA4,trained,slice photos,,,7/31/15,,MK,RMH,300,250,Centered on cell layer,,
Training + Training,15-148C,OK,Yes,15-148D,NoConflict,Trained,ABS,2,CA4,trained,slice photos,,,7/31/15,,MK,RMH,300,250,Centered on cell layer,,
Training + Training,15-148C,OK,Yes,15-148D,NoConflict,Trained,ABT,3,CA4,trained,slice photos,,,7/31/15,,MK,RMH,300,250,Centered on cell layer,,
Training + Training,15-148C,OK,Yes,15-148D,NoConflict,Trained,ABU,4,CA4,trained,slice photos,,,7/31/15,,MK,RMH,300,250,Centered on cell layer,,
Training + Training,15-148C,OK,Yes,15-148D,NoConflict,Trained,ABV,1,CA1,trained,slice photos,,,7/31/15,,MK,RMH,300,250,Centered on cell layer,,
Training + Training,15-148C,OK,Yes,15-148D,NoConflict,Trained,ABW,2,CA1,trained,slice photos,,,7/31/15,,MK,RMH,300,250,Centered on cell layer,,
Training + Training,15-148C,OK,Yes,15-148D,NoConflict,Trained,ABX,3,CA1,trained,slice photos,,,7/31/15,,MK,RMH,300,250,Centered on cell layer,,
Training + Training,15-148C,OK,Yes,15-148D,NoConflict,Trained,ABY,4,CA1,trained,slice photos,,,7/31/15,,MK,RMH,300,250,Centered on cell layer,,
Training + Training,15-148C,OK,Yes,15-148D,NoConflict,Trained,ABZ,1,CA3,trained,slice photos,,,7/31/15,,MK,RMH,300,250,Centered on cell layer,,
Training + Training,15-148C,OK,Yes,15-148D,NoConflict,Trained,ACA,2,CA3,trained,slice photos,,,7/31/15,,MK,RMH,300,250,Centered on cell layer,,
Training + Training,15-148C,OK,Yes,15-148D,NoConflict,Trained,ACB,3,CA3,trained,slice photos,,,7/31/15,,MK,RMH,300,250,Centered on cell layer,,
Training + Training,15-148C,OK,Yes,15-148D,NoConflict,Trained,ACD,4,CA3,trained,slice photos,,,7/31/15,,MK,RMH,300,250,Centered on cell layer,,
Training + Training,15-148C,OK,Yes,15-148D,NoConflict,Trained,ACE,1,DG,trained,slice photos,,,7/31/15,,MK,RMH,300,250,Centered on cell layer,,
Training + Training,15-148C,OK,Yes,15-148D,NoConflict,Trained,ACF,2,DG,trained,slice photos,,,7/31/15,,MK,RMH,300,250,Centered on cell layer,,
Training + Training,15-148C,OK,Yes,15-148D,NoConflict,Trained,ACG,3,DG,trained,slice photos,,,7/31/15,,MK,RMH,300,250,Centered on cell layer,,
Training + Training,15-148C,OK,Yes,15-148D,NoConflict,Trained,ACH,4,DG,trained,slice photos,,,7/31/15,,MK,RMH,300,250,Centered on cell layer,,
Training + Training,15-143C,Good,Yes,15-143D,NoConflict,Trained,KX,1,CA1,trained,,,,7/10/15,,MK,RMH,300,250,Centered on cell layer,,
Training + Training,15-143C,Good,Yes,15-143D,NoConflict,Trained,KY ,2,CA1,trained,,,,7/10/15,,MK,RMH,300,250,Centered on cell layer,,
Training + Training,15-143C,Good,Yes,15-143D,NoConflict,Trained,LA,3,CA1,trained,,,,7/10/15,,MK,RMH,300,250,Centered on cell layer,,
Training + Training,15-143C,Good,Yes,15-143D,NoConflict,Trained,LB,4,CA1,trained,,,,7/10/15,,MK,RMH,300,250,Centered on cell layer,,
Training + Training,15-143C,Good,Yes,15-143D,NoConflict,Trained,LC,4,CA3,trained,,,,7/10/15,,MK,RMH,300,250,Centered on cell layer,,
Training + Training,15-143C,Good,Yes,15-143D,NoConflict,Trained,LD,2,CA3,trained,,,,7/10/15,,MK,RMH,300,250,Centered on cell layer,,
Training + Training,15-143C,Good,Yes,15-143D,NoConflict,Trained,LE,1,CA3,trained,,,,7/10/15,,MK,RMH,300,250,Centered on cell layer,,
Training + Training,15-143C,Good,Yes,15-143D,NoConflict,Trained,LF,1,DG,trained,,,,7/10/15,,MK,RMH,300,250,Centered on cell layer,,
Training + Training,15-143C,Good,Yes,15-143D,NoConflict,Trained,LG,2,DG,trained,,,,7/10/15,,MK,RMH,300,250,Centered on cell layer,,
Training + Training,15-143C,Good,Yes,15-143D,NoConflict,Trained,LH,4,DG,trained,,,,7/10/15,,MK,RMH,300,250,Centered on cell layer,,
Training + Training,15-143C,Good,Yes,15-143D,NoConflict,Trained,LJ,2,CA2,trained,,,,7/10/15,,MK,RMH,300,250,Centered on cell layer,,
Training + Training,15-143C,Good,Yes,15-143D,NoConflict,Trained,LK,1,CA2,trained,,,,7/10/15,,MK,RMH,300,250,Centered on cell layer,,
Training + Training,15-143C,Good,Yes,15-143D,NoConflict,Trained,LL,1,CA4,trained,,,,7/10/15,,MK,RMH,300,250,Centered on cell layer,,
Training + Training,15-143C,Good,Yes,15-143D,NoConflict,Trained,LM,2,CA4,trained,,,,7/10/15,,MK,RMH,300,250,Centered on cell layer,,
Training + Training,15-144C,Good,Yes,15-144D,NoConflict,Trained,NG,1,CA1,trained,,,,7/18/15,,MK,RMH,300,250,Centered on cell layer,,
Training + Training,15-144C,Good,Yes,15-144D,NoConflict,Trained,NH,2,CA1,trained,,,,7/18/15,,MK,RMH,300,250,Centered on cell layer,,
Training + Training,15-144C,Good,Yes,15-144D,NoConflict,Trained,NI,3,CA1,trained,,,,7/18/15,,MK,RMH,300,250,Centered on cell layer,,
Training + Training,15-144C,Good,Yes,15-144D,NoConflict,Trained,NJ,1,CA3,trained,,,no visual confirmation of punch,7/18/15,,MK,RMH,300,250,Centered on cell layer,,
Training + Training,15-144C,Good,Yes,15-144D,NoConflict,Trained,NK,2,CA3,trained,,,,7/18/15,,MK,RMH,300,250,Centered on cell layer,,
Training + Training,15-144C,Good,Yes,15-144D,NoConflict,Trained,NL,3,CA3,trained,,,,7/18/15,,MK,RMH,300,250,Centered on cell layer,,
Training + Training,15-144C,Good,Yes,15-144D,NoConflict,Trained,NM,1,DG,trained,,,,7/18/15,,MK,RMH,300,250,Centered on cell layer,,
Training + Training,15-144C,Good,Yes,15-144D,NoConflict,Trained,NN,2,DG,trained,,,,7/18/15,,MK,RMH,300,250,Centered on cell layer,,
Training + Training,15-144C,Good,Yes,15-144D,NoConflict,Trained,NO,3,DG,trained,,,,7/18/15,,MK,RMH,300,250,Centered on cell layer,,
Training + Training,15-144C,Good,Yes,15-144D,NoConflict,Trained,NP,1,CA4,trained,,,no visual confirmation of punch,7/18/15,,MK,RMH,300,250,Centered on cell layer,,
Training + Training,15-144C,Good,Yes,15-144D,NoConflict,Trained,NQ,2,CA4,trained,,,,7/18/15,,MK,RMH,300,250,Centered on cell layer,,
Training + Training,15-144C,Good,Yes,15-144D,NoConflict,Trained,NR,3,CA4,trained,,,,7/18/15,,MK,RMH,300,250,Centered on cell layer,,
Training + Training,15-144C,Good,Yes,15-144D,NoConflict,Trained,NS,1,CA2,trained,,,no visual confirmation of punch,7/18/15,,MK,RMH,300,250,Centered on cell layer,,
Training + Training,15-144C,Good,Yes,15-144D,NoConflict,Trained,NT,2,CA2,trained,,,,7/18/15,,MK,RMH,300,250,Centered on cell layer,,
Training + Training,15-144C,Good,Yes,15-144D,NoConflict,Trained,NU,3,CA2,trained,,,,7/18/15,,MK,RMH,300,250,Centered on cell layer,,
Training + Training,15-145C,Bad,Yes,15-145D,NoConflict,Trained,PC,1,CA3,trained,slice photos,,photos,7/22/15,,MK,RMH,300,250,Centered on cell layer,,
Training + Training,15-145C,Bad,Yes,15-145D,NoConflict,Trained,PD,2,CA3,trained,slice photos,,photos,7/22/15,,MK,RMH,300,250,Centered on cell layer,,
Training + Training,15-145C,Bad,Yes,15-145D,NoConflict,Trained,PE,3,CA3,trained,slice photos,,cell layer not very clear,7/22/15,,MK,RMH,300,250,Centered on cell layer,,
Training + Training,15-145C,Bad,Yes,15-145D,NoConflict,Trained,PF,4,CA3,trained,slice photos,,cell layer not very clear,7/22/15,,MK,RMH,300,250,Centered on cell layer,,
Training + Training,15-145C,Bad,Yes,15-145D,NoConflict,Trained,PG,1,CA4,trained,slice photos,,photos,7/22/15,,MK,RMH,300,250,Centered on cell layer,,
Training + Training,15-145C,Bad,Yes,15-145D,NoConflict,Trained,PH,2,CA4,trained,slice photos,,photos,7/22/15,,MK,RMH,300,250,Centered on cell layer,,
Training + Training,15-145C,Bad,Yes,15-145D,NoConflict,Trained,PI,3,CA4,trained,slice photos,,photos,7/22/15,,MK,RMH,300,250,Centered on cell layer,,
Training + Training,15-145C,Bad,Yes,15-145D,NoConflict,Trained,PJ,4,CA4,trained,slice photos,,no visual confirmation,7/22/15,,MK,RMH,300,250,Centered on cell layer,,
Training + Training,15-145C,Bad,Yes,15-145D,NoConflict,Trained,PL,1,CA1,trained,slice photos,,photos,7/22/15,,MK,RMH,300,250,Centered on cell layer,,
Training + Training,15-145C,Bad,Yes,15-145D,NoConflict,Trained,PM,2,CA1,trained,slice photos,,photos,7/22/15,,MK,RMH,300,250,Centered on cell layer,,
Training + Training,15-145C,Bad,Yes,15-145D,NoConflict,Trained,PN,3,CA1,trained,slice photos,,no well defined,7/22/15,,MK,RMH,300,250,Centered on cell layer,,
Training + Training,15-145C,Bad,Yes,15-145D,NoConflict,Trained,PO,4,CA1,trained,slice photos,,no visual confirmation,7/22/15,,MK,RMH,300,250,Centered on cell layer,,
Training + Training,15-145C,Bad,Yes,15-145D,NoConflict,Trained,PP,1,DG,trained,slice photos,,photos,7/22/15,,MK,RMH,300,250,Centered on cell layer,,
Training + Training,15-145C,Bad,Yes,15-145D,NoConflict,Trained,PR,3,DG,trained,slice photos,,no visual confirmation,7/22/15,,MK,RMH,300,250,Centered on cell layer,,
Training + Training,15-145C,Bad,Yes,15-145D,NoConflict,Trained,PS,4,DG,trained,slice photos,,photos,7/22/15,,MK,RMH,300,250,Centered on cell layer,,
Training + Training,15-145C,Bad,Yes,15-145D,NoConflict,Trained,PT,1,CA2,trained,slice photos,,photos,7/22/15,,MK,RMH,300,250,Centered on cell layer,,
Training + Training,15-145C,Bad,Yes,15-145D,NoConflict,Trained,PU,2,CA2,trained,slice photos,,photos,7/22/15,,MK,RMH,300,250,Centered on cell layer,,
Training + Training,15-145C,Bad,Yes,15-145D,NoConflict,Trained,PV,3,CA2,trained,slice photos,,photos,7/22/15,,MK,RMH,300,250,Centered on cell layer,,
Training + Training,15-145C,Bad,Yes,15-145D,NoConflict,Trained,PX,4,CA2,trained,slice photos,,may have floating random tissue,7/22/15,,MK,RMH,300,250,Centered on cell layer,,
Training + Training,15-146C,Good,Yes,15-146D,NoConflict,Trained,RX,1,CA1,trained,slice photos,,,7/24/15,10:45,MK,RMH,300,250,Centered on cell layer,,
Training + Training,15-146C,Good,Yes,15-146D,NoConflict,Trained,RZ,2,CA1,trained,slice photos,,,7/24/15,10:45,MK,RMH,300,250,Centered on cell layer,,
Training + Training,15-146C,Good,Yes,15-146D,NoConflict,Trained,SA,3,CA1,trained,slice photos,,,7/24/15,10:45,MK,RMH,300,250,Centered on cell layer,,
Training + Training,15-146C,Good,Yes,15-146D,NoConflict,Trained,SB,4,CA1,trained,slice photos,,,7/24/15,10:45,MK,RMH,300,250,Centered on cell layer,,
Training + Training,15-146C,Good,Yes,15-146D,NoConflict,Trained,SC,1,CA3,trained,slice photos,,no visual,7/24/15,10:45,MK,RMH,300,250,Centered on cell layer,,
Training + Training,15-146C,Good,Yes,15-146D,NoConflict,Trained,SD,2,CA3,trained,slice photos,,,7/24/15,10:45,MK,RMH,300,250,Centered on cell layer,,
Training + Training,15-146C,Good,Yes,15-146D,NoConflict,Trained,SE,3,CA3,trained,slice photos,,,7/24/15,10:45,MK,RMH,300,250,Centered on cell layer,,
Training + Training,15-146C,Good,Yes,15-146D,NoConflict,Trained,SF,4,CA3,trained,slice photos,,,7/24/15,10:45,MK,RMH,300,250,Centered on cell layer,,
Training + Training,15-146C,Good,Yes,15-146D,NoConflict,Trained,SG,1,CA2,trained,slice photos,,,7/24/15,10:45,MK,RMH,300,250,Centered on cell layer,,
Training + Training,15-146C,Good,Yes,15-146D,NoConflict,Trained,SH,2,CA2,trained,slice photos,,,7/24/15,10:45,MK,RMH,300,250,Centered on cell layer,,
Training + Training,15-146C,Good,Yes,15-146D,NoConflict,Trained,SI,3,CA2,trained,slice photos,,,7/24/15,10:45,MK,RMH,300,250,Centered on cell layer,,
Training + Training,15-146C,Good,Yes,15-146D,NoConflict,Trained,SJ,4,CA2,trained,slice photos,,,7/24/15,10:45,MK,RMH,300,250,Centered on cell layer,,
Training + Training,15-146C,Good,Yes,15-146D,NoConflict,Trained,SK,1,CA4,trained,slice photos,,,7/24/15,10:45,MK,RMH,300,250,Centered on cell layer,,
Training + Training,15-146C,Good,Yes,15-146D,NoConflict,Trained,SL,2,CA4,trained,slice photos,,,7/24/15,10:45,MK,RMH,300,250,Centered on cell layer,,
Training + Training,15-146C,Good,Yes,15-146D,NoConflict,Trained,SM,3,CA4,trained,slice photos,,,7/24/15,10:45,MK,RMH,300,250,Centered on cell layer,,
Training + Training,15-146C,Good,Yes,15-146D,NoConflict,Trained,SN,4,CA4,trained,slice photos,,no visual,7/24/15,10:45,MK,RMH,300,250,Centered on cell layer,,
Training + Training,15-146C,Good,Yes,15-146D,NoConflict,Trained,SO,1,DG,trained,slice photos,,no visual,7/24/15,10:45,MK,RMH,300,250,Centered on cell layer,,
Training + Training,15-146C,Good,Yes,15-146D,NoConflict,Trained,SP,2,DG,trained,slice photos,,,7/24/15,10:45,MK,RMH,300,250,Centered on cell layer,,
Training + Training,15-146C,Good,Yes,15-146D,NoConflict,Trained,SQ,3,DG,trained,slice photos,,,7/24/15,10:45,MK,RMH,300,250,Centered on cell layer,,
Training + Training,15-146C,Good,Yes,15-146D,NoConflict,Trained,SR,4,DG,trained,slice photos,,no visual,7/24/15,10:45,MK,RMH,300,250,Centered on cell layer,,
Training + Training,15-147C,Good,Yes,15-147D,NoConflict,Trained,XC,1,DG,trained,slice photos,,,7/29/15,11:21,MK,RMH,300,500,Centered on cell layer,,
Training + Training,15-147C,Good,Yes,15-147D,NoConflict,Trained,XD,2,DG,trained,slice photos,,no visual confirmation,7/29/15,11:21,MK,RMH,300,500,Centered on cell layer,,
Training + Training,15-147C,Good,Yes,15-147D,NoConflict,Trained,XE,3,DG,trained,slice photos,,,7/29/15,11:21,MK,RMH,300,500,Centered on cell layer,,
Training + Training,15-147C,Good,Yes,15-147D,NoConflict,Trained,XF,4,DG,trained,slice photos,,no visual confirmation,7/29/15,11:21,MK,RMH,300,500,Centered on cell layer,,
Training + Training,15-147C,Good,Yes,15-147D,NoConflict,Trained,XG,1,CA3,trained,slice photos,,,7/29/15,11:21,MK,RMH,300,500,Centered on cell layer,,
Training + Training,15-147C,Good,Yes,15-147D,NoConflict,Trained,XH,2,CA3,trained,slice photos,,,7/29/15,11:21,MK,RMH,300,500,Centered on cell layer,,
Training + Training,15-147C,Good,Yes,15-147D,NoConflict,Trained,XI,3,CA3,trained,slice photos,,,7/29/15,11:21,MK,RMH,300,500,Centered on cell layer,,
Training + Training,15-147C,Good,Yes,15-147D,NoConflict,Trained,XJ,4,CA3,trained,slice photos,,,7/29/15,11:21,MK,RMH,300,500,Centered on cell layer,,
Training + Training,15-147C,Good,Yes,15-147D,NoConflict,Trained,XK,2,CA1,trained,slice photos,,,7/29/15,11:21,MK,RMH,300,500,Centered on cell layer,,
Training + Training,15-147C,Good,Yes,15-147D,NoConflict,Trained,XL,3,CA1,trained,slice photos,,,7/29/15,11:21,MK,RMH,300,500,Centered on cell layer,,
Training + Training,15-147C,Good,Yes,15-147D,NoConflict,Trained,XM,4,CA1,trained,slice photos,,,7/29/15,11:21,MK,RMH,300,500,Centered on cell layer,,
Training + Training,15-147C,Good,Yes,15-147D,NoConflict,Trained,XN,2,CA2,trained,slice photos,,,7/29/15,11:21,MK,RMH,300,500,Centered on cell layer,,
Training + Training,15-147C,Good,Yes,15-147D,NoConflict,Trained,XO,3,CA2,trained,slice photos,,,7/29/15,11:21,MK,RMH,300,500,Centered on cell layer,,
Training + Training,15-147C,Good,Yes,15-147D,NoConflict,Trained,XP,4,CA2,trained,slice photos,,,7/29/15,11:21,MK,RMH,300,500,Centered on cell layer,,
Training + Training,15-147C,Good,Yes,15-147D,NoConflict,Trained,XQ,2,CA4,trained,slice photos,,,7/29/15,11:21,MK,RMH,300,500,Centered on cell layer,,
Training + Training,15-147C,Good,Yes,15-147D,NoConflict,Trained,XR,3,CA4,trained,slice photos,,,7/29/15,11:21,MK,RMH,300,500,Centered on cell layer,,
Yoked + Conflict,15-143B,Good,Yes,15-143A,Conflict,Yoked,JN,1,CA4,yoked to conflict,,,,7/9/15,,MK,RMH,350,250,Centered on cell layer,,
Yoked + Conflict,15-143B,Good,Yes,15-143A,Conflict,Yoked,JO,2,CA4,yoked to conflict,,,,7/9/15,,MK,RMH,350,250,Centered on cell layer,,
Yoked + Conflict,15-143B,Good,Yes,15-143A,Conflict,Yoked,JP,3,CA4,yoked to conflict,,,,7/9/15,,MK,RMH,350,250,Centered on cell layer,,
Yoked + Conflict,15-143B,Good,Yes,15-143A,Conflict,Yoked,JQ,3,CA3,yoked to conflict,,,,7/9/15,,MK,RMH,350,250,Centered on cell layer,,
Yoked + Conflict,15-143B,Good,Yes,15-143A,Conflict,Yoked,JR,2,CA3,yoked to conflict,,,,7/9/15,,MK,RMH,350,250,Centered on cell layer,,
Yoked + Conflict,15-143B,Good,Yes,15-143A,Conflict,Yoked,JS,1,CA3,yoked to conflict,,,,7/9/15,,MK,RMH,350,250,Centered on cell layer,,
Yoked + Conflict,15-143B,Good,Yes,15-143A,Conflict,Yoked,JT,1,CA2,yoked to conflict,,,,7/9/15,,MK,RMH,350,250,Centered on cell layer,,
Yoked + Conflict,15-143B,Good,Yes,15-143A,Conflict,Yoked,JU,2,CA2,yoked to conflict,,,,7/9/15,,MK,RMH,350,250,Centered on cell layer,,
Yoked + Conflict,15-143B,Good,Yes,15-143A,Conflict,Yoked,JV,3,CA2,yoked to conflict,,,,7/9/15,,MK,RMH,350,250,Centered on cell layer,,
Yoked + Conflict,15-143B,Good,Yes,15-143A,Conflict,Yoked,JW,3,CA1,yoked to conflict,,,,7/9/15,,MK,RMH,350,250,Centered on cell layer,,
Yoked + Conflict,15-143B,Good,Yes,15-143A,Conflict,Yoked,JX,2,CA1,yoked to conflict,,,,7/9/15,,MK,RMH,350,250,Centered on cell layer,,
Yoked + Conflict,15-143B,Good,Yes,15-143A,Conflict,Yoked,JY ,1,CA1,yoked to conflict,,,,7/9/15,,MK,RMH,350,250,Centered on cell layer,,
Yoked + Conflict,15-143B,Good,Yes,15-143A,Conflict,Yoked,JZ,1,DG,yoked to conflict,,,,7/9/15,,MK,RMH,350,250,Centered on cell layer,,
Yoked + Conflict,15-143B,Good,Yes,15-143A,Conflict,Yoked,KA,2,DG,yoked to conflict,,,,7/9/15,,MK,RMH,350,250,Centered on cell layer,,
Yoked + Conflict,15-143B,Good,Yes,15-143A,Conflict,Yoked,KB,3,DG,yoked to conflict,,,,7/9/15,,MK,RMH,350,250,Centered on cell layer,,
Yoked + Conflict,15-144B,Good,Yes,15-144A,Conflict,Yoked,NA,NA,NA,NA,NA,NA,NA,NA,NA,NA,NA,NA,NA,NA,NA,NA
Yoked + Conflict,15-145B,Good,Yes,15-145A,Conflict,Yoked,OL,1,CA2,yoked to conflict,slice photos,,photos,7/18/15,,MK,RMH,300,250,Centered on cell layer,,
Yoked + Conflict,15-145B,Good,Yes,15-145A,Conflict,Yoked,OM,2,CA2,yoked to conflict,slice photos,,photos,7/18/15,,MK,RMH,300,250,Centered on cell layer,,
Yoked + Conflict,15-145B,Good,Yes,15-145A,Conflict,Yoked,ON,3,CA2,yoked to conflict,slice photos,,photos,7/18/15,,MK,RMH,300,250,Centered on cell layer,,
Yoked + Conflict,15-145B,Good,Yes,15-145A,Conflict,Yoked,OP,1,CA1,yoked to conflict,slice photos,,photos,7/18/15,,MK,RMH,300,250,Centered on cell layer,,
Yoked + Conflict,15-145B,Good,Yes,15-145A,Conflict,Yoked,OQ,2,CA1,yoked to conflict,slice photos,,photos,7/18/15,,MK,RMH,300,250,Centered on cell layer,,
Yoked + Conflict,15-145B,Good,Yes,15-145A,Conflict,Yoked,OR,3,CA1,yoked to conflict,slice photos,,photos,7/18/15,,MK,RMH,300,250,Centered on cell layer,,
Yoked + Conflict,15-145B,Good,Yes,15-145A,Conflict,Yoked,OS,1,CA3,yoked to conflict,slice photos,,photos,7/18/15,,MK,RMH,300,250,Centered on cell layer,,
Yoked + Conflict,15-145B,Good,Yes,15-145A,Conflict,Yoked,OT,2,CA3,yoked to conflict,slice photos,,photos,7/18/15,,MK,RMH,300,250,Centered on cell layer,,
Yoked + Conflict,15-145B,Good,Yes,15-145A,Conflict,Yoked,OU,3,CA3,yoked to conflict,slice photos,,photos,7/18/15,,MK,RMH,300,250,Centered on cell layer,,
Yoked + Conflict,15-145B,Good,Yes,15-145A,Conflict,Yoked,OV,1,DG,yoked to conflict,slice photos,,photos,7/18/15,,MK,RMH,300,250,Centered on cell layer,,
Yoked + Conflict,15-145B,Good,Yes,15-145A,Conflict,Yoked,OX,2,DG,yoked to conflict,slice photos,,photos,7/18/15,,MK,RMH,300,250,Centered on cell layer,,
Yoked + Conflict,15-145B,Good,Yes,15-145A,Conflict,Yoked,OY,3,DG,yoked to conflict,slice photos,,photos,7/18/15,,MK,RMH,300,250,Centered on cell layer,,
Yoked + Conflict,15-145B,Good,Yes,15-145A,Conflict,Yoked,OZ,1,CA4,yoked to conflict,slice photos,,photos,7/18/15,,MK,RMH,300,250,Centered on cell layer,,
Yoked + Conflict,15-145B,Good,Yes,15-145A,Conflict,Yoked,PA,2,CA4,yoked to conflict,slice photos,,photos,7/18/15,,MK,RMH,300,250,Centered on cell layer,,
Yoked + Conflict,15-145B,Good,Yes,15-145A,Conflict,Yoked,PB,3,CA4,yoked to conflict,slice photos,,photos,7/18/15,,MK,RMH,300,250,Centered on cell layer,,
Yoked + Conflict,15-146B,Good,Yes,15-146A,Conflict,Yoked,QN,1,CA3,yoked to conflict,slice photos,,photos,7/23/15,10:30,MK,RMH,300,250,Centered on cell layer,,
Yoked + Conflict,15-146B,Good,Yes,15-146A,Conflict,Yoked,QO,2,CA3,yoked to conflict,slice photos,,photos,7/23/15,10:30,MK,RMH,300,250,Centered on cell layer,,
Yoked + Conflict,15-146B,Good,Yes,15-146A,Conflict,Yoked,QP,3,CA3,yoked to conflict,slice photos,,photos,7/23/15,10:30,MK,RMH,300,250,Centered on cell layer,,
Yoked + Conflict,15-146B,Good,Yes,15-146A,Conflict,Yoked,QQ,4,CA3,yoked to conflict,slice photos,,photos,7/23/15,10:30,MK,RMH,300,250,Centered on cell layer,,
Yoked + Conflict,15-146B,Good,Yes,15-146A,Conflict,Yoked,QR,1,CA4,yoked to conflict,slice photos,,photos,7/23/15,10:30,MK,RMH,300,250,Centered on cell layer,,
Yoked + Conflict,15-146B,Good,Yes,15-146A,Conflict,Yoked,QS,2,CA4,yoked to conflict,slice photos,,photos,7/23/15,10:30,MK,RMH,300,250,Centered on cell layer,,
Yoked + Conflict,15-146B,Good,Yes,15-146A,Conflict,Yoked,QT,3,CA4,yoked to conflict,slice photos,,photos,7/23/15,10:30,MK,RMH,300,250,Centered on cell layer,,
Yoked + Conflict,15-146B,Good,Yes,15-146A,Conflict,Yoked,QU,4,CA4,yoked to conflict,slice photos,,photos,7/23/15,10:30,MK,RMH,300,250,Centered on cell layer,,
Yoked + Conflict,15-146B,Good,Yes,15-146A,Conflict,Yoked,QV,1,CA2,yoked to conflict,slice photos,,photos,7/23/15,10:30,MK,RMH,300,250,Centered on cell layer,,
Yoked + Conflict,15-146B,Good,Yes,15-146A,Conflict,Yoked,QW,2,CA2,yoked to conflict,slice photos,,photos,7/23/15,10:30,MK,RMH,300,250,Centered on cell layer,,
Yoked + Conflict,15-146B,Good,Yes,15-146A,Conflict,Yoked,QX,3,CA2,yoked to conflict,slice photos,,photos,7/23/15,10:30,MK,RMH,300,250,below cell layer,,
Yoked + Conflict,15-146B,Good,Yes,15-146A,Conflict,Yoked,QY,4,CA2,yoked to conflict,slice photos,,photos,7/23/15,10:30,MK,RMH,300,250,Centered on cell layer,,
Yoked + Conflict,15-146B,Good,Yes,15-146A,Conflict,Yoked,QZ,4,CA2,yoked to conflict,slice photos,,photos,7/23/15,10:30,MK,RMH,300,250,Centered on cell layer,,
Yoked + Conflict,15-146B,Good,Yes,15-146A,Conflict,Yoked,RA,1,CA1,yoked to conflict,slice photos,,photos,7/23/15,10:30,MK,RMH,300,250,Centered on cell layer,,
Yoked + Conflict,15-146B,Good,Yes,15-146A,Conflict,Yoked,RB,2,CA1,yoked to conflict,slice photos,,photos,7/23/15,10:30,MK,RMH,300,250,Centered on cell layer,,
Yoked + Conflict,15-146B,Good,Yes,15-146A,Conflict,Yoked,RC,3,CA1,yoked to conflict,slice photos,,photos,7/23/15,10:30,MK,RMH,300,250,Centered on cell layer,,
Yoked + Conflict,15-146B,Good,Yes,15-146A,Conflict,Yoked,RD,4,CA1,yoked to conflict,slice photos,,photos,7/23/15,10:30,MK,RMH,300,250,Centered on cell layer,,
Yoked + Conflict,15-146B,Good,Yes,15-146A,Conflict,Yoked,RE,1,DG,yoked to conflict,slice photos,,photos,7/23/15,10:30,MK,RMH,300,250,Centered on cell layer,,
Yoked + Conflict,15-146B,Good,Yes,15-146A,Conflict,Yoked,RF,2,DG,yoked to conflict,slice photos,,photos,7/23/15,10:30,MK,RMH,300,250,Centered on cell layer,,
Yoked + Conflict,15-146B,Good,Yes,15-146A,Conflict,Yoked,RG,3,DG,yoked to conflict,slice photos,,photos,7/23/15,10:30,MK,RMH,300,250,Centered on cell layer,,
Yoked + Conflict,15-146B,Good,Yes,15-146A,Conflict,Yoked,RH,4,DG,yoked to conflict,slice photos,,photos,7/23/15,10:30,MK,RMH,300,250,Centered on cell layer,,
Yoked + Conflict,15-147B,OK,Yes,15-147A,Conflict,Yoked,UH,1,CA3,yoked to conflict,slice photos,,,7/25/15,4:30,MK,RMH,300,250,Centered on cell layer,,
Yoked + Conflict,15-147B,OK,Yes,15-147A,Conflict,Yoked,UI,2,CA3,yoked to conflict,slice photos,,,7/25/15,4:30,MK,RMH,300,250,Centered on cell layer,,
Yoked + Conflict,15-147B,OK,Yes,15-147A,Conflict,Yoked,UJ,3,CA3,yoked to conflict,slice photos,,cell layer not very clear,7/25/15,4:30,MK,RMH,300,250,Centered on cell layer,,
Yoked + Conflict,15-147B,OK,Yes,15-147A,Conflict,Yoked,UK,4,CA3,yoked to conflict,slice photos,,,7/25/15,4:30,MK,RMH,300,250,Centered on cell layer,,
Yoked + Conflict,15-147B,OK,Yes,15-147A,Conflict,Yoked,UL,1,CA4,yoked to conflict,slice photos,,no visual confirmation (maybe too much light to see),7/25/15,4:30,MK,RMH,300,250,Centered on cell layer,,
Yoked + Conflict,15-147B,OK,Yes,15-147A,Conflict,Yoked,UM,2,CA4,yoked to conflict,slice photos,,no visual confirmation (maybe too much light to see),7/25/15,4:30,MK,RMH,300,250,Centered on cell layer,,
Yoked + Conflict,15-147B,OK,Yes,15-147A,Conflict,Yoked,UN,3,CA4,yoked to conflict,slice photos,,,7/25/15,4:30,MK,RMH,300,250,Centered on cell layer,,
Yoked + Conflict,15-147B,OK,Yes,15-147A,Conflict,Yoked,UO,4,CA4,yoked to conflict,slice photos,,,7/25/15,4:30,MK,RMH,300,250,Centered on cell layer,,
Yoked + Conflict,15-147B,OK,Yes,15-147A,Conflict,Yoked,UP,1,DG,yoked to conflict,slice photos,,,7/25/15,4:30,MK,RMH,300,250,Centered on cell layer,,
Yoked + Conflict,15-147B,OK,Yes,15-147A,Conflict,Yoked,UQ,2,DG,yoked to conflict,slice photos,,mangled it!!,7/25/15,4:30,MK,RMH,300,250,Centered on cell layer,,
Yoked + Conflict,15-147B,OK,Yes,15-147A,Conflict,Yoked,UR,3,DG,yoked to conflict,slice photos,,,7/25/15,4:30,MK,RMH,300,250,Centered on cell layer,,
Yoked + Conflict,15-147B,OK,Yes,15-147A,Conflict,Yoked,US,4,DG,yoked to conflict,slice photos,,,7/25/15,4:30,MK,RMH,300,250,Centered on cell layer,,
Yoked + Conflict,15-147B,OK,Yes,15-147A,Conflict,Yoked,UT,1,CA1,yoked to conflict,slice photos,,,7/25/15,4:30,MK,RMH,300,250,Centered on cell layer,,
Yoked + Conflict,15-147B,OK,Yes,15-147A,Conflict,Yoked,UU,2,CA1,yoked to conflict,slice photos,,,7/25/15,4:30,MK,RMH,300,250,Centered on cell layer,,
Yoked + Conflict,15-147B,OK,Yes,15-147A,Conflict,Yoked,UV,3,CA1,yoked to conflict,slice photos,,,7/25/15,4:30,MK,RMH,300,250,Centered on cell layer,,
Yoked + Conflict,15-147B,OK,Yes,15-147A,Conflict,Yoked,UW,4,CA1,yoked to conflict,slice photos,,,7/25/15,4:30,MK,RMH,300,250,Centered on cell layer,,
Yoked + Conflict,15-147B,OK,Yes,15-147A,Conflict,Yoked,UX,1,CA2,yoked to conflict,slice photos,,,7/25/15,4:30,MK,RMH,300,250,Centered on cell layer,,
Yoked + Conflict,15-147B,OK,Yes,15-147A,Conflict,Yoked,UY,2,CA2,yoked to conflict,slice photos,,,7/25/15,4:30,MK,RMH,300,250,Centered on cell layer,,
Yoked + Conflict,15-147B,OK,Yes,15-147A,Conflict,Yoked,UZ,3,CA2,yoked to conflict,slice photos,,has 2 punches,7/25/15,4:30,MK,RMH,300,250,Centered on cell layer,,
Yoked + Conflict,15-147B,OK,Yes,15-147A,Conflict,Yoked,VA,4,CA2,yoked to conflict,slice photos,,no visual confirmation,7/25/15,4:30,MK,RMH,300,250,Centered on cell layer,,
Yoked + Conflict,15-147B,OK,Yes,15-147A,Conflict,Yoked,VB,1,Pr,yoked to conflict,slice photos,,piroform cortex. Control huntington region,7/25/15,4:30,MK,RMH,300,250,Centered on cell layer,,
Yoked + Conflict,15-147B,OK,Yes,15-147A,Conflict,Yoked,VC,2,Pr,yoked to conflict,slice photos,,piroform cortex. Control huntington region,7/25/15,4:30,MK,RMH,300,250,Centered on cell layer,,
Yoked + Conflict,15-147B,OK,Yes,15-147A,Conflict,Yoked,VD,3,Pr,yoked to conflict,slice photos,,piroform cortex. Control huntington region,7/25/15,4:30,MK,RMH,300,250,Centered on cell layer,,
Yoked + Conflict,15-147B,OK,Yes,15-147A,Conflict,Yoked,VE,4,Pr,yoked to conflict,slice photos,,piroform cortex. Control huntington region,7/25/15,4:30,MK,RMH,300,250,Centered on cell layer,,
Yoked + Conflict,15-148B,Good,Yes,15-148A,Conflict,Yoked,AAT,1,CA4,yoked to conflict,slice photos,,,7/30/15,,MK,RMH,300,250,Centered on cell layer,,
Yoked + Conflict,15-148B,Good,Yes,15-148A,Conflict,Yoked,AAU,2,CA4,yoked to conflict,slice photos,,,7/30/15,,MK,RMH,300,250,Centered on cell layer,,
Yoked + Conflict,15-148B,Good,Yes,15-148A,Conflict,Yoked,AAV,3,CA4,yoked to conflict,slice photos,,,7/30/15,,MK,RMH,300,250,Centered on cell layer,,
Yoked + Conflict,15-148B,Good,Yes,15-148A,Conflict,Yoked,AAW,4,CA4,yoked to conflict,slice photos,,,7/30/15,,MK,RMH,300,250,Centered on cell layer,,
Yoked + Conflict,15-148B,Good,Yes,15-148A,Conflict,Yoked,AAX,1,CA3,yoked to conflict,slice photos,,,7/30/15,,MK,RMH,300,250,Centered on cell layer,,
Yoked + Conflict,15-148B,Good,Yes,15-148A,Conflict,Yoked,AAY,2,CA3,yoked to conflict,slice photos,,,7/30/15,,MK,RMH,300,250,Centered on cell layer,,
Yoked + Conflict,15-148B,Good,Yes,15-148A,Conflict,Yoked,AAZ,3,CA3,yoked to conflict,slice photos,,,7/30/15,,MK,RMH,300,250,Centered on cell layer,,
Yoked + Conflict,15-148B,Good,Yes,15-148A,Conflict,Yoked,ABA,4,CA3,yoked to conflict,slice photos,,,7/30/15,,MK,RMH,300,250,Centered on cell layer,,
Yoked + Conflict,15-148B,Good,Yes,15-148A,Conflict,Yoked,ABB,1,CA1,yoked to conflict,slice photos,,,7/30/15,,MK,RMH,300,250,Centered on cell layer,,
Yoked + Conflict,15-148B,Good,Yes,15-148A,Conflict,Yoked,ABC,2,CA1,yoked to conflict,slice photos,,,7/30/15,,MK,RMH,300,250,Centered on cell layer,,
Yoked + Conflict,15-148B,Good,Yes,15-148A,Conflict,Yoked,ABD,3,CA1,yoked to conflict,slice photos,,,7/30/15,,MK,RMH,300,250,Centered on cell layer,,
Yoked + Conflict,15-148B,Good,Yes,15-148A,Conflict,Yoked,ABE,4,CA1,yoked to conflict,slice photos,,,7/30/15,,MK,RMH,300,250,Centered on cell layer,,
Yoked + Conflict,15-148B,Good,Yes,15-148A,Conflict,Yoked,ABF,1,CA2,yoked to conflict,slice photos,,,7/30/15,,MK,RMH,300,250,Centered on cell layer,,
Yoked + Conflict,15-148B,Good,Yes,15-148A,Conflict,Yoked,ABG,2,CA2,yoked to conflict,slice photos,,,7/30/15,,MK,RMH,300,250,Centered on cell layer,,
Yoked + Conflict,15-148B,Good,Yes,15-148A,Conflict,Yoked,ABH,3,CA2,yoked to conflict,slice photos,,,7/30/15,,MK,RMH,300,250,Centered on cell layer,,
Yoked + Conflict,15-148B,Good,Yes,15-148A,Conflict,Yoked,ABI,4,CA2,yoked to conflict,slice photos,,,7/30/15,,MK,RMH,300,250,Centered on cell layer,,
Yoked + Conflict,15-148B,Good,Yes,15-148A,Conflict,Yoked,ABJ,1,DG,yoked to conflict,slice photos,,,7/30/15,,MK,RMH,300,250,Centered on cell layer,,
Yoked + Conflict,15-148B,Good,Yes,15-148A,Conflict,Yoked,ABK,2,DG,yoked to conflict,slice photos,,,7/30/15,,MK,RMH,300,250,Centered on cell layer,,
Yoked + Conflict,15-148B,Good,Yes,15-148A,Conflict,Yoked,ABL,3,DG,yoked to conflict,slice photos,,,7/30/15,,MK,RMH,300,250,Centered on cell layer,,
Yoked + Conflict,15-148B,Good,Yes,15-148A,Conflict,Yoked,ABM,4,DG,yoked to conflict,slice photos,,,7/30/15,,MK,RMH,300,250,Centered on cell layer,,
Yoked + Training,15-148D,OK,Yes,15-148C,NoConflict,Yoked,ACX,1,DG,yoked to trained,slice photos,,,7/31/15,,MK,RMH,300,250,Centered on cell layer,,
Yoked + Training,15-148D,OK,Yes,15-148C,NoConflict,Yoked,ACY,2,DG,yoked to trained,slice photos,,,7/31/15,,MK,RMH,300,250,Centered on cell layer,,
Yoked + Training,15-148D,OK,Yes,15-148C,NoConflict,Yoked,ACZ,3,DG,yoked to trained,slice photos,,,7/31/15,,MK,RMH,300,250,Centered on cell layer,,
Yoked + Training,15-148D,OK,Yes,15-148C,NoConflict,Yoked,ADA,4,DG,yoked to trained,slice photos,,,7/31/15,,MK,RMH,300,250,Centered on cell layer,,
Yoked + Training,15-148D,OK,Yes,15-148C,NoConflict,Yoked,ADB,1,CA1,yoked to trained,slice photos,,,7/31/15,,MK,RMH,300,250,Centered on cell layer,,
Yoked + Training,15-148D,OK,Yes,15-148C,NoConflict,Yoked,ADC,2,CA1,yoked to trained,slice photos,,,7/31/15,,MK,RMH,300,250,Centered on cell layer,,
Yoked + Training,15-148D,OK,Yes,15-148C,NoConflict,Yoked,ADD,3,CA1,yoked to trained,slice photos,,,7/31/15,,MK,RMH,300,250,Centered on cell layer,,
Yoked + Training,15-148D,OK,Yes,15-148C,NoConflict,Yoked,ADE,4,CA1,yoked to trained,slice photos,,,7/31/15,,MK,RMH,300,250,Centered on cell layer,,
Yoked + Training,15-148D,OK,Yes,15-148C,NoConflict,Yoked,ADF,1,CA2,yoked to trained,slice photos,,,7/31/15,,MK,RMH,300,250,Centered on cell layer,,
Yoked + Training,15-148D,OK,Yes,15-148C,NoConflict,Yoked,ADG,2,CA2,yoked to trained,slice photos,,,7/31/15,,MK,RMH,300,250,Centered on cell layer,,
Yoked + Training,15-148D,OK,Yes,15-148C,NoConflict,Yoked,ADH,3,CA2,yoked to trained,slice photos,,,7/31/15,,MK,RMH,300,250,Centered on cell layer,,
Yoked + Training,15-148D,OK,Yes,15-148C,NoConflict,Yoked,ADI,4,CA2,yoked to trained,slice photos,,,7/31/15,,MK,RMH,300,250,Centered on cell layer,,
Yoked + Training,15-148D,OK,Yes,15-148C,NoConflict,Yoked,ADJ,2,CA3,yoked to trained,slice photos,,,7/31/15,,MK,RMH,300,250,Centered on cell layer,,
Yoked + Training,15-148D,OK,Yes,15-148C,NoConflict,Yoked,ADK,3,CA3,yoked to trained,slice photos,,,7/31/15,,MK,RMH,300,250,Centered on cell layer,,
Yoked + Training,15-148D,OK,Yes,15-148C,NoConflict,Yoked,ADL,4,CA3,yoked to trained,slice photos,,,7/31/15,,MK,RMH,300,250,Centered on cell layer,,
Yoked + Training,15-148D,OK,Yes,15-148C,NoConflict,Yoked,ADM,5,CA3,yoked to trained,slice photos,,,7/31/15,,MK,RMH,300,250,Centered on cell layer,,
Yoked + Training,15-148D,OK,Yes,15-148C,NoConflict,Yoked,ADN,5,DG,yoked to trained,slice photos,,,7/31/15,,MK,RMH,300,250,Centered on cell layer,,
Yoked + Training,15-148D,OK,Yes,15-148C,NoConflict,Yoked,ADO,5,CA1,yoked to trained,slice photos,,,7/31/15,,MK,RMH,300,250,Centered on cell layer,,
Yoked + Training,15-148D,OK,Yes,15-148C,NoConflict,Yoked,ADP,5,CA2,yoked to trained,slice photos,,,7/31/15,,MK,RMH,300,250,Centered on cell layer,,
Yoked + Training,15-148D,OK,Yes,15-148C,NoConflict,Yoked,ADQ,5,CA4,yoked to trained,slice photos,,,7/31/15,,MK,RMH,300,250,Centered on cell layer,,
Yoked + Training,15-148D,OK,Yes,15-148C,NoConflict,Yoked,ADR,2,CA4,yoked to trained,slice photos,,,7/31/15,,MK,RMH,300,250,Centered on cell layer,,
Yoked + Training,15-148D,OK,Yes,15-148C,NoConflict,Yoked,ADS,3,CA4,yoked to trained,slice photos,,,7/31/15,,MK,RMH,300,250,Centered on cell layer,,
Yoked + Training,15-148D,OK,Yes,15-148C,NoConflict,Yoked,ADT,4,CA4,yoked to trained,slice photos,,,7/31/15,,MK,RMH,300,250,Centered on cell layer,,
Yoked + Training,15-143D,Good,Yes,15-143C,NoConflict,Yoked,KC,1,CA1,yoked to trained,,,,7/9/15,,MK,RMH,300,250,Centered on cell layer,,
Yoked + Training,15-143D,Good,Yes,15-143C,NoConflict,Yoked,KD,2,CA1,yoked to trained,,,,7/9/15,,MK,RMH,300,250,Centered on cell layer,,
Yoked + Training,15-143D,Good,Yes,15-143C,NoConflict,Yoked,KF,3,CA1,yoked to trained,,,,7/9/15,,MK,RMH,300,250,Centered on cell layer,,
Yoked + Training,15-143D,Good,Yes,15-143C,NoConflict,Yoked,KG,3,CA4,yoked to trained,,,,7/9/15,,MK,RMH,300,250,Centered on cell layer,,
Yoked + Training,15-143D,Good,Yes,15-143C,NoConflict,Yoked,KH,1,CA4,yoked to trained,,,,7/9/15,,MK,RMH,300,250,Centered on cell layer,,
Yoked + Training,15-143D,Good,Yes,15-143C,NoConflict,Yoked,KJ,2,CA4,yoked to trained,,,,7/9/15,,MK,RMH,300,250,Centered on cell layer,,
Yoked + Training,15-143D,Good,Yes,15-143C,NoConflict,Yoked,KK,2,CA3,yoked to trained,,,,7/9/15,,MK,RMH,300,250,Centered on cell layer,,
Yoked + Training,15-143D,Good,Yes,15-143C,NoConflict,Yoked,KL,3,CA3,yoked to trained,,,,7/9/15,,MK,RMH,300,250,Centered on cell layer,,
Yoked + Training,15-143D,Good,Yes,15-143C,NoConflict,Yoked,KM,1,CA3,yoked to trained,,,,7/10/15,,MK,RMH,300,250,Centered on cell layer,,
Yoked + Training,15-143D,Good,Yes,15-143C,NoConflict,Yoked,KO,3,DG,yoked to trained,,,,7/10/15,,MK,RMH,300,250,Centered on cell layer,,
Yoked + Training,15-143D,Good,Yes,15-143C,NoConflict,Yoked,KP,2,DG,yoked to trained,,,,7/10/15,,MK,RMH,300,250,Centered on cell layer,,
Yoked + Training,15-143D,Good,Yes,15-143C,NoConflict,Yoked,KQ,3,CA2,yoked to trained,,,,7/10/15,,MK,RMH,300,250,Centered on cell layer,,
Yoked + Training,15-143D,Good,Yes,15-143C,NoConflict,Yoked,KR,1,CA2,yoked to trained,,,,7/10/15,,MK,RMH,300,250,Centered on cell layer,,
Yoked + Training,15-144D,Good,Yes,15-144C,NoConflict,Yoked,MQ,1,CA1,yoked to trained,,CYRSTALS,CYRSTALS,7/17/15,,MK,RMH,300,250,Centered on cell layer,,
Yoked + Training,15-144D,Good,Yes,15-144C,NoConflict,Yoked,MR,2,CA1,yoked to trained,,CYRSTALS,,7/17/15,,MK,RMH,300,250,Centered on cell layer,,
Yoked + Training,15-144D,Good,Yes,15-144C,NoConflict,Yoked,MS,3,CA1,yoked to trained,,CYRSTALS,,7/17/15,,MK,RMH,300,250,Centered on cell layer,,
Yoked + Training,15-144D,Good,Yes,15-144C,NoConflict,Yoked,MT,1,CA3,yoked to trained,,CYRSTALS,,7/17/15,,MK,RMH,300,250,Centered on cell layer,,
Yoked + Training,15-144D,Good,Yes,15-144C,NoConflict,Yoked,MU,2,CA3,yoked to trained,,CYRSTALS,,7/17/15,,MK,RMH,300,250,Centered on cell layer,,
Yoked + Training,15-144D,Good,Yes,15-144C,NoConflict,Yoked,MV,3,CA3,yoked to trained,,CYRSTALS,,7/17/15,,MK,RMH,300,250,Centered on cell layer,,
Yoked + Training,15-144D,Good,Yes,15-144C,NoConflict,Yoked,MX,1,CA2,yoked to trained,,CYRSTALS,,7/17/15,,MK,RMH,300,250,Centered on cell layer,,
Yoked + Training,15-144D,Good,Yes,15-144C,NoConflict,Yoked,MY,2,CA2,yoked to trained,,CYRSTALS,,7/17/15,,MK,RMH,300,250,Centered on cell layer,,
Yoked + Training,15-144D,Good,Yes,15-144C,NoConflict,Yoked,MZ,3,CA2,yoked to trained,,CYRSTALS,,7/17/15,,MK,RMH,300,250,Centered on cell layer,,
Yoked + Training,15-144D,Good,Yes,15-144C,NoConflict,Yoked,NA,1,DG,yoked to trained,,CYRSTALS,,7/17/15,,MK,RMH,300,250,Centered on cell layer,,
Yoked + Training,15-144D,Good,Yes,15-144C,NoConflict,Yoked,NB,2,DG,yoked to trained,,CYRSTALS,,7/17/15,,MK,RMH,300,250,Centered on cell layer,,
Yoked + Training,15-144D,Good,Yes,15-144C,NoConflict,Yoked,NC,3,DG,yoked to trained,,CYRSTALS,,7/17/15,,MK,RMH,300,250,Centered on cell layer,,
Yoked + Training,15-144D,Good,Yes,15-144C,NoConflict,Yoked,ND,1,CA4,yoked to trained,,CYRSTALS,,7/17/15,,MK,RMH,300,250,Centered on cell layer,,
Yoked + Training,15-144D,Good,Yes,15-144C,NoConflict,Yoked,NE,2,CA4,yoked to trained,,CYRSTALS,,7/17/15,,MK,RMH,300,250,Centered on cell layer,,
Yoked + Training,15-144D,Good,Yes,15-144C,NoConflict,Yoked,NF,3,CA4,yoked to trained,,CYRSTALS,may have lost it,7/17/15,,MK,RMH,300,250,Centered on cell layer,,
Yoked + Training,15-145D,Bad,Yes,15-145C,NoConflict,Yoked,PY,1,CA4,yoked to trained,slice photos,,photos,7/22/15,,MK,RMH,300,250,Centered on cell layer,,
Yoked + Training,15-145D,Bad,Yes,15-145C,NoConflict,Yoked,PZ,2,CA4,yoked to trained,slice photos,,photos,7/22/15,,MK,RMH,300,250,Centered on cell layer,,
Yoked + Training,15-145D,Bad,Yes,15-145C,NoConflict,Yoked,QA,3,CA4,yoked to trained,slice photos,,photos,7/22/15,,MK,RMH,300,250,Centered on cell layer,,
Yoked + Training,15-145D,Bad,Yes,15-145C,NoConflict,Yoked,QB,1,CA1,yoked to trained,slice photos,,photos,7/22/15,,MK,RMH,300,250,Centered on cell layer,,
Yoked + Training,15-145D,Bad,Yes,15-145C,NoConflict,Yoked,QC,2,CA1,yoked to trained,slice photos,,photos,7/22/15,,MK,RMH,300,250,Centered on cell layer,,
Yoked + Training,15-145D,Bad,Yes,15-145C,NoConflict,Yoked,QD,3,CA1,yoked to trained,slice photos,,photos,7/22/15,,MK,RMH,300,250,Centered on cell layer,,
Yoked + Training,15-145D,Bad,Yes,15-145C,NoConflict,Yoked,QE,1,CA3,yoked to trained,slice photos,,no visual confirmation,7/22/15,,MK,RMH,300,250,Centered on cell layer,,
Yoked + Training,15-145D,Bad,Yes,15-145C,NoConflict,Yoked,QF,2,CA3,yoked to trained,slice photos,,no visual confirmation,7/22/15,,MK,RMH,300,250,Centered on cell layer,,
Yoked + Training,15-145D,Bad,Yes,15-145C,NoConflict,Yoked,QG,3,CA3,yoked to trained,slice photos,,photos,7/22/15,,MK,RMH,300,250,Centered on cell layer,,
Yoked + Training,15-145D,Bad,Yes,15-145C,NoConflict,Yoked,QH,1,DG,yoked to trained,slice photos,,photos,7/22/15,,MK,RMH,300,250,Centered on cell layer,,
Yoked + Training,15-145D,Bad,Yes,15-145C,NoConflict,Yoked,QI,2,DG,yoked to trained,slice photos,,photos,7/22/15,,MK,RMH,300,250,Centered on cell layer,,
Yoked + Training,15-145D,Bad,Yes,15-145C,NoConflict,Yoked,QJ,3,DG,yoked to trained,slice photos,,photos,7/22/15,,MK,RMH,300,250,Centered on cell layer,,
Yoked + Training,15-145D,Bad,Yes,15-145C,NoConflict,Yoked,QK,1,CA2,yoked to trained,slice photos,,photos,7/22/15,,MK,RMH,300,250,Centered on cell layer,,
Yoked + Training,15-145D,Bad,Yes,15-145C,NoConflict,Yoked,QL,2,CA2,yoked to trained,slice photos,,photos,7/22/15,,MK,RMH,300,250,Centered on cell layer,,
Yoked + Training,15-145D,Bad,Yes,15-145C,NoConflict,Yoked,QM,3,CA2,yoked to trained,slice photos,,photos,7/22/15,,MK,RMH,300,250,Centered on cell layer,,
Yoked + Training,15-146D,Good,Yes,15-146C,NoConflict,Yoked,SS,1,CA3,yoked to trained,slice photos,,,7/24/15,4:30,MK,RMH,300,250,Centered on cell layer,,
Yoked + Training,15-146D,Good,Yes,15-146C,NoConflict,Yoked,ST,2,CA3,yoked to trained,slice photos,,,7/24/15,4:30,MK,RMH,300,250,Centered on cell layer,,
Yoked + Training,15-146D,Good,Yes,15-146C,NoConflict,Yoked,SU,3,CA3,yoked to trained,slice photos,,,7/24/15,4:30,MK,RMH,300,250,Centered on cell layer,,
Yoked + Training,15-146D,Good,Yes,15-146C,NoConflict,Yoked,SV,4,CA3,yoked to trained,slice photos,,,7/24/15,4:30,MK,RMH,300,250,Centered on cell layer,,
Yoked + Training,15-146D,Good,Yes,15-146C,NoConflict,Yoked,SW,1,CA2,yoked to trained,slice photos,,,7/24/15,4:30,MK,RMH,300,250,Centered on cell layer,,
Yoked + Training,15-146D,Good,Yes,15-146C,NoConflict,Yoked,SX,2,CA2,yoked to trained,slice photos,,,7/24/15,4:30,MK,RMH,300,250,Centered on cell layer,,
Yoked + Training,15-146D,Good,Yes,15-146C,NoConflict,Yoked,SY,3,CA2,yoked to trained,slice photos,,,7/24/15,4:30,MK,RMH,300,250,Centered on cell layer,,
Yoked + Training,15-146D,Good,Yes,15-146C,NoConflict,Yoked,SZ,4,CA2,yoked to trained,slice photos,,,7/24/15,4:30,MK,RMH,300,250,Centered on cell layer,,
Yoked + Training,15-146D,Good,Yes,15-146C,NoConflict,Yoked,TA,1,CA1,yoked to trained,slice photos,,,7/24/15,4:30,MK,RMH,300,250,Centered on cell layer,,
Yoked + Training,15-146D,Good,Yes,15-146C,NoConflict,Yoked,TB,2,CA1,yoked to trained,slice photos,,,7/24/15,4:30,MK,RMH,300,250,Centered on cell layer,,
Yoked + Training,15-146D,Good,Yes,15-146C,NoConflict,Yoked,TC,3,CA1,yoked to trained,slice photos,,,7/24/15,4:30,MK,RMH,300,250,Centered on cell layer,,
Yoked + Training,15-146D,Good,Yes,15-146C,NoConflict,Yoked,TD,4,CA1,yoked to trained,slice photos,,,7/24/15,4:30,MK,RMH,300,250,Centered on cell layer,,
Yoked + Training,15-146D,Good,Yes,15-146C,NoConflict,Yoked,TE,1,DG,yoked to trained,slice photos,,,7/24/15,4:30,MK,RMH,300,250,Centered on cell layer,,
Yoked + Training,15-146D,Good,Yes,15-146C,NoConflict,Yoked,TF,2,DG,yoked to trained,slice photos,,*could have punch TJ in it,7/24/15,4:30,MK,RMH,300,250,Centered on cell layer,,
Yoked + Training,15-146D,Good,Yes,15-146C,NoConflict,Yoked,TG,3,DG,yoked to trained,slice photos,,,7/24/15,4:30,MK,RMH,300,250,Centered on cell layer,,
Yoked + Training,15-146D,Good,Yes,15-146C,NoConflict,Yoked,TH,4,DG,yoked to trained,slice photos,,,7/24/15,4:30,MK,RMH,300,250,Centered on cell layer,,
Yoked + Training,15-146D,Good,Yes,15-146C,NoConflict,Yoked,TI,1,CA4,yoked to trained,slice photos,,,7/24/15,4:30,MK,RMH,300,250,Centered on cell layer,,
Yoked + Training,15-146D,Good,Yes,15-146C,NoConflict,Yoked,TJ,2,CA4,yoked to trained,slice photos,,*not certain this punch is in TJ. Could be in TF,7/24/15,4:30,MK,RMH,300,250,Centered on cell layer,,
Yoked + Training,15-146D,Good,Yes,15-146C,NoConflict,Yoked,TK,3,CA4,yoked to trained,slice photos,,,7/24/15,4:30,MK,RMH,300,250,Centered on cell layer,,
Yoked + Training,15-146D,Good,Yes,15-146C,NoConflict,Yoked,TL,4,CA4,yoked to trained,slice photos,,,7/24/15,4:30,MK,RMH,300,250,Centered on cell layer,,
Yoked + Training,15-147D,Good,Yes,15-147C,NoConflict,Yoked,YI,1,CA3,yoked to trained,slice photos,,,7/29/15,,MK,RMH,300,250,Centered on cell layer,,
Yoked + Training,15-147D,Good,Yes,15-147C,NoConflict,Yoked,YJ,2,CA3,yoked to trained,slice photos,,,7/29/15,,MK,RMH,300,250,Centered on cell layer,,
Yoked + Training,15-147D,Good,Yes,15-147C,NoConflict,Yoked,YK,4,CA3,yoked to trained,slice photos,,,7/29/15,,MK,RMH,300,250,Centered on cell layer,,
Yoked + Training,15-147D,Good,Yes,15-147C,NoConflict,Yoked,YL,5,CA3,yoked to trained,slice photos,,,7/29/15,,MK,RMH,300,250,Centered on cell layer,,
Yoked + Training,15-147D,Good,Yes,15-147C,NoConflict,Yoked,YM,1,DG,yoked to trained,slice photos,,,7/29/15,,MK,RMH,300,250,Centered on cell layer,,
Yoked + Training,15-147D,Good,Yes,15-147C,NoConflict,Yoked,YN,2,DG,yoked to trained,slice photos,,,7/29/15,,MK,RMH,300,250,Centered on cell layer,,
Yoked + Training,15-147D,Good,Yes,15-147C,NoConflict,Yoked,YO,4,DG,yoked to trained,slice photos,,,7/29/15,,MK,RMH,300,250,Centered on cell layer,,
Yoked + Training,15-147D,Good,Yes,15-147C,NoConflict,Yoked,YP,5,DG,yoked to trained,slice photos,,,7/29/15,,MK,RMH,300,250,Centered on cell layer,,
Yoked + Training,15-147D,Good,Yes,15-147C,NoConflict,Yoked,YQ,1,CA1,yoked to trained,slice photos,,,7/29/15,,MK,RMH,300,250,Centered on cell layer,,
Yoked + Training,15-147D,Good,Yes,15-147C,NoConflict,Yoked,YR,2,CA1,yoked to trained,slice photos,,,7/29/15,,MK,RMH,300,250,Centered on cell layer,,
Yoked + Training,15-147D,Good,Yes,15-147C,NoConflict,Yoked,YS,4,CA1,yoked to trained,slice photos,,,7/29/15,,MK,RMH,300,250,Centered on cell layer,,
Yoked + Training,15-147D,Good,Yes,15-147C,NoConflict,Yoked,YT,5,CA1,yoked to trained,slice photos,,,7/29/15,,MK,RMH,300,250,Centered on cell layer,,
Yoked + Training,15-147D,Good,Yes,15-147C,NoConflict,Yoked,YU,1,CA2,yoked to trained,slice photos,,,7/29/15,,MK,RMH,300,250,Centered on cell layer,,
Yoked + Training,15-147D,Good,Yes,15-147C,NoConflict,Yoked,YV,2,CA2,yoked to trained,slice photos,,,7/29/15,,MK,RMH,300,250,Centered on cell layer,,
Yoked + Training,15-147D,Good,Yes,15-147C,NoConflict,Yoked,YZ,4,CA2,yoked to trained,slice photos,,,7/29/15,,MK,RMH,300,250,Centered on cell layer,,
Yoked + Training,15-147D,Good,Yes,15-147C,NoConflict,Yoked,ZA,5,CA2,yoked to trained,slice photos,,,7/29/15,,MK,RMH,300,250,Centered on cell layer,,
Yoked + Training,15-147D,Good,Yes,15-147C,NoConflict,Yoked,ZB,1,CA4,yoked to trained,slice photos,,,7/29/15,,MK,RMH,300,250,Centered on cell layer,,
Yoked + Training,15-147D,Good,Yes,15-147C,NoConflict,Yoked,ZC,2,CA4,yoked to trained,slice photos,,,7/29/15,,MK,RMH,300,250,Centered on cell layer,,
Yoked + Training,15-147D,Good,Yes,15-147C,NoConflict,Yoked,ZD,4,CA4,yoked to trained,slice photos,,,7/29/15,,MK,RMH,300,250,Centered on cell layer,,
Yoked + Training,15-147D,Good,Yes,15-147C,NoConflict,Yoked,ZE,5,CA4,yoked to trained,slice photos,,,7/29/15,,MK,RMH,300,250,Centered on cell layer,,
home cage,15-140E,NA,NA,NA,NA,NA,CA,1,DG,mouse not used for ephys,,500 uM very caudal,500 uM very caudal,6/9/15,,MK,HAH,300,500,outside cell body,6/12/15,RMH
home cage,15-140E,NA,NA,NA,NA,NA,CB,1,CA1,mouse not used for ephys,,,,6/9/15,,MK,HAH,300,500,outside cell body,6/12/15,RMH
home cage,15-140E,NA,NA,NA,NA,NA,CC,1,CA3,mouse not used for ephys,,,,6/9/15,,MK,HAH,300,500,outside cell body,6/12/15,RMH
home cage,15-140E,NA,NA,NA,NA,NA,CD,1,other,mouse not used for ephys,,,SOMATOSENSORY CORTEX,6/9/15,,MK,HAH,300,500,outside cell body,6/12/15,RMH
home cage,15-140E,NA,NA,NA,NA,NA,CE,2,DG,mouse not used for ephys,,,,6/9/15,,MK,HAH,300,500,outside cell body,6/12/15,RMH
home cage,15-140E,NA,NA,NA,NA,NA,CF,2,CA2,mouse not used for ephys,,,,6/9/15,,MK,HAH,300,500,outside cell body,6/12/15,RMH
home cage,15-140E,NA,NA,NA,NA,NA,CG,2,CA1,mouse not used for ephys,,,,6/9/15,,MK,RMH,300,500,outside cell body,6/12/15,RMH
home cage,15-140E,NA,NA,NA,NA,NA,CH,2,CA3,mouse not used for ephys,,,,6/9/15,,MK,RMH,300,500,outside cell body,6/12/15,RMH
home cage,15-140E,NA,NA,NA,NA,NA,CI,3,DG,mouse not used for ephys,,,,6/9/15,,MK,HAH,300,500,outside cell body,6/11/15,RMH
home cage,15-140E,NA,NA,NA,NA,NA,CJ,3,CA3,mouse not used for ephys,,,,6/9/15,,MK,HAH,300,500,outside cell body,6/11/15,RMH
home cage,15-140E,NA,NA,NA,NA,NA,CK,3,CA2,mouse not used for ephys,,,,6/9/15,,MK,HAH,300,500,outside cell body,6/11/15,RMH
home cage,15-140E,NA,NA,NA,NA,NA,CL,3,CA1,mouse not used for ephys,,,,6/9/15,,MK,HAH,300,500,outside cell body,6/11/15,RMH
home cage,15-140E,NA,NA,NA,NA,NA,CM,4,DG,mouse not used for ephys,,,very rostral,6/9/15,,MK,RMH,300,500,outside cell body,6/11/15,RMH
home cage,15-140E,NA,NA,NA,NA,NA,CN,4,CA3,mouse not used for ephys,,,,6/9/15,,MK,RMH,300,500,outside cell body,6/11/15,RMH
home cage,15-140E,NA,NA,NA,NA,NA,CO,4,CA1,mouse not used for ephys,,,,6/9/15,,MK,RMH,300,500,outside cell body,6/11/15,RMH
home cage,15-140E,NA,NA,NA,NA,NA,CP,4,CA2,mouse not used for ephys,,,,6/9/15,,MK,RMH,300,500,outside cell body,6/11/15,RMH
home cage,15-141E,NA,NA,NA,NA,NA,CQ,1,CA3,mouse not used for ephys,,,,6/12/15,,MK,RMH,300,250,outside cell body,14-Jun,RMH
home cage,15-141E,NA,NA,NA,NA,NA,CR,2,CA3,mouse not used for ephys,,,,6/12/15,,MK,RMH,300,250,outside cell body,14-Jun,RMH
home cage,15-141E,NA,NA,NA,NA,NA,CS,3,CA3,mouse not used for ephys,,,,6/12/15,,MK,RMH,300,250,outside cell body,14-Jun,RMH
home cage,15-141E,NA,NA,NA,NA,NA,CT,1,CA2,mouse not used for ephys,,,,6/12/15,,MK,RMH,300,250,outside cell body,14-Jun,RMH
home cage,15-141E,NA,NA,NA,NA,NA,CU,2,CA2,mouse not used for ephys,,,,6/12/15,,MK,RMH,300,250,outside cell body,14-Jun,RMH
home cage,15-141E,NA,NA,NA,NA,NA,CV,3,CA2,mouse not used for ephys,,,,6/12/15,,MK,RMH,300,250,outside cell body,14-Jun,RMH
home cage,15-141E,NA,NA,NA,NA,NA,CW,4,CA2,mouse not used for ephys,,,,6/12/15,,MK,RMH,300,250,outside cell body,14-Jun,RMH
home cage,15-141E,NA,NA,NA,NA,NA,CX,1,CA1,mouse not used for ephys,,,,6/12/15,,MK,RMH,300,250,outside cell body,14-Jun,RMH
home cage,15-141E,NA,NA,NA,NA,NA,CY,2,CA1,mouse not used for ephys,,,,6/12/15,,MK,RMH,300,250,outside cell body,14-Jun,RMH
home cage,15-141E,NA,NA,NA,NA,NA,CZ,3,CA1,mouse not used for ephys,,,,6/12/15,,MK,RMH,300,250,outside cell body,14-Jun,RMH
home cage,15-141E,NA,NA,NA,NA,NA,DA,4,CA1,mouse not used for ephys,,,,6/12/15,,MK,RMH,300,250,outside cell body,14-Jun,RMH
home cage,15-142E,NA,NA,NA,NA,NA,DC,2,DG,mouse not used for ephys,,,,6/14/15,,MK,RMH,300,250,outside cell body,14-Jun,RMH
home cage,15-142E,NA,NA,NA,NA,NA,DD,2,other,mouse not used for ephys,,,CA1 CA2 CA3,6/14/15,,MK,RMH,300,250,outside cell body,14-Jun,RMH
home cage,15-142E,NA,NA,NA,NA,NA,DE,3,DG,mouse not used for ephys,,,,6/14/15,,MK,RMH,300,250,outside cell body,14-Jun,RMH
home cage,15-142E,NA,NA,NA,NA,NA,DF,1,CA1,mouse not used for ephys,,,,6/14/15,,MK,RMH,300,250,outside cell body,14-Jun,RMH
home cage,15-142E,NA,NA,NA,NA,NA,DG,1,DG,mouse not used for ephys,,,,6/14/15,,MK,RMH,300,250,outside cell body,14-Jun,RMH
home cage,15-142E,NA,NA,NA,NA,NA,DH,3,CA1,mouse not used for ephys,,,,6/14/15,,MK,RMH,300,250,outside cell body,14-Jun,RMH
home cage,15-142E,NA,NA,NA,NA,NA,DI,3,CA3,mouse not used for ephys,,,,6/14/15,,MK,RMH,300,250,outside cell body,14-Jun,RMH
home cage,15-142E,NA,NA,NA,NA,NA,DJ,3,CA2,mouse not used for ephys,,,,6/14/15,,MK,RMH,300,250,outside cell body,14-Jun,RMH
home cage,15-142E,NA,NA,NA,NA,NA,DK,4,DG,mouse not used for ephys,,,,6/14/15,,MK,RMH,300,250,outside cell body,14-Jun,RMH
home cage,15-142E,NA,NA,NA,NA,NA,DL,4,CA3,mouse not used for ephys,,,,6/14/15,,MK,RMH,300,250,outside cell body,14-Jun,RMH
home cage,15-142E,NA,NA,NA,NA,NA,DM,4,CA2,mouse not used for ephys,,,,6/14/15,,MK,RMH,300,250,outside cell body,14-Jun,RMH
home cage,15-142E,NA,NA,NA,NA,NA,DN,4,CA1,mouse not used for ephys,,,,6/14/15,,MK,RMH,300,250,outside cell body,14-Jun,RMH
home cage,15-144E,NA,NA,NA,NA,NA,GS,1,CA1,mouse not used for ephys,,,,6/30/15,,MK,RMH,300,250,Centered on cell layer,6/30/15,RMH
home cage,15-144E,NA,NA,NA,NA,NA,GT,1,DG,mouse not used for ephys,,,,6/30/15,,MK,RMH,300,250,Centered on cell layer,6/30/15,RMH
home cage,15-144E,NA,NA,NA,NA,NA,GU,1,CA3,mouse not used for ephys,,,,6/30/15,,MK,RMH,300,250,Centered on cell layer,6/30/15,RMH
home cage,15-144E,NA,NA,NA,NA,NA,GV,1,CA2,mouse not used for ephys,,,,6/30/15,,MK,RMH,300,250,Centered on cell layer,6/30/15,RMH
home cage,15-144E,NA,NA,NA,NA,NA,GW,1,CA4,mouse not used for ephys,,,,6/30/15,,MK,RMH,300,250,Centered on cell layer,                       ,RMH
home cage,15-144E,NA,NA,NA,NA,NA,GX,2,DG,mouse not used for ephys,,,,6/30/15,,MK,RMH,300,250,Centered on cell layer,6/30/15,RMH
home cage,15-144E,NA,NA,NA,NA,NA,GY,3,DG,mouse not used for ephys,,,,6/30/15,,MK,RMH,300,250,Centered on cell layer,6/30/15,RMH
home cage,15-144E,NA,NA,NA,NA,NA,GZ,4,DG,mouse not used for ephys,,,,6/30/15,,MK,RMH,300,250,Centered on cell layer,6/30/15,RMH
home cage,15-144E,NA,NA,NA,NA,NA,HA,3,CA3,mouse not used for ephys,,,,6/30/15,,MK,RMH,300,250,Centered on cell layer,6/30/15,RMH
home cage,15-144E,NA,NA,NA,NA,NA,HB,2,CA3,mouse not used for ephys,,,Bad! Gooey and dried out,6/30/15,,MK,RMH,300,250,Centered on cell layer,6/30/15,RMH
home cage,15-144E,NA,NA,NA,NA,NA,HC,3,CA1,mouse not used for ephys,,,,6/30/15,,MK,RMH,300,250,Centered on cell layer,6/30/15,RMH
home cage,15-144E,NA,NA,NA,NA,NA,HD,3,CA4,mouse not used for ephys,,,,6/30/15,,MK,RMH,300,250,Centered on cell layer,6/30/15,RMH
home cage,15-144E,NA,NA,NA,NA,NA,HE,3,CA2,mouse not used for ephys,,,,6/30/15,,MK,RMH,300,250,Centered on cell layer,6/30/15,RMH
Yoked + Training,15-142D,NA,NA,NA,NA,NA,IP,1,CA4,yoked to trained,slice photos,,,7/6/15,,MK,RMH,300,250,Centered on cell layer,,
Yoked + Training,15-142D,NA,NA,NA,NA,NA,IQ,2,CA4,yoked to trained,slice photos,,,7/6/15,,MK,RMH,300,250,Centered on cell layer,,
Yoked + Training,15-142D,NA,NA,NA,NA,NA,IR,3,CA4,yoked to trained,slice photos,,,7/6/15,,MK,RMH,300,250,Centered on cell layer,,
Yoked + Training,15-142D,NA,NA,NA,NA,NA,IS,3,CA2,yoked to trained,slice photos,,,7/6/15,,MK,RMH,300,250,Centered on cell layer,,
Yoked + Training,15-142D,NA,NA,NA,NA,NA,IT,2,CA2,yoked to trained,slice photos,,,7/6/15,,MK,RMH,300,250,Centered on cell layer,,
Yoked + Training,15-142D,NA,NA,NA,NA,NA,IU,1,CA2,yoked to trained,slice photos,,,7/6/15,,MK,RMH,300,250,Centered on cell layer,,
Yoked + Training,15-142D,NA,NA,NA,NA,NA,IV,3,CA3,yoked to trained,slice photos,,,7/6/15,,MK,RMH,300,250,Centered on cell layer,,
Yoked + Training,15-142D,NA,NA,NA,NA,NA,IW,1,CA1,yoked to trained,slice photos,,,7/6/15,,MK,RMH,300,250,Centered on cell layer,,
Yoked + Training,15-142D,NA,NA,NA,NA,NA,IX,2,CA1,yoked to trained,slice photos,,,7/6/15,,MK,RMH,300,250,Centered on cell layer,,
Yoked + Training,15-142D,NA,NA,NA,NA,NA,IY,3,CA1,yoked to trained,slice photos,,,7/6/15,,MK,RMH,300,250,Centered on cell layer,,
Yoked + Training,15-142D,NA,NA,NA,NA,NA,IZ,2,CA3,yoked to trained,slice photos,,,7/6/15,,MK,RMH,300,250,Centered on cell layer,,
Yoked + Training,15-142D,NA,NA,NA,NA,NA,JA,3,DG,yoked to trained,slice photos,,PHOTOS,7/6/15,,MK,RMH,300,250,Centered on cell layer,,
Yoked + Training,15-142D,NA,NA,NA,NA,NA,JB,2,DG,yoked to trained,slice photos,,,7/6/15,,MK,RMH,300,250,Centered on cell layer,,
Yoked + Training,15-142D,NA,NA,NA,NA,NA,JC,1,DG,yoked to trained,slice photos,,,7/6/15,,MK,RMH,300,250,Centered on cell layer,,
NA,B,NA,NA,NA,NA,NA,LN,1,CA3,yoked to conflict,,,,7/15/15,,MK,RMH,300,250,Centered on cell layer,,
NA,B,NA,NA,NA,NA,NA,LO,2,CA3,yoked to conflict,,,,7/15/15,,MK,RMH,300,250,Centered on cell layer,,
NA,B,NA,NA,NA,NA,NA,LP,3,CA3,yoked to conflict,,,,7/15/15,,MK,RMH,300,250,Centered on cell layer,,
NA,B,NA,NA,NA,NA,NA,LQ,4,CA3,yoked to conflict,,,,7/15/15,,MK,RMH,300,250,Centered on cell layer,,
NA,B,NA,NA,NA,NA,NA,LR,1,CA4,yoked to conflict,,,,7/15/15,,MK,RMH,300,250,Centered on cell layer,,
NA,B,NA,NA,NA,NA,NA,LS,2,CA4,yoked to conflict,,,,7/15/15,,MK,RMH,300,250,Centered on cell layer,,
NA,B,NA,NA,NA,NA,NA,LT,3,CA4,yoked to conflict,,,,7/15/15,,MK,RMH,300,250,Centered on cell layer,,
NA,B,NA,NA,NA,NA,NA,LU,4,CA4,yoked to conflict,,,,7/15/15,,MK,RMH,300,250,Centered on cell layer,,
NA,B,NA,NA,NA,NA,NA,LV,1,CA1,yoked to conflict,,,cant see punch,7/15/15,,MK,RMH,300,250,Centered on cell layer,,
NA,B,NA,NA,NA,NA,NA,LW,2,CA1,yoked to conflict,,,no land mark,7/15/15,,MK,RMH,300,250,Centered on cell layer,,
NA,B,NA,NA,NA,NA,NA,LX,3,CA1,yoked to conflict,,,"bad punch, slipped into other tissue",7/15/15,,MK,RMH,300,250,Centered on cell layer,,
NA,B,NA,NA,NA,NA,NA,LY,4,CA1,yoked to conflict,,,,7/15/15,,MK,RMH,300,250,Centered on cell layer,,
NA,B,NA,NA,NA,NA,NA,LZ,1,CA2,yoked to conflict,,,,7/15/15,,MK,RMH,300,250,Centered on cell layer,,
NA,B,NA,NA,NA,NA,NA,MA,2,CA2,yoked to conflict,,,no land mark,7/15/15,,MK,RMH,300,250,Centered on cell layer,,
NA,B,NA,NA,NA,NA,NA,MB,3,CA2,yoked to conflict,,,,7/15/15,,MK,RMH,300,250,Centered on cell layer,,
NA,B,NA,NA,NA,NA,NA,MC,4,CA2,yoked to conflict,,,slice 1 and 3 are best,7/15/15,,MK,RMH,300,250,Centered on cell layer,,
NA,B,NA,NA,NA,NA,NA,MD,1,DG,yoked to conflict,,,,7/15/15,,MK,RMH,300,250,Centered on cell layer,,
NA,B,NA,NA,NA,NA,NA,ME,2,DG,yoked to conflict,,,,7/15/15,,MK,RMH,300,250,Centered on cell layer,,
NA,B,NA,NA,NA,NA,NA,MF,3,DG,yoked to conflict,,,,7/15/15,,MK,RMH,300,250,Centered on cell layer,,
NA,A,NA,NA,NA,NA,NA,MG,1,DG,trained conflict,,,no visual confirmation,7/15/15,,MK,RMH,300,250,Centered on cell layer,,
NA,A,NA,NA,NA,NA,NA,MH,2,DG,trained conflict,,,no visual confirmation,7/15/15,,MK,RMH,300,250,Centered on cell layer,,
NA,A,NA,NA,NA,NA,NA,MI,2,CA4,trained conflict,,,,7/15/15,,MK,RMH,300,250,Centered on cell layer,,
NA,A,NA,NA,NA,NA,NA,MJ,1,CA4,trained conflict,,,,7/15/15,,MK,RMH,300,250,Centered on cell layer,,
NA,A,NA,NA,NA,NA,NA,MK,1,CA3,trained conflict,,,pretty ventral,7/15/15,,MK,RMH,300,250,Centered on cell layer,,
NA,A,NA,NA,NA,NA,NA,ML,2,CA3,trained conflict,,,pretty ventral,7/15/15,,MK,RMH,300,250,Centered on cell layer,,
NA,A,NA,NA,NA,NA,NA,MM,2,CA2,trained conflict,,,,7/15/15,,MK,RMH,300,250,Centered on cell layer,,
NA,A,NA,NA,NA,NA,NA,MN,1,CA1,trained conflict,,,no land mark,7/15/15,,MK,RMH,300,250,Centered on cell layer,,
NA,A,NA,NA,NA,NA,NA,MO,1,CA2,trained conflict,,,,7/15/15,,MK,RMH,300,250,Centered on cell layer,,
NA,A,NA,NA,NA,NA,NA,MP,2,CA1,trained conflict,,,,7/15/15,,MK,RMH,300,250,Centered on cell layer,,
NA,15-321,NA,NA,NA,NA,NA,VF,1,DG,,,,"very ventral,",7/27/15,,JMA,RMH,??,250,Centered on cell layer,,
NA,15-321,NA,NA,NA,NA,NA,VG,2,DG,,,,"very ventral, 2 punches, part of first lost",7/27/15,,JMA,RMH,??,250,Centered on cell layer,,
NA,15-321,NA,NA,NA,NA,NA,VH,2,CA1,,,,"very ventral,",7/27/15,,JMA,RMH,??,250,Centered on cell layer,,
NA,15-321,NA,NA,NA,NA,NA,VI,1,CA1,,,,"very ventral,",7/27/15,,JMA,RMH,??,250,Centered on cell layer,,
NA,15-310,NA,NA,NA,NA,NA,XT,1,CA3,,slice photos,,,7/29/15,,JMA,RMH,??,250,Centered on cell layer,,
NA,15-310,NA,NA,NA,NA,NA,XU,2,CA3,,slice photos,,,7/29/15,,JMA,RMH,??,250,Centered on cell layer,,
NA,15-310,NA,NA,NA,NA,NA,XV,3,CA3,,slice photos,,,7/29/15,,JMA,RMH,??,250,Centered on cell layer,,
NA,15-310,NA,NA,NA,NA,NA,XW,1,CA2,,slice photos,,,7/29/15,,JMA,RMH,??,250,Centered on cell layer,,
NA,15-310,NA,NA,NA,NA,NA,XX,2,CA2,,slice photos,,,7/29/15,,JMA,RMH,??,250,Centered on cell layer,,
NA,15-310,NA,NA,NA,NA,NA,XY,3,CA2,,slice photos,,,7/29/15,,JMA,RMH,??,250,Centered on cell layer,,
NA,15-310,NA,NA,NA,NA,NA,XZ,1,CA1?,,slice photos,,,7/29/15,,JMA,RMH,??,250,Centered on cell layer,,
NA,15-310,NA,NA,NA,NA,NA,YA,2,CA1,,slice photos,,,7/29/15,,JMA,RMH,??,250,Centered on cell layer,,
NA,15-310,NA,NA,NA,NA,NA,YB,3,CA1?,,slice photos,,,7/29/15,,JMA,RMH,??,250,Centered on cell layer,,
NA,15-310,NA,NA,NA,NA,NA,YC,1,DG,,slice photos,,,7/29/15,,JMA,RMH,??,250,Centered on cell layer,,
NA,15-310,NA,NA,NA,NA,NA,YD,2,DG,,slice photos,,,7/29/15,,JMA,RMH,??,250,Centered on cell layer,,
NA,15-310,NA,NA,NA,NA,NA,YE,3,DG,,slice photos,,,7/29/15,,JMA,RMH,??,250,Centered on cell layer,,
NA,15-310,NA,NA,NA,NA,NA,YF,1,CA4,,slice photos,,,7/29/15,,JMA,RMH,??,250,Centered on cell layer,,
NA,15-310,NA,NA,NA,NA,NA,YG,2,CA4,,slice photos,,,7/29/15,,JMA,RMH,??,250,Centered on cell layer,,
NA,15-310,NA,NA,NA,NA,NA,YH,3,CA4,,slice photos,,,7/29/15,,JMA,RMH,??,250,Centered on cell layer,,
NA,15-331,NA,NA,NA,NA,NA,AAE,1,CA1,,slice photos,,,7/30/15,,JMA,RMH,??,250,Centered on cell layer,,
NA,15-331,NA,NA,NA,NA,NA,AAF,2,CA1,,slice photos,,,7/30/15,,JMA,RMH,??,250,Centered on cell layer,,
NA,15-331,NA,NA,NA,NA,NA,AAG,3,CA1,,slice photos,,,7/30/15,,JMA,RMH,??,250,Centered on cell layer,,
NA,15-331,NA,NA,NA,NA,NA,AAH,1,DG,,slice photos,,,7/30/15,,JMA,RMH,??,250,Centered on cell layer,,
NA,15-331,NA,NA,NA,NA,NA,AAI,2,DG,,slice photos,,,7/30/15,,JMA,RMH,??,250,Centered on cell layer,,
NA,15-331,NA,NA,NA,NA,NA,AAJ,3,DG,,slice photos,,,7/30/15,,JMA,RMH,??,250,Centered on cell layer,,
NA,15-331,NA,NA,NA,NA,NA,AAK,1,CA3,,slice photos,,,7/30/15,,JMA,RMH,??,250,Centered on cell layer,,
NA,15-331,NA,NA,NA,NA,NA,AAL,2,CA3,,slice photos,,,7/30/15,,JMA,RMH,??,250,Centered on cell layer,,
NA,15-331,NA,NA,NA,NA,NA,AAM,3,CA3,,slice photos,,,7/30/15,,JMA,RMH,??,250,Centered on cell layer,,
NA,15-331,NA,NA,NA,NA,NA,AAN,1,CA2,,slice photos,,,7/30/15,,JMA,RMH,??,250,Centered on cell layer,,
NA,15-331,NA,NA,NA,NA,NA,AAO,2,CA2,,slice photos,,,7/30/15,,JMA,RMH,??,250,Centered on cell layer,,
NA,15-331,NA,NA,NA,NA,NA,AAP,3,CA2,,slice photos,,,7/30/15,,JMA,RMH,??,250,Centered on cell layer,,
NA,15-331,NA,NA,NA,NA,NA,AAQ,1,CA4,,slice photos,,,7/30/15,,JMA,RMH,??,250,Centered on cell layer,,
NA,15-331,NA,NA,NA,NA,NA,AAR,2,CA4,,slice photos,,,7/30/15,,JMA,RMH,??,250,Centered on cell layer,,
NA,15-331,NA,NA,NA,NA,NA,AAS,3,CA4,,slice photos,,,7/30/15,,JMA,RMH,??,250,Centered on cell layer,,
NA,???,NA,NA,NA,NA,NA,ACI,1,CA4,,,,,7/31/15,,JMA,RMH,300,250,Centered on cell layer,,
NA,???,NA,NA,NA,NA,NA,ACJ,2,CA4,,,,,7/31/15,,JMA,RMH,300,250,Centered on cell layer,,
NA,???,NA,NA,NA,NA,NA,ACK,3,CA4,,,,,7/31/15,,JMA,RMH,300,250,Centered on cell layer,,
NA,???,NA,NA,NA,NA,NA,ACL,1,CA2,,,,,7/31/15,,JMA,RMH,300,250,Centered on cell layer,,
NA,???,NA,NA,NA,NA,NA,ACM,2,CA1,,,,,7/31/15,,JMA,RMH,300,250,Centered on cell layer,,
NA,???,NA,NA,NA,NA,NA,ACN,3,CA2,,,,,7/31/15,,JMA,RMH,300,250,Centered on cell layer,,
NA,???,NA,NA,NA,NA,NA,ACO,1,CA3,,,,,7/31/15,,JMA,RMH,300,250,Centered on cell layer,,
NA,???,NA,NA,NA,NA,NA,ACP,2,CA2,,,,,7/31/15,,JMA,RMH,300,250,Centered on cell layer,,
NA,???,NA,NA,NA,NA,NA,ACQ,3,CA1,,,,,7/31/15,,JMA,RMH,300,250,Centered on cell layer,,
NA,???,NA,NA,NA,NA,NA,ACR,1,DG,,,,,7/31/15,,JMA,RMH,300,250,Centered on cell layer,,
NA,???,NA,NA,NA,NA,NA,ACS,2,DG,,,,,7/31/15,,JMA,RMH,300,250,Centered on cell layer,,
NA,???,NA,NA,NA,NA,NA,ACT,3,DG,,,,,7/31/15,,JMA,RMH,300,250,Centered on cell layer,,
NA,???,NA,NA,NA,NA,NA,ACU,1,CA1,,,,,7/31/15,,JMA,RMH,300,250,Centered on cell layer,,
NA,???,NA,NA,NA,NA,NA,ACV,2,CA3,,,,,7/31/15,,JMA,RMH,300,250,Centered on cell layer,,
NA,???,NA,NA,NA,NA,NA,ACW,3,CA3,,,,,7/31/15,,JMA,RMH,300,250,Centered on cell layer,,