Tube,Mouse,Slice,Punch,notes.mouse,notes.slice,notes.punch,Date,time,Slice.collector,Punch.Collector,SliceSize,Punchsize,location,photo1.25x,photo1.6x,photo  4x,photo5x,RNAisolationdate,RNAisolator
CA,15-140E,1,DG,,500 uM very caudal,500 uM very caudal,6/9/2015,,MK,HAH,300,500,outside cell body,,,,,6/12/2015,RMH
CB,15-140E,1,CA1,,,,6/9/2015,,MK,HAH,300,500,outside cell body,,,,,6/12/2015,RMH
CC,15-140E,1,CA3,,,,6/9/2015,,MK,HAH,300,500,outside cell body,,,,,6/12/2015,RMH
CD,15-140E,1,other,,,SOMATOSENSORY CORTEX,6/9/2015,,MK,HAH,300,500,outside cell body,,,,,6/12/2015,RMH
CE,15-140E,2,DG,,,,6/9/2015,,MK,HAH,300,500,outside cell body,,,,,6/12/2015,RMH
CF,15-140E,2,CA2,,,,6/9/2015,,MK,HAH,300,500,outside cell body,,,,,6/12/2015,RMH
CG,15-140E,2,CA1,,,,6/9/2015,,MK,RMH,300,500,outside cell body,,,,,6/12/2015,RMH
CH,15-140E,2,CA3,,,,6/9/2015,,MK,RMH,300,500,outside cell body,,,,,6/12/2015,RMH
CI,15-140E,3,DG,,,,6/9/2015,,MK,HAH,300,500,outside cell body,,,,,6/11/2015,RMH
CJ,15-140E,3,CA3,,,,6/9/2015,,MK,HAH,300,500,outside cell body,,,,,6/11/2015,RMH
CK,15-140E,3,CA2,,,,6/9/2015,,MK,HAH,300,500,outside cell body,,,,,6/11/2015,RMH
CL,15-140E,3,CA1,,,,6/9/2015,,MK,HAH,300,500,outside cell body,,,,,6/11/2015,RMH
CM,15-140E,4,DG,,,very rostral,6/9/2015,,MK,RMH,300,500,outside cell body,,,,,6/11/2015,RMH
CN,15-140E,4,CA3,,,,6/9/2015,,MK,RMH,300,500,outside cell body,,,,,6/11/2015,RMH
CO,15-140E,4,CA1,,,,6/9/2015,,MK,RMH,300,500,outside cell body,,,,,6/11/2015,RMH
CP,15-140E,4,CA2,,,,6/9/2015,,MK,RMH,300,500,outside cell body,,,,,6/11/2015,RMH
CQ,15-141E,1,CA3,,,,6/12/2015,,MK,RMH,300,250,outside cell body,,,,,14-Jun,RMH
CR,15-141E,2,CA3,,,,6/12/2015,,MK,RMH,300,250,outside cell body,,,,,14-Jun,RMH
CS,15-141E,3,CA3,,,,6/12/2015,,MK,RMH,300,250,outside cell body,,,,,14-Jun,RMH
CT,15-141E,1,CA2,,,,6/12/2015,,MK,RMH,300,250,outside cell body,,,,,14-Jun,RMH
CU,15-141E,2,CA2,,,,6/12/2015,,MK,RMH,300,250,outside cell body,,,,,14-Jun,RMH
CV,15-141E,3,CA2,,,,6/12/2015,,MK,RMH,300,250,outside cell body,,,,,14-Jun,RMH
CW,15-141E,4,CA2,,,,6/12/2015,,MK,RMH,300,250,outside cell body,,,,,14-Jun,RMH
CX,15-141E,1,CA1,,,,6/12/2015,,MK,RMH,300,250,outside cell body,,,,,14-Jun,RMH
CY,15-141E,2,CA1,,,,6/12/2015,,MK,RMH,300,250,outside cell body,,,,,14-Jun,RMH
CZ,15-141E,3,CA1,,,,6/12/2015,,MK,RMH,300,250,outside cell body,,,,,14-Jun,RMH
DA,15-141E,4,CA1,,,,6/12/2015,,MK,RMH,300,250,outside cell body,,,,,14-Jun,RMH
DC,15-142E,2,DG,,,,6/14/2015,,MK,RMH,300,250,outside cell body,,,,,14-Jun,RMH
DD,15-142E,2,other,,,CA1 CA2 CA3,6/14/2015,,MK,RMH,300,250,outside cell body,,,,,14-Jun,RMH
DE,15-142E,3,DG,,,,6/14/2015,,MK,RMH,300,250,outside cell body,,,,,14-Jun,RMH
DF,15-142E,1,CA1,,,,6/14/2015,,MK,RMH,300,250,outside cell body,,,,,14-Jun,RMH
DG,15-142E,1,DG,,,,6/14/2015,,MK,RMH,300,250,outside cell body,,,,,14-Jun,RMH
DH,15-142E,3,CA1,,,,6/14/2015,,MK,RMH,300,250,outside cell body,,,,,14-Jun,RMH
DI,15-142E,3,CA3,,,,6/14/2015,,MK,RMH,300,250,outside cell body,,,,,14-Jun,RMH
DJ,15-142E,3,CA2,,,,6/14/2015,,MK,RMH,300,250,outside cell body,,,,,14-Jun,RMH
DK,15-142E,4,DG,,,,6/14/2015,,MK,RMH,300,250,outside cell body,,,,,14-Jun,RMH
DL,15-142E,4,CA3,,,,6/14/2015,,MK,RMH,300,250,outside cell body,,,,,14-Jun,RMH
DM,15-142E,4,CA2,,,,6/14/2015,,MK,RMH,300,250,outside cell body,,,,,14-Jun,RMH
DN,15-142E,4,CA1,,,,6/14/2015,,MK,RMH,300,250,outside cell body,,,,,14-Jun,RMH
DP,15-140A,1,DG,mouse not used for ephys,,,6/18/2015,,MK,RMH,300,250,outside cell body,,,,,6/19/2015,RMH
DQ,15-140A,1,CA1,mouse not used for ephys,,,6/18/2015,,MK,RMH,300,250,outside cell body,,,,,6/28/2015,RMH
DR,15-140A,1,CA3,mouse not used for ephys,,,6/18/2015,,MK,RMH,300,250,outside cell body,,,,,6/19/2015,RMH
DS,15-140A,1,CA2,mouse not used for ephys,,,6/18/2015,,MK,RMH,300,250,outside cell body,,,,,6/19/2015,RMH
DT,15-140A,2,DG,mouse not used for ephys,,,6/18/2015,,MK,RMH,300,250,outside cell body,,,,,6/19/2015,RMH
DU,15-140A,3,DG,mouse not used for ephys,,,6/18/2015,,MK,RMH,300,250,outside cell body,,,,,6/19/2015,RMH
DV,15-140A,3,CA1,mouse not used for ephys,,,6/18/2015,,MK,RMH,300,250,outside cell body,,,,,6/19/2015,RMH
DX,15-140A,2,CA1,mouse not used for ephys,,,6/18/2015,,MK,RMH,300,250,outside cell body,,,,,6/19/2015,RMH
DY,15-140A,2,CA3,mouse not used for ephys,,,6/18/2015,,MK,RMH,300,250,outside cell body,,,,,6/28/2015,RMH
DZ,15-140A,3,CA3,mouse not used for ephys,,,6/18/2015,,MK,RMH,300,250,outside cell body,,,,,6/19/2015,RMH
EA,15-140A,3,CA2,mouse not used for ephys,,,6/18/2015,,MK,RMH,300,250,outside cell body,,,,,6/19/2015,RMH
EB,15-140A,2,CA2,mouse not used for ephys,,,6/18/2015,,MK,RMH,300,250,outside cell body,,,,,6/28/2015,RMH
EC,15-140B,1,DG,,,,6/18/2015,,MK,RMH,300,250,outside cell body,,,,,,
ED,15-140B,2,DG,,,,6/18/2015,,MK,RMH,300,250,outside cell body,,,,,6/19/2015,
EF,15-140B,3,DG,,,,6/18/2015,,MK,RMH,300,250,outside cell body,,,,,,
EG,15-140B,4,DG,,,,6/18/2015,,MK,RMH,300,250,outside cell body,,,,,,
EH,15-140B,4,CA1,,,,6/18/2015,,MK,RMH,300,250,outside cell body,,,,,,
EI,15-140B,3,CA1,,,,6/18/2015,,MK,RMH,300,250,outside cell body,,,,,,
EJ,15-140B,2,CA1,,,,6/18/2015,,MK,RMH,300,250,outside cell body,,,,,,
EK,15-140B,1,CA1,,,,6/18/2015,,MK,RMH,300,250,outside cell body,,,,,6/19/2015,
EL,15-140B,2,CA3,,,,6/18/2015,,MK,RMH,300,250,outside cell body,,,,,6/19/2015,
EM,15-140B,1,CA3,,,,6/18/2015,,MK,RMH,300,250,outside cell body,,,,,6/19/2015,
EN,15-140B,3,CA3,,,,6/18/2015,,MK,RMH,300,250,outside cell body,,,,,6/19/2015,
EO,15-140B,4,CA3,,,,6/18/2015,,MK,RMH,300,250,outside cell body,,,,,6/19/2015,
EP,15-140B,4,CA2,,,,6/18/2015,,MK,RMH,300,250,outside cell body,,,,,,
EQ,15-140B,3,CA2,,,,6/18/2015,,MK,RMH,300,250,outside cell body,,,,,,
ER,15-140B,2,CA2,,,,6/18/2015,,MK,RMH,300,250,outside cell body,,,,,6/19/2015,
ES,15-140B,1,CA2,,,,6/18/2015,,MK,RMH,300,250,outside cell body,,,,,,
ET,15-140C,1,DG,,,,6/19/2015,,MK,RMH,300,250,outside cell body,,,,,8/24/2015,RMH
EU,15-140C,2,DG,,,,6/19/2015,,MK,RMH,300,250,outside cell body,,,,,,
EV,15-140C,3,DG,,slice three is best,,6/19/2015,,MK,RMH,300,250,outside cell body,,,,,,
EW,15-140C,3,CA1,,slice three is best,,6/19/2015,,MK,RMH,300,250,outside cell body,,,,,,
EX,15-140C,2,CA1,,,,6/19/2015,,MK,RMH,300,250,outside cell body,,,,,,
EY,15-140C,1,CA1,,,,6/19/2015,,MK,RMH,300,250,outside cell body,,,,,8/24/2015,RMH
EZ,15-140C,1,CA3,,,,6/19/2015,,MK,RMH,300,250,outside cell body,,,,,8/24/2015,RMH
FA,15-140C,2,CA3,,,,6/19/2015,,MK,RMH,300,250,outside cell body,,,,,,
FB,15-140C,3,CA3,,slice three is best,,6/19/2015,,MK,RMH,300,250,outside cell body,,,,,,
FC,15-140C,3,CA2,,slice three is best,,6/19/2015,,MK,RMH,300,250,outside cell body,,,,,,
FD,15-140C,2,CA2,,,,6/19/2015,,MK,RMH,300,250,outside cell body,,,,,,
FE,15-140C,1,CA2,,,,6/19/2015,,MK,RMH,300,250,outside cell body,,,,,8/24/2015,RMH
FF,15-140D,1,CA2,,,,6/19/2015,,MK,RMH,300,250,outside cell body,,,,,8/25/2015,BK
FG,15-140D,2,CA2,,,,6/19/2015,,MK,RMH,300,250,outside cell body,,,,,,
FH,15-140D,3,CA2,,,,6/19/2015,,MK,RMH,300,250,outside cell body,,,,,,
FI,15-140D,3,CA3,,,,6/19/2015,,MK,RMH,300,250,outside cell body,,,,,,
FJ,15-140D,2,CA3,,,,6/19/2015,,MK,RMH,300,250,outside cell body,,,,,,
FK,15-140D,1,CA3,,,,6/19/2015,,MK,RMH,300,250,outside cell body,,,,,8/25/2015,BK
FL,15-140D,1,CA1,,,,6/19/2015,,MK,RMH,300,250,outside cell body,,,,,8/25/2015,BK
FM,15-140D,2,CA1,,,,6/19/2015,,MK,RMH,300,250,outside cell body,,,,,,
FN,15-140D,3,CA1,,,,6/19/2015,,MK,RMH,300,250,outside cell body,,,,,,
FO,15-140D,3,DG,,,,6/19/2015,,MK,RMH,300,250,outside cell body,,,,,,
FP,15-140D,2,DG,,,,6/19/2015,,MK,RMH,300,250,outside cell body,,,,,,
FQ,15-140D,1,DG,,,,6/19/2015,,MK,RMH,300,250,outside cell body,,,,,8/25/2015,BK
FR,15-141C,1,CA4,,,NEW COLLECTION METHOD!!,6/26/2015,,MK,RMH,300,250,Centered on cell layer,,,,,,
FS,15-141C,2,CA4,,,NEW COLLECTION METHOD!!,6/26/2015,,MK,RMH,300,250,Centered on cell layer,,,,,,
FT,15-141C,2,CA3,,,NEW COLLECTION METHOD!!,6/26/2015,,MK,RMH,300,250,Centered on cell layer,,,,,,
FU,15-141C,2,CA3,,,NEW COLLECTION METHOD!!,6/26/2015,,MK,RMH,300,250,Centered on cell layer,,,,,,
FV,15-141C,1,CA3,,,NEW COLLECTION METHOD!!,6/26/2015,,MK,RMH,300,250,Centered on cell layer,,,,,,
FW,15-141C,1,DG,,,NEW COLLECTION METHOD!!,6/26/2015,,MK,RMH,300,250,Centered on cell layer,,,,,,
FY,15-141C,2,DG,,,NEW COLLECTION METHOD!!,6/26/2015,,MK,RMH,300,250,Centered on cell layer,,,,,,
FZ,15-141C,2,CA2,,,NEW COLLECTION METHOD!!,6/26/2015,,MK,RMH,300,250,Centered on cell layer,,,,,,
GA,15-141C,1,CA2,,,NEW COLLECTION METHOD!!,6/26/2015,,MK,RMH,300,250,Centered on cell layer,,,,,,
GB,15-141C,1,CA1,,,. NEW COLLECTION METHOD!! Dried out,6/26/2015,,MK,RMH,300,250,Centered on cell layer,,,,,,
GC,15-141C,2,CA1,,,. NEW COLLECTION METHOD!! Dried out,6/26/2015,,MK,RMH,300,250,Centered on cell layer,,,,,,
GD,15-141D,1,CA2,,,,6/26/2015,,MK,RMH,300,250,Centered on cell layer,,,,,,
GE,15-141D,2,CA2,,,,6/26/2015,,MK,RMH,300,250,Centered on cell layer,,,,,,
GF,15-141D,3,CA2,,,,6/26/2015,,MK,RMH,300,250,Centered on cell layer,,,,,,
GG,15-141D,3,CA1,,,,6/26/2015,,MK,RMH,300,250,Centered on cell layer,,,,,,
GH,15-141D,2,CA1,,,,6/26/2015,,MK,RMH,300,250,Centered on cell layer,,,,,,
GI,15-141D,1,CA1,,,,6/26/2015,,MK,RMH,300,250,Centered on cell layer,,,,,,
GJ,15-141D,1,CA4,,,,6/26/2015,,MK,RMH,300,250,Centered on cell layer,,,,,,
GK,15-141D,2,CA4,,,,6/26/2015,,MK,RMH,300,250,Centered on cell layer,,,,,,
GL,15-141D,3,CA4,,,,6/26/2015,,MK,RMH,300,250,Centered on cell layer,,,,,,
GM,15-141D,3,CA3,,,,6/26/2015,,MK,RMH,300,250,Centered on cell layer,,,,,,
GN,15-141D,2,CA3,,,,6/26/2015,,MK,RMH,300,250,Centered on cell layer,,,,,,
GO,15-141D,1,CA3,,,,6/26/2015,,MK,RMH,300,250,Centered on cell layer,,,,,,
GP,15-141D,1,DG,,,,6/26/2015,,MK,RMH,300,250,Centered on cell layer,,,,,,
GQ,15-141D,2,DG,,,,6/26/2015,,MK,RMH,300,250,Centered on cell layer,,,,,,
GR,15-141D,2,DG,,,,6/26/2015,,MK,RMH,300,250,Centered on cell layer,,,,,,
GS,15-144E,1,CA1,mouse not used for ephys,,,6/30/2015,,MK,RMH,300,250,Centered on cell layer,,,,,6/30/2015,RMH
GT,15-144E,1,DG,mouse not used for ephys,,,6/30/2015,,MK,RMH,300,250,Centered on cell layer,,,,,6/30/2015,RMH
GU,15-144E,1,CA3,mouse not used for ephys,,,6/30/2015,,MK,RMH,300,250,Centered on cell layer,,,,,6/30/2015,RMH
GV,15-144E,1,CA2,mouse not used for ephys,,,6/30/2015,,MK,RMH,300,250,Centered on cell layer,,,,,6/30/2015,RMH
GW,15-144E,1,CA4,mouse not used for ephys,,,6/30/2015,,MK,RMH,300,250,Centered on cell layer,,,,,                       ,RMH
GX,15-144E,2,DG,mouse not used for ephys,,,6/30/2015,,MK,RMH,300,250,Centered on cell layer,,,,,6/30/2015,RMH
GY,15-144E,3,DG,mouse not used for ephys,,,6/30/2015,,MK,RMH,300,250,Centered on cell layer,,,,,6/30/2015,RMH
GZ,15-144E,4,DG,mouse not used for ephys,,,6/30/2015,,MK,RMH,300,250,Centered on cell layer,,,,,6/30/2015,RMH
HA,15-144E,3,CA3,mouse not used for ephys,,,6/30/2015,,MK,RMH,300,250,Centered on cell layer,,,,,6/30/2015,RMH
HB,15-144E,2,CA3,mouse not used for ephys,,Bad! Gooey and dried out,6/30/2015,,MK,RMH,300,250,Centered on cell layer,,,,,6/30/2015,RMH
HC,15-144E,3,CA1,mouse not used for ephys,,,6/30/2015,,MK,RMH,300,250,Centered on cell layer,,,,,6/30/2015,RMH
HD,15-144E,3,CA4,mouse not used for ephys,,,6/30/2015,,MK,RMH,300,250,Centered on cell layer,,,,,6/30/2015,RMH
HE,15-144E,3,CA2,mouse not used for ephys,,,6/30/2015,,MK,RMH,300,250,Centered on cell layer,,,,,6/30/2015,RMH
HF,15-142A,1,CA4,,,,7/2/2015,,MK,RMH,300,250,Centered on cell layer,,,,,,
HG,15-142A,2,CA4,,,,7/2/2015,,MK,RMH,300,250,Centered on cell layer,,,,,,
HH,15-142A,3,CA4,,,,7/2/2015,,MK,RMH,300,250,Centered on cell layer,,,,,,
HI,15-142A,4,DG,,,,7/2/2015,,MK,RMH,300,250,Centered on cell layer,,,,,,
HJ,15-142A,3,DG,,,,7/2/2015,,MK,RMH,300,250,Centered on cell layer,,,,,,
HK,15-142A,2,DG,,,,7/2/2015,,MK,RMH,300,250,Centered on cell layer,,,,,,
HL,15-142A,1,DG,,,,7/2/2015,,MK,RMH,300,250,Centered on cell layer,,,,,,
HM,15-142A,1,CA1,,,,7/2/2015,,MK,RMH,300,250,Centered on cell layer,,,,,,
HN,15-142A,2,CA1,,,,7/2/2015,,MK,RMH,300,250,Centered on cell layer,,,,,,
HO,15-142A,3,CA1,,,,7/2/2015,,MK,RMH,300,250,Centered on cell layer,,,,,,
HP,15-142A,4,CA1,,,,7/2/2015,,MK,RMH,300,250,Centered on cell layer,,,,,,
HQ,15-142A,4,CA3,,,,7/2/2015,,MK,RMH,300,250,Centered on cell layer,,,,,,
HR,15-142A,3,CA3,,,,7/2/2015,,MK,RMH,300,250,Centered on cell layer,,,,,,
HS,15-142A,2,CA3,,,,7/2/2015,,MK,RMH,300,250,Centered on cell layer,,,,,,
HT,15-142A,1,CA3,,,,7/2/2015,,MK,RMH,300,250,Centered on cell layer,,,,,,
HU,15-142A,1,CA2,,,,7/2/2015,,MK,RMH,300,250,Centered on cell layer,,,,,,
HV,15-142A,3,CA2,,,,7/2/2015,,MK,RMH,300,250,Centered on cell layer,,,,,,
HW,15-142B,2,CA1,,,,7/2/2015,,MK,RMH,300,250,Centered on cell layer,,,,,,
HX,15-142B,3,DG,,,,7/2/2015,,MK,RMH,300,250,Centered on cell layer,,,,,,
HY,15-142B,2,CA1,,,,7/2/2015,,MK,RMH,300,250,Centered on cell layer,,,,,,
HZ,15-142B,1,CA1,,,,7/2/2015,,MK,RMH,300,250,Centered on cell layer,,,,,,
IA,15-142B,1,CA2,,,,7/2/2015,,MK,RMH,300,250,Centered on cell layer,,,,,,
IB,15-142B,4,CA1,,,,7/2/2015,,MK,RMH,300,250,Centered on cell layer,,,,,,
IC,15-142B,4,CA2,,,,7/2/2015,,MK,RMH,300,250,Centered on cell layer,,,,,,
ID,15-142B,4,CA3,,,,7/2/2015,,MK,RMH,300,250,Centered on cell layer,,,,,,
IE,15-142B,1,CA3,,,,7/2/2015,,MK,RMH,300,250,Centered on cell layer,,,,,,
IF,15-142B,2,CA3,,,,7/2/2015,,MK,RMH,300,250,Centered on cell layer,,,,,,
IG,15-142B,3,CA3,,,,7/2/2015,,MK,RMH,300,250,Centered on cell layer,,,,,,
IH,15-142B,4,other,,,CA3 CA4,7/2/2015,,MK,RMH,300,250,Centered on cell layer,,,,,,
II,15-142B,1,CA4,,,,7/2/2015,,MK,RMH,300,250,Centered on cell layer,,,,,,
IJ,15-142B,2,CA4,,,,7/2/2015,,MK,RMH,300,250,Centered on cell layer,,,,,,
IK,15-142B,3,CA4,,,,7/2/2015,,MK,RMH,300,250,Centered on cell layer,,,,,,
IL,15-142B,4,DG,,,,7/2/2015,,MK,RMH,300,250,Centered on cell layer,,,,,,
IM,15-142B,1,DG,,,,7/2/2015,,MK,RMH,300,250,Centered on cell layer,,,,,,
IN,15-142B,2,DG,,,,7/2/2015,,MK,RMH,300,250,Centered on cell layer,,,,,,
HF 2,15-142C,1,DG,,,,7/6/2015,,MK,RMH,300,250,Centered on cell layer,,,,,,
HG 2,15-142C,2,DG,,,,7/6/2015,,MK,RMH,300,250,Centered on cell layer,,,,,,
HH 2,15-142C,3,DG,,,,7/6/2015,,MK,RMH,300,250,SORT OF ABOVE CELL LAYER,,,,,,
HI 2,15-142C,3,DG,,,,7/6/2015,,MK,RMH,300,250,CELL LAYER AND BELOW,,,,,,
HJ 2,15-142C,4,DG,,,,7/6/2015,,MK,RMH,300,250,Centered on cell layer,,,,,,
HK 2,15-142C,4,CA1,,,,7/6/2015,,MK,RMH,300,250,Centered on cell layer,,,,,,
HL 2,15-142C,3,CA1,,,,7/6/2015,,MK,RMH,300,250,Centered on cell layer,,,,,,
HM 2,15-142C,2,CA1,,,,7/6/2015,,MK,RMH,300,250,Centered on cell layer,,,,F91EBD_20150511_225019_059,,
HN 2,15-142C,1,CA1,,,,7/6/2015,,MK,RMH,300,250,Centered on cell layer,,,,F91EBD_20150511_224902_727,,
HO 2,15-142C,3,CA4,,,,7/6/2015,,MK,RMH,300,250,Centered on cell layer,,,,,,
HP 2,15-142C,4,CA4,,,,7/6/2015,,MK,RMH,300,250,Centered on cell layer,,,,,,
HQ 2,15-142C,4,CA3,,,,7/6/2015,,MK,RMH,300,250,Centered on cell layer,,,,,,
HR 2,15-142C,3,CA3,,,,7/6/2015,,MK,RMH,300,250,Centered on cell layer,,,,,,
HS 2,15-142C,3,CA2,,,PHOTOS,7/6/2015,,MK,RMH,300,250,Centered on cell layer,F91EBD_20150511_232820_710,F91EBD_20150511_232820_710,,F91EBD_20150511_232820_710,,
HT 2,15-142C,4,CA2,,,PHOTOS,7/6/2015,,MK,RMH,300,250,Centered on cell layer,F91EBD_20150511_232835_780,F91EBD_20150511_232835_780,,,,
IP,15-142D,1,CA4,,,,7/6/2015,,MK,RMH,300,250,Centered on cell layer,,,,,,
IQ,15-142D,2,CA4,,,,7/6/2015,,MK,RMH,300,250,Centered on cell layer,,,,,,
IR,15-142D,3,CA4,,,,7/6/2015,,MK,RMH,300,250,Centered on cell layer,,,,,,
IS,15-142D,3,CA2,,,,7/6/2015,,MK,RMH,300,250,Centered on cell layer,,,,,,
IT,15-142D,2,CA2,,,,7/6/2015,,MK,RMH,300,250,Centered on cell layer,,,,,,
IU,15-142D,1,CA2,,,,7/6/2015,,MK,RMH,300,250,Centered on cell layer,,,,,,
IV,15-142D,3,CA3,,,,7/6/2015,,MK,RMH,300,250,Centered on cell layer,,,,,,
IW,15-142D,1,CA1,,,,7/6/2015,,MK,RMH,300,250,Centered on cell layer,,,,,,
IX,15-142D,2,CA1,,,,7/6/2015,,MK,RMH,300,250,Centered on cell layer,,,,,,
IY,15-142D,3,CA1,,,,7/6/2015,,MK,RMH,300,250,Centered on cell layer,,,,,,
IZ,15-142D,2,CA3,,,,7/6/2015,,MK,RMH,300,250,Centered on cell layer,,,,,,
JA,15-142D,3,DG,,,PHOTOS,7/6/2015,,MK,RMH,300,250,Centered on cell layer,F91EBD_20150511_232930_998,,,F91EBD_20150511_232941_081,,
JB,15-142D,2,DG,,,,7/6/2015,,MK,RMH,300,250,Centered on cell layer,,,,,,
JC,15-142D,1,DG,,,,7/6/2015,,MK,RMH,300,250,Centered on cell layer,,,,,,
JD,15-143A,1,CA4,,,,7/9/2015,,MK,RMH,350,250,Centered on cell layer,,,,,,
JE,15-143A,2,CA4,,,,7/9/2015,,MK,RMH,350,250,Centered on cell layer,,,,,,
JF,15-143A,2,CA3,,,,7/9/2015,,MK,RMH,350,250,Centered on cell layer,,,,,,
JG,15-143A,1,CA3,,,,7/9/2015,,MK,RMH,350,250,Centered on cell layer,,,,,,
JH,15-143A,1,DG,,,,7/9/2015,,MK,RMH,350,250,Centered on cell layer,,,,,,
JI,15-143A,2,DG,,,,7/9/2015,,MK,RMH,350,250,Centered on cell layer,,,,,,
JJ,15-143A,1,CA1,,,,7/9/2015,,MK,RMH,350,250,Centered on cell layer,,,,,,
JK,15-143A,2,CA1,,,,7/9/2015,,MK,RMH,350,250,Centered on cell layer,,,,,,
JL,15-143A,2,CA2,,,,7/9/2015,,MK,RMH,350,250,Centered on cell layer,,,,,,
JM,15-143A,1,CA2,,,,7/9/2015,,MK,RMH,350,250,Centered on cell layer,,,,,,
JN,15-143B,1,CA4,,,,7/9/2015,,MK,RMH,350,250,Centered on cell layer,,,,,,
JO,15-143B,2,CA4,,,,7/9/2015,,MK,RMH,350,250,Centered on cell layer,,,,,,
JP,15-143B,3,CA4,,,,7/9/2015,,MK,RMH,350,250,Centered on cell layer,,,,,,
JQ,15-143B,3,CA3,,,,7/9/2015,,MK,RMH,350,250,Centered on cell layer,,,,,,
JR,15-143B,2,CA3,,,,7/9/2015,,MK,RMH,350,250,Centered on cell layer,,,,,,
JS,15-143B,1,CA3,,,,7/9/2015,,MK,RMH,350,250,Centered on cell layer,,,,,,
JT,15-143B,1,CA2,,,,7/9/2015,,MK,RMH,350,250,Centered on cell layer,,,,,,
JU,15-143B,2,CA2,,,,7/9/2015,,MK,RMH,350,250,Centered on cell layer,,,,,,
JV,15-143B,3,CA2,,,,7/9/2015,,MK,RMH,350,250,Centered on cell layer,,,,,,
JW,15-143B,3,CA1,,,,7/9/2015,,MK,RMH,350,250,Centered on cell layer,,,,,,
JX,15-143B,2,CA1,,,,7/9/2015,,MK,RMH,350,250,Centered on cell layer,,,,,,
JY ,15-143B,1,CA1,,,,7/9/2015,,MK,RMH,350,250,Centered on cell layer,,,,,,
JZ,15-143B,1,DG,,,,7/9/2015,,MK,RMH,350,250,Centered on cell layer,,,,,,
KA,15-143B,2,DG,,,,7/9/2015,,MK,RMH,350,250,Centered on cell layer,,,,,,
KB,15-143B,3,DG,,,,7/9/2015,,MK,RMH,350,250,Centered on cell layer,,,,,,
KC,15-143D,1,CA1,,,,7/9/2015,,MK,RMH,300,250,Centered on cell layer,,,,,,
KD,15-143D,2,CA1,,,,7/9/2015,,MK,RMH,300,250,Centered on cell layer,,,,,,
KF,15-143D,3,CA1,,,,7/9/2015,,MK,RMH,300,250,Centered on cell layer,,,,,,
KG,15-143D,3,CA4,,,,7/9/2015,,MK,RMH,300,250,Centered on cell layer,,,,,,
KH,15-143D,1,CA4,,,,7/9/2015,,MK,RMH,300,250,Centered on cell layer,,,,,,
KJ,15-143D,2,CA4,,,,7/9/2015,,MK,RMH,300,250,Centered on cell layer,,,,,,
KK,15-143D,2,CA3,,,,7/9/2015,,MK,RMH,300,250,Centered on cell layer,,,,,,
KL,15-143D,3,CA3,,,,7/9/2015,,MK,RMH,300,250,Centered on cell layer,,,,,,
KM,15-143D,1,CA3,,,,7/10/2015,,MK,RMH,300,250,Centered on cell layer,,,,,,
KO,15-143D,3,DG,,,,7/10/2015,,MK,RMH,300,250,Centered on cell layer,,,,,,
KP,15-143D,2,DG,,,,7/10/2015,,MK,RMH,300,250,Centered on cell layer,,,,,,
KQ,15-143D,3,CA2,,,,7/10/2015,,MK,RMH,300,250,Centered on cell layer,,,,,,
KR,15-143D,1,CA2,,,,7/10/2015,,MK,RMH,300,250,Centered on cell layer,,,,,,
KX,15-143C,1,CA1,,,,7/10/2015,,MK,RMH,300,250,Centered on cell layer,,,,,,
KY ,15-143C,2,CA1,,,,7/10/2015,,MK,RMH,300,250,Centered on cell layer,,,,,,
LA,15-143C,3,CA1,,,,7/10/2015,,MK,RMH,300,250,Centered on cell layer,,,,,,
LB,15-143C,4,CA1,,,,7/10/2015,,MK,RMH,300,250,Centered on cell layer,,,,,,
LC,15-143C,4,CA3,,,,7/10/2015,,MK,RMH,300,250,Centered on cell layer,,,,,,
LD,15-143C,2,CA3,,,,7/10/2015,,MK,RMH,300,250,Centered on cell layer,,,,,,
LE,15-143C,1,CA3,,,,7/10/2015,,MK,RMH,300,250,Centered on cell layer,,,,,,
LF,15-143C,1,DG,,,,7/10/2015,,MK,RMH,300,250,Centered on cell layer,,,,,,
LG,15-143C,2,DG,,,,7/10/2015,,MK,RMH,300,250,Centered on cell layer,,,,,,
LH,15-143C,4,DG,,,,7/10/2015,,MK,RMH,300,250,Centered on cell layer,,,,,,
LJ,15-143C,2,CA2,,,,7/10/2015,,MK,RMH,300,250,Centered on cell layer,,,,,,
LK,15-143C,1,CA2,,,,7/10/2015,,MK,RMH,300,250,Centered on cell layer,,,,,,
LL,15-143C,1,CA4,,,,7/10/2015,,MK,RMH,300,250,Centered on cell layer,,,,,,
LM,15-143C,2,CA4,,,,7/10/2015,,MK,RMH,300,250,Centered on cell layer,,,,,,
LN,B,1,CA3,,,,7/15/2015,,MK,RMH,300,250,Centered on cell layer,,,,,,
LO,B,2,CA3,,,,7/15/2015,,MK,RMH,300,250,Centered on cell layer,,,,,,
LP,B,3,CA3,,,,7/15/2015,,MK,RMH,300,250,Centered on cell layer,,,,,,
LQ,B,4,CA3,,,,7/15/2015,,MK,RMH,300,250,Centered on cell layer,,,,,,
LR,B,1,CA4,,,,7/15/2015,,MK,RMH,300,250,Centered on cell layer,,,,,,
LS,B,2,CA4,,,,7/15/2015,,MK,RMH,300,250,Centered on cell layer,,,,,,
LT,B,3,CA4,,,,7/15/2015,,MK,RMH,300,250,Centered on cell layer,,,,,,
LU,B,4,CA4,,,,7/15/2015,,MK,RMH,300,250,Centered on cell layer,,,,,,
LV,B,1,CA1,,,cant see punch,7/15/2015,,MK,RMH,300,250,Centered on cell layer,,,,,,
LW,B,2,CA1,,,no land mark,7/15/2015,,MK,RMH,300,250,Centered on cell layer,,,,,,
LX,B,3,CA1,,,"bad punch, slipped into other tissue",7/15/2015,,MK,RMH,300,250,Centered on cell layer,,,,,,
LY,B,4,CA1,,,,7/15/2015,,MK,RMH,300,250,Centered on cell layer,,,,,,
LZ,B,1,CA2,,,,7/15/2015,,MK,RMH,300,250,Centered on cell layer,,,,,,
MA,B,2,CA2,,,no land mark,7/15/2015,,MK,RMH,300,250,Centered on cell layer,,,,,,
MB,B,3,CA2,,,,7/15/2015,,MK,RMH,300,250,Centered on cell layer,,,,,,
MC,B,4,CA2,,,slice 1 and 3 are best,7/15/2015,,MK,RMH,300,250,Centered on cell layer,,,,,,
MD,B,1,DG,,,,7/15/2015,,MK,RMH,300,250,Centered on cell layer,,,,,,
ME,B,2,DG,,,,7/15/2015,,MK,RMH,300,250,Centered on cell layer,,,,,,
MF,B,3,DG,,,,7/15/2015,,MK,RMH,300,250,Centered on cell layer,,,,,,
MG,A,1,DG,,,no visual confirmation,7/15/2015,,MK,RMH,300,250,Centered on cell layer,,,,,,
MH,A,2,DG,,,no visual confirmation,7/15/2015,,MK,RMH,300,250,Centered on cell layer,,,,,,
MI,A,2,CA4,,,,7/15/2015,,MK,RMH,300,250,Centered on cell layer,,,,,,
MJ,A,1,CA4,,,,7/15/2015,,MK,RMH,300,250,Centered on cell layer,,,,,,
MK,A,1,CA3,,,pretty ventral,7/15/2015,,MK,RMH,300,250,Centered on cell layer,,,,,,
ML,A,2,CA3,,,pretty ventral,7/15/2015,,MK,RMH,300,250,Centered on cell layer,,,,,,
MM,A,2,CA2,,,,7/15/2015,,MK,RMH,300,250,Centered on cell layer,,,,,,
MN,A,1,CA1,,,no land mark,7/15/2015,,MK,RMH,300,250,Centered on cell layer,,,,,,
MO,A,1,CA2,,,,7/15/2015,,MK,RMH,300,250,Centered on cell layer,,,,,,
MP,A,2,CA1,,,,7/15/2015,,MK,RMH,300,250,Centered on cell layer,,,,,,
MQ,15-144D,1,CA1,,CYRSTALS,CYRSTALS,7/17/2015,,MK,RMH,300,250,Centered on cell layer,,,,,,
MR,15-144D,2,CA1,,CYRSTALS,,7/17/2015,,MK,RMH,300,250,Centered on cell layer,,,,,,
MS,15-144D,3,CA1,,CYRSTALS,,7/17/2015,,MK,RMH,300,250,Centered on cell layer,,,,,,
MT,15-144D,1,CA3,,CYRSTALS,,7/17/2015,,MK,RMH,300,250,Centered on cell layer,,,,,,
MU,15-144D,2,CA3,,CYRSTALS,,7/17/2015,,MK,RMH,300,250,Centered on cell layer,,,,,,
MV,15-144D,3,CA3,,CYRSTALS,,7/17/2015,,MK,RMH,300,250,Centered on cell layer,,,,,,
MX,15-144D,1,CA2,,CYRSTALS,,7/17/2015,,MK,RMH,300,250,Centered on cell layer,,,,,,
MY,15-144D,2,CA2,,CYRSTALS,,7/17/2015,,MK,RMH,300,250,Centered on cell layer,,,,,,
MZ,15-144D,3,CA2,,CYRSTALS,,7/17/2015,,MK,RMH,300,250,Centered on cell layer,,,,,,
NA,15-144D,1,DG,,CYRSTALS,,7/17/2015,,MK,RMH,300,250,Centered on cell layer,,,,,,
NB,15-144D,2,DG,,CYRSTALS,,7/17/2015,,MK,RMH,300,250,Centered on cell layer,,,,,,
NC,15-144D,3,DG,,CYRSTALS,,7/17/2015,,MK,RMH,300,250,Centered on cell layer,,,,,,
ND,15-144D,1,CA4,,CYRSTALS,,7/17/2015,,MK,RMH,300,250,Centered on cell layer,,,,,,
NE,15-144D,2,CA4,,CYRSTALS,,7/17/2015,,MK,RMH,300,250,Centered on cell layer,,,,,,
NF,15-144D,3,CA4,,CYRSTALS,may have lost it,7/17/2015,,MK,RMH,300,250,Centered on cell layer,,,,,,
NG,15-144C,1,CA1,,,,7/18/2015,,MK,RMH,300,250,Centered on cell layer,,,,,,
NH,15-144C,2,CA1,,,,7/18/2015,,MK,RMH,300,250,Centered on cell layer,,,,,,
NI,15-144C,3,CA1,,,,7/18/2015,,MK,RMH,300,250,Centered on cell layer,,,,,,
NJ,15-144C,1,CA3,,,no visual confirmation of punch,7/18/2015,,MK,RMH,300,250,Centered on cell layer,,,,,,
NK,15-144C,2,CA3,,,,7/18/2015,,MK,RMH,300,250,Centered on cell layer,,,,,,
NL,15-144C,3,CA3,,,,7/18/2015,,MK,RMH,300,250,Centered on cell layer,,,,,,
NM,15-144C,1,DG,,,,7/18/2015,,MK,RMH,300,250,Centered on cell layer,,,,,,
NN,15-144C,2,DG,,,,7/18/2015,,MK,RMH,300,250,Centered on cell layer,,,,,,
NO,15-144C,3,DG,,,,7/18/2015,,MK,RMH,300,250,Centered on cell layer,,,,,,
NP,15-144C,1,CA4,,,no visual confirmation of punch,7/18/2015,,MK,RMH,300,250,Centered on cell layer,,,,,,
NQ,15-144C,2,CA4,,,,7/18/2015,,MK,RMH,300,250,Centered on cell layer,,,,,,
NR,15-144C,3,CA4,,,,7/18/2015,,MK,RMH,300,250,Centered on cell layer,,,,,,
NS,15-144C,1,CA2,,,no visual confirmation of punch,7/18/2015,,MK,RMH,300,250,Centered on cell layer,,,,,,
NT,15-144C,2,CA2,,,,7/18/2015,,MK,RMH,300,250,Centered on cell layer,,,,,,
NU,15-144C,3,CA2,,,,7/18/2015,,MK,RMH,300,250,Centered on cell layer,,,,,,
NV,15-145A,1,CA3,,,collected 3.5 hours late!!!! Slice recovering for very long time,7/18/2015,,MK,RMH,300,250,Centered on cell layer,,,,,,
NX,15-145A,2,CA3,,,collected 3.5 hours late!!!! Slice recovering for very long time,7/18/2015,,MK,RMH,300,250,Centered on cell layer,,,,,,
NY,15-145A,3,CA3,,,collected 3.5 hours late!!!! Slice recovering for very long time,7/18/2015,,MK,RMH,300,250,Centered on cell layer,,,,,,
NZ,15-145A,1,DG,,,no visual confirmation of punch,7/18/2015,,MK,RMH,300,250,Centered on cell layer,,,,,,
OA,15-145A,2,DG,,,collected 3.5 hours late!!!! Slice recovering for very long time,7/18/2015,,MK,RMH,300,250,Centered on cell layer,,,,,,
OB,15-145A,3,DG,,,collected 3.5 hours late!!!! Slice recovering for very long time,7/18/2015,,MK,RMH,300,250,Centered on cell layer,,,,,,
OC,15-145A,1,CA1,,,collected 3.5 hours late!!!! Slice recovering for very long time,7/18/2015,,MK,RMH,300,250,Centered on cell layer,,,,,,
OD,15-145A,2,CA1,,,collected 3.5 hours late!!!! Slice recovering for very long time,7/18/2015,,MK,RMH,300,250,Centered on cell layer,,,,,,
OE,15-145A,3,CA1,,,collected 3.5 hours late!!!! Slice recovering for very long time,7/18/2015,,MK,RMH,300,250,Centered on cell layer,,,,,,
OF,15-145A,1,CA4,,,no visual confirmation of punch,7/18/2015,,MK,RMH,300,250,Centered on cell layer,,,,,,
OG,15-145A,2,CA4,,,collected 3.5 hours late!!!! Slice recovering for very long time,7/18/2015,,MK,RMH,300,250,Centered on cell layer,,,,,,
OH,15-145A,3,CA4,,,collected 3.5 hours late!!!! Slice recovering for very long time,7/18/2015,,MK,RMH,300,250,Centered on cell layer,,,,,,
OI,15-145A,1,CA2,,,collected 3.5 hours late!!!! Slice recovering for very long time,7/18/2015,,MK,RMH,300,250,Centered on cell layer,,,,,,
OJ,15-145A,2,CA2,,,collected 3.5 hours late!!!! Slice recovering for very long time,7/18/2015,,MK,RMH,300,250,Centered on cell layer,,,,,,
OK,15-145A,3,CA2,,,collected 3.5 hours late!!!! Slice recovering for very long time,7/18/2015,,MK,RMH,300,250,Centered on cell layer,,,,,,
OL,15-145B,1,CA2,,,photos,7/18/2015,,MK,RMH,300,250,Centered on cell layer,,,,,,
OM,15-145B,2,CA2,,,photos,7/18/2015,,MK,RMH,300,250,Centered on cell layer,,,,,,
ON,15-145B,3,CA2,,,photos,7/18/2015,,MK,RMH,300,250,Centered on cell layer,,,,,,
OP,15-145B,1,CA1,,,photos,7/18/2015,,MK,RMH,300,250,Centered on cell layer,,,,,,
OQ,15-145B,2,CA1,,,photos,7/18/2015,,MK,RMH,300,250,Centered on cell layer,,,,,,
OR,15-145B,3,CA1,,,photos,7/18/2015,,MK,RMH,300,250,Centered on cell layer,,,,,,
OS,15-145B,1,CA3,,,photos,7/18/2015,,MK,RMH,300,250,Centered on cell layer,,,,,,
OT,15-145B,2,CA3,,,photos,7/18/2015,,MK,RMH,300,250,Centered on cell layer,,,,,,
OU,15-145B,3,CA3,,,photos,7/18/2015,,MK,RMH,300,250,Centered on cell layer,,,,,,
OV,15-145B,1,DG,,,photos,7/18/2015,,MK,RMH,300,250,Centered on cell layer,,,,,,
OX,15-145B,2,DG,,,photos,7/18/2015,,MK,RMH,300,250,Centered on cell layer,,,,,,
OY,15-145B,3,DG,,,photos,7/18/2015,,MK,RMH,300,250,Centered on cell layer,,,,,,
OZ,15-145B,1,CA4,,,photos,7/18/2015,,MK,RMH,300,250,Centered on cell layer,F91EBD_20150521_034734_531,,,F91EBD_20150521_034814_704,,
PA,15-145B,2,CA4,,,photos,7/18/2015,,MK,RMH,300,250,Centered on cell layer,,F91EBD_20150521_034916_987,,F91EBD_20150521_034846_844,,
PB,15-145B,3,CA4,,,photos,7/18/2015,,MK,RMH,300,250,Centered on cell layer,F91EBD_20150521_034948_155,,,F91EBD_20150521_035016_248,,
PC,15-145C,1,CA3,,,photos,7/22/2015,,MK,RMH,300,250,Centered on cell layer,,,,,,
PD,15-145C,2,CA3,,,photos,7/22/2015,,MK,RMH,300,250,Centered on cell layer,,,,,,
PE,15-145C,3,CA3,,,cell layer not very clear,7/22/2015,,MK,RMH,300,250,Centered on cell layer,,,,,,
PF,15-145C,4,CA3,,,cell layer not very clear,7/22/2015,,MK,RMH,300,250,Centered on cell layer,,,,,,
PG,15-145C,1,CA4,,,photos,7/22/2015,,MK,RMH,300,250,Centered on cell layer,,,,,,
PH,15-145C,2,CA4,,,photos,7/22/2015,,MK,RMH,300,250,Centered on cell layer,,,,,,
PI,15-145C,3,CA4,,,photos,7/22/2015,,MK,RMH,300,250,Centered on cell layer,,,,,,
PJ,15-145C,4,CA4,,,no visual confirmation,7/22/2015,,MK,RMH,300,250,Centered on cell layer,,,,,,
PL,15-145C,1,CA1,,,photos,7/22/2015,,MK,RMH,300,250,Centered on cell layer,,,,,,
PM,15-145C,2,CA1,,,photos,7/22/2015,,MK,RMH,300,250,Centered on cell layer,,,,,,
PN,15-145C,3,CA1,,,no well defined,7/22/2015,,MK,RMH,300,250,Centered on cell layer,,,,,,
PO,15-145C,4,CA1,,,no visual confirmation,7/22/2015,,MK,RMH,300,250,Centered on cell layer,,,,,,
PP,15-145C,1,DG,,,photos,7/22/2015,,MK,RMH,300,250,Centered on cell layer,,,,,,
PR,15-145C,3,DG,,,no visual confirmation,7/22/2015,,MK,RMH,300,250,Centered on cell layer,,,,,,
PS,15-145C,4,DG,,,photos,7/22/2015,,MK,RMH,300,250,Centered on cell layer,,,,,,
PT,15-145C,1,CA2,,,photos,7/22/2015,,MK,RMH,300,250,Centered on cell layer,,,,,,
PU,15-145C,2,CA2,,,photos,7/22/2015,,MK,RMH,300,250,Centered on cell layer,,,,,,
PV,15-145C,3,CA2,,,photos,7/22/2015,,MK,RMH,300,250,Centered on cell layer,,,,,,
PX,15-145C,4,CA2,,,may have floating random tissue,7/22/2015,,MK,RMH,300,250,Centered on cell layer,,,,,,
PY,15-145D,1,CA4,,,photos,7/22/2015,,MK,RMH,300,250,Centered on cell layer,,,,,,
PZ,15-145D,2,CA4,,,photos,7/22/2015,,MK,RMH,300,250,Centered on cell layer,,,,,,
QA,15-145D,3,CA4,,,photos,7/22/2015,,MK,RMH,300,250,Centered on cell layer,,,,,,
QB,15-145D,1,CA1,,,photos,7/22/2015,,MK,RMH,300,250,Centered on cell layer,,,,,,
QC,15-145D,2,CA1,,,photos,7/22/2015,,MK,RMH,300,250,Centered on cell layer,,,,,,
QD,15-145D,3,CA1,,,photos,7/22/2015,,MK,RMH,300,250,Centered on cell layer,,,,,,
QE,15-145D,1,CA3,,,no visual confirmation,7/22/2015,,MK,RMH,300,250,Centered on cell layer,,,,,,
QF,15-145D,2,CA3,,,no visual confirmation,7/22/2015,,MK,RMH,300,250,Centered on cell layer,,,,,,
QG,15-145D,3,CA3,,,photos,7/22/2015,,MK,RMH,300,250,Centered on cell layer,,,,,,
QH,15-145D,1,DG,,,photos,7/22/2015,,MK,RMH,300,250,Centered on cell layer,,,,,,
QI,15-145D,2,DG,,,photos,7/22/2015,,MK,RMH,300,250,Centered on cell layer,,,,,,
QJ,15-145D,3,DG,,,photos,7/22/2015,,MK,RMH,300,250,Centered on cell layer,,,,,,
QK,15-145D,1,CA2,,,photos,7/22/2015,,MK,RMH,300,250,Centered on cell layer,,,,,,
QL,15-145D,2,CA2,,,photos,7/22/2015,,MK,RMH,300,250,Centered on cell layer,,,,,,
QM,15-145D,3,CA2,,,photos,7/22/2015,,MK,RMH,300,250,Centered on cell layer,,,,,,
QN,15-146B,1,CA3,,,photos,7/23/2015,10:30,MK,RMH,300,250,Centered on cell layer,,,,,,
QO,15-146B,2,CA3,,,photos,7/23/2015,10:30,MK,RMH,300,250,Centered on cell layer,,,,,,
QP,15-146B,3,CA3,,,photos,7/23/2015,10:30,MK,RMH,300,250,Centered on cell layer,,,,,,
QQ,15-146B,4,CA3,,,photos,7/23/2015,10:30,MK,RMH,300,250,Centered on cell layer,,,,,,
QR,15-146B,1,CA4,,,photos,7/23/2015,10:30,MK,RMH,300,250,Centered on cell layer,,,,,,
QS,15-146B,2,CA4,,,photos,7/23/2015,10:30,MK,RMH,300,250,Centered on cell layer,,,,,,
QT,15-146B,3,CA4,,,photos,7/23/2015,10:30,MK,RMH,300,250,Centered on cell layer,,,,,,
QU,15-146B,4,CA4,,,photos,7/23/2015,10:30,MK,RMH,300,250,Centered on cell layer,,,,,,
QV,15-146B,1,CA2,,,photos,7/23/2015,10:30,MK,RMH,300,250,Centered on cell layer,,,,,,
QW,15-146B,2,CA2,,,photos,7/23/2015,10:30,MK,RMH,300,250,Centered on cell layer,,,,,,
QX,15-146B,3,CA2,,,photos,7/23/2015,10:30,MK,RMH,300,250,below cell layer,,,,,,
QY,15-146B,4,CA2,,,photos,7/23/2015,10:30,MK,RMH,300,250,Centered on cell layer,,,,,,
QZ,15-146B,4,CA2,,,photos,7/23/2015,10:30,MK,RMH,300,250,Centered on cell layer,,,,,,
RA,15-146B,1,CA1,,,photos,7/23/2015,10:30,MK,RMH,300,250,Centered on cell layer,,,,,,
RB,15-146B,2,CA1,,,photos,7/23/2015,10:30,MK,RMH,300,250,Centered on cell layer,,,,,,
RC,15-146B,3,CA1,,,photos,7/23/2015,10:30,MK,RMH,300,250,Centered on cell layer,,,,,,
RD,15-146B,4,CA1,,,photos,7/23/2015,10:30,MK,RMH,300,250,Centered on cell layer,,,,,,
RE,15-146B,1,DG,,,photos,7/23/2015,10:30,MK,RMH,300,250,Centered on cell layer,,,,,,
RF,15-146B,2,DG,,,photos,7/23/2015,10:30,MK,RMH,300,250,Centered on cell layer,,,,,,
RG,15-146B,3,DG,,,photos,7/23/2015,10:30,MK,RMH,300,250,Centered on cell layer,,,,,,
RH,15-146B,4,DG,,,photos,7/23/2015,10:30,MK,RMH,300,250,Centered on cell layer,,,,,,
RI,15-146A,1,DG,,,photos,7/23/2015,4:30,MK,RMH,300,250,Centered on cell layer,,,,,,
RJ,15-146A,2,DG,,,photos,7/23/2015,4:30,MK,RMH,300,250,Centered on cell layer,,,,,,
RK,15-146A,3,DG,,,partial punch,7/23/2015,4:30,MK,RMH,300,250,Centered on cell layer,,,,,,
RL,15-146A,1,CA3,,,,7/23/2015,4:30,MK,RMH,300,250,Centered on cell layer,,,,,,
RM,15-146A,2,CA3,,,,7/23/2015,4:30,MK,RMH,300,250,Centered on cell layer,,,,,,
RN,15-146A,3,CA3,,,,7/23/2015,4:30,MK,RMH,300,250,Centered on cell layer,,,,,,
RO,15-146A,1,CA2,,,,7/23/2015,4:30,MK,RMH,300,250,Centered on cell layer,,,,,,
RP,15-146A,2,CA2,,,,7/23/2015,4:30,MK,RMH,300,250,Centered on cell layer,,,,,,
RQ,15-146A,3,CA2,,,,7/23/2015,4:30,MK,RMH,300,250,Centered on cell layer,,,,,,
RR,15-146A,1,CA1,,,,7/23/2015,4:30,MK,RMH,300,250,Centered on cell layer,,,,,,
RS,15-146A,2,CA1,,,,7/23/2015,4:30,MK,RMH,300,250,Centered on cell layer,,,,,,
RT,15-146A,3,CA1,,,,7/23/2015,4:30,MK,RMH,300,250,Centered on cell layer,,,,,,
RU,15-146A,1,CA4,,,,7/23/2015,4:30,MK,RMH,300,250,Centered on cell layer,,,,,,
RV,15-146A,2,CA4,,,,7/23/2015,4:30,MK,RMH,300,250,Centered on cell layer,,,,,,
RW,15-146A,3,CA4,,,,7/23/2015,4:30,MK,RMH,300,250,Centered on cell layer,,,,,,
RX,15-146C,1,CA1,,,,7/24/2015,10:45,MK,RMH,300,250,Centered on cell layer,,,,,,
RZ,15-146C,2,CA1,,,,7/24/2015,10:45,MK,RMH,300,250,Centered on cell layer,,,,,,
SA,15-146C,3,CA1,,,,7/24/2015,10:45,MK,RMH,300,250,Centered on cell layer,,,,,,
SB,15-146C,4,CA1,,,,7/24/2015,10:45,MK,RMH,300,250,Centered on cell layer,,,,,,
SC,15-146C,1,CA3,,,no visual,7/24/2015,10:45,MK,RMH,300,250,Centered on cell layer,,,,,,
SD,15-146C,2,CA3,,,,7/24/2015,10:45,MK,RMH,300,250,Centered on cell layer,,,,,,
SE,15-146C,3,CA3,,,,7/24/2015,10:45,MK,RMH,300,250,Centered on cell layer,,,,,,
SF,15-146C,4,CA3,,,,7/24/2015,10:45,MK,RMH,300,250,Centered on cell layer,,,,,,
SG,15-146C,1,CA2,,,,7/24/2015,10:45,MK,RMH,300,250,Centered on cell layer,,,,,,
SH,15-146C,2,CA2,,,,7/24/2015,10:45,MK,RMH,300,250,Centered on cell layer,,,,,,
SI,15-146C,3,CA2,,,,7/24/2015,10:45,MK,RMH,300,250,Centered on cell layer,,,,,,
SJ,15-146C,4,CA2,,,,7/24/2015,10:45,MK,RMH,300,250,Centered on cell layer,,,,,,
SK,15-146C,1,CA4,,,,7/24/2015,10:45,MK,RMH,300,250,Centered on cell layer,,,,,,
SL,15-146C,2,CA4,,,,7/24/2015,10:45,MK,RMH,300,250,Centered on cell layer,,,,,,
SM,15-146C,3,CA4,,,,7/24/2015,10:45,MK,RMH,300,250,Centered on cell layer,,,,,,
SN,15-146C,4,CA4,,,no visual,7/24/2015,10:45,MK,RMH,300,250,Centered on cell layer,,,,,,
SO,15-146C,1,DG,,,no visual,7/24/2015,10:45,MK,RMH,300,250,Centered on cell layer,,,,,,
SP,15-146C,2,DG,,,,7/24/2015,10:45,MK,RMH,300,250,Centered on cell layer,,,,,,
SQ,15-146C,3,DG,,,,7/24/2015,10:45,MK,RMH,300,250,Centered on cell layer,,,,,,
SR,15-146C,4,DG,,,no visual,7/24/2015,10:45,MK,RMH,300,250,Centered on cell layer,,,,,,
SS,15-146D,1,CA3,,,,7/24/2015,4:30,MK,RMH,300,250,Centered on cell layer,,,,,,
ST,15-146D,2,CA3,,,,7/24/2015,4:30,MK,RMH,300,250,Centered on cell layer,,,,,,
SU,15-146D,3,CA3,,,,7/24/2015,4:30,MK,RMH,300,250,Centered on cell layer,,,,,,
SV,15-146D,4,CA3,,,,7/24/2015,4:30,MK,RMH,300,250,Centered on cell layer,,,,,,
SW,15-146D,1,CA2,,,,7/24/2015,4:30,MK,RMH,300,250,Centered on cell layer,,,,,,
SX,15-146D,2,CA2,,,,7/24/2015,4:30,MK,RMH,300,250,Centered on cell layer,,,,,,
SY,15-146D,3,CA2,,,,7/24/2015,4:30,MK,RMH,300,250,Centered on cell layer,,,,,,
SZ,15-146D,4,CA2,,,,7/24/2015,4:30,MK,RMH,300,250,Centered on cell layer,,,,,,
TA,15-146D,1,CA1,,,,7/24/2015,4:30,MK,RMH,300,250,Centered on cell layer,,,,,,
TB,15-146D,2,CA1,,,,7/24/2015,4:30,MK,RMH,300,250,Centered on cell layer,,,,,,
TC,15-146D,3,CA1,,,,7/24/2015,4:30,MK,RMH,300,250,Centered on cell layer,,,,,,
TD,15-146D,4,CA1,,,,7/24/2015,4:30,MK,RMH,300,250,Centered on cell layer,,,,,,
TE,15-146D,1,DG,,,,7/24/2015,4:30,MK,RMH,300,250,Centered on cell layer,,,,,,
TF,15-146D,2,DG,,,*could have punch TJ in it,7/24/2015,4:30,MK,RMH,300,250,Centered on cell layer,,,,,,
TG,15-146D,3,DG,,,,7/24/2015,4:30,MK,RMH,300,250,Centered on cell layer,,,,,,
TH,15-146D,4,DG,,,,7/24/2015,4:30,MK,RMH,300,250,Centered on cell layer,,,,,,
TI,15-146D,1,CA4,,,,7/24/2015,4:30,MK,RMH,300,250,Centered on cell layer,,,,,,
TJ,15-146D,2,CA4,,,*not certain this punch is in TJ. Could be in TF,7/24/2015,4:30,MK,RMH,300,250,Centered on cell layer,,,,,,
TK,15-146D,3,CA4,,,,7/24/2015,4:30,MK,RMH,300,250,Centered on cell layer,,,,,,
TL,15-146D,4,CA4,,,,7/24/2015,4:30,MK,RMH,300,250,Centered on cell layer,,,,,,
TM,15-147A,1,CA1,,,,7/25/2015,10:30,MK,RMH,300,250,Centered on cell layer,,,,,,
TN,15-147A,2,CA1,,,,7/25/2015,10:30,MK,RMH,300,250,Centered on cell layer,,,,,,
TO,15-147A,3,CA1,,,,7/25/2015,10:30,MK,RMH,300,250,Centered on cell layer,,,,,,
TP,15-147A,4,CA1,,,no visual confirmation (maybe too much light to see),7/25/2015,10:30,MK,RMH,300,250,Centered on cell layer,,,,,,
TQ,15-147A,1,DG,,,no visual confirmation (maybe too much light to see),7/25/2015,10:30,MK,RMH,300,250,Centered on cell layer,,,,,,
TR,15-147A,2,DG,,,no visual confirmation (maybe too much light to see),7/25/2015,10:30,MK,RMH,300,250,Centered on cell layer,,,,,,
TS,15-147A,3,DG,,,no visual confirmation (maybe too much light to see),7/25/2015,10:30,MK,RMH,300,250,Centered on cell layer,,,,,,
TU,15-147A,4,DG,,,no visual confirmation (maybe too much light to see),7/25/2015,10:30,MK,RMH,300,250,Centered on cell layer,,,,,,
TV,15-147A,1,CA4,,,no visual confirmation (maybe too much light to see),7/25/2015,10:30,MK,RMH,300,250,Centered on cell layer,,,,,,
TW,15-147A,2,CA4,,,no visual confirmation (maybe too much light to see),7/25/2015,10:30,MK,RMH,300,250,Centered on cell layer,,,,,,
TX,15-147A,3,CA4,,,no visual confirmation (maybe too much light to see),7/25/2015,10:30,MK,RMH,300,250,Centered on cell layer,,,,,,
TY,15-147A,4,CA4,,,mangled it!!,7/25/2015,10:30,MK,RMH,300,250,Centered on cell layer,,,,,,
TZ,15-147A,1,CA3,,,,7/25/2015,10:30,MK,RMH,300,250,Centered on cell layer,,,,,,
UA,15-147A,2,CA3,,,,7/25/2015,10:30,MK,RMH,300,250,Centered on cell layer,,,,,,
UB,15-147A,3,CA3,,,no visual confirmation (maybe too much light to see),7/25/2015,10:30,MK,RMH,300,250,Centered on cell layer,,,,,,
UC,15-147A,4,CA3,,,no visual confirmation (maybe too much light to see),7/25/2015,10:30,MK,RMH,300,250,Centered on cell layer,,,,,,
UD,15-147A,1,CA2,,,no visual confirmation (maybe too much light to see),7/25/2015,10:30,MK,RMH,300,250,Centered on cell layer,,,,,,
UE,15-147A,2,CA2,,,no visual confirmation (maybe too much light to see),7/25/2015,10:30,MK,RMH,300,250,Centered on cell layer,,,,,,
UF,15-147A,3,CA2,,,no visual confirmation (maybe too much light to see),7/25/2015,10:30,MK,RMH,300,250,Centered on cell layer,,,,,,
UG,15-147A,4,CA2,,,no visual confirmation (maybe too much light to see),7/25/2015,10:30,MK,RMH,300,250,Centered on cell layer,,,,,,
UH,15-147B,1,CA3,,,,7/25/2015,4:30,MK,RMH,300,250,Centered on cell layer,,,,,,
UI,15-147B,2,CA3,,,,7/25/2015,4:30,MK,RMH,300,250,Centered on cell layer,,,,,,
UJ,15-147B,3,CA3,,,cell layer not very clear,7/25/2015,4:30,MK,RMH,300,250,Centered on cell layer,,,,,,
UK,15-147B,4,CA3,,,,7/25/2015,4:30,MK,RMH,300,250,Centered on cell layer,,,,,,
UL,15-147B,1,CA4,,,no visual confirmation (maybe too much light to see),7/25/2015,4:30,MK,RMH,300,250,Centered on cell layer,,,,,,
UM,15-147B,2,CA4,,,no visual confirmation (maybe too much light to see),7/25/2015,4:30,MK,RMH,300,250,Centered on cell layer,,,,,,
UN,15-147B,3,CA4,,,,7/25/2015,4:30,MK,RMH,300,250,Centered on cell layer,,,,,,
UO,15-147B,4,CA4,,,,7/25/2015,4:30,MK,RMH,300,250,Centered on cell layer,,,,,,
UP,15-147B,1,DG,,,,7/25/2015,4:30,MK,RMH,300,250,Centered on cell layer,,,,,,
UQ,15-147B,2,DG,,,mangled it!!,7/25/2015,4:30,MK,RMH,300,250,Centered on cell layer,,,,,,
UR,15-147B,3,DG,,,,7/25/2015,4:30,MK,RMH,300,250,Centered on cell layer,,,,,,
US,15-147B,4,DG,,,,7/25/2015,4:30,MK,RMH,300,250,Centered on cell layer,,,,,,
UT,15-147B,1,CA1,,,,7/25/2015,4:30,MK,RMH,300,250,Centered on cell layer,,,,,,
UU,15-147B,2,CA1,,,,7/25/2015,4:30,MK,RMH,300,250,Centered on cell layer,,,,,,
UV,15-147B,3,CA1,,,,7/25/2015,4:30,MK,RMH,300,250,Centered on cell layer,,,,,,
UW,15-147B,4,CA1,,,,7/25/2015,4:30,MK,RMH,300,250,Centered on cell layer,,,,,,
UX,15-147B,1,CA2,,,,7/25/2015,4:30,MK,RMH,300,250,Centered on cell layer,,,,,,
UY,15-147B,2,CA2,,,,7/25/2015,4:30,MK,RMH,300,250,Centered on cell layer,,,,,,
UZ,15-147B,3,CA2,,,has 2 punches,7/25/2015,4:30,MK,RMH,300,250,Centered on cell layer,,,,,,
VA,15-147B,4,CA2,,,no visual confirmation,7/25/2015,4:30,MK,RMH,300,250,Centered on cell layer,,,,,,
VB,15-147B,1,Pr,,,piroform cortex. Control huntington region,7/25/2015,4:30,MK,RMH,300,250,Centered on cell layer,,,,,,
VC,15-147B,2,Pr,,,piroform cortex. Control huntington region,7/25/2015,4:30,MK,RMH,300,250,Centered on cell layer,,,,,,
VD,15-147B,3,Pr,,,piroform cortex. Control huntington region,7/25/2015,4:30,MK,RMH,300,250,Centered on cell layer,,,,,,
VE,15-147B,4,Pr,,,piroform cortex. Control huntington region,7/25/2015,4:30,MK,RMH,300,250,Centered on cell layer,,,,,,
VF,15-321,1,DG,,,"very ventral,",7/27/2015,,JM,RMH,??,250,Centered on cell layer,,,,,,
VG,15-321,2,DG,,,"very ventral, 2 punches, part of first lost",7/27/2015,,JM,RMH,??,250,Centered on cell layer,,,,,,
VH,15-321,2,CA1,,,"very ventral,",7/27/2015,,JM,RMH,??,250,Centered on cell layer,,,,,,
VI,15-321,1,CA1,,,"very ventral,",7/27/2015,,JM,RMH,??,250,Centered on cell layer,,,,,,
VJ,15-147,1,CA1,homecage,,,7/27/2015,,MK,RMH,300,250,Centered on cell layer,,,,,,
VK,15-147,2,CA1,homecage,,,7/27/2015,,MK,RMH,300,250,Centered on cell layer,,,,,,
VL,15-147,3,CA1,homecage,,,7/27/2015,,MK,RMH,300,250,Centered on cell layer,,,,,,
VM,15-147,4,CA1,homecage,,,7/27/2015,,MK,RMH,300,250,Centered on cell layer,,,,,,
VN,15-147,1,DG,homecage,,,7/27/2015,,MK,RMH,300,250,Centered on cell layer,,,,,,
VO,15-147,2,DG,homecage,,,7/27/2015,,MK,RMH,300,250,Centered on cell layer,,,,,,
VP,15-147,3,DG,homecage,,,7/27/2015,,MK,RMH,300,250,Centered on cell layer,,,,,,
VQ,15-147,4,DG,homecage,,,7/27/2015,,MK,RMH,300,250,Centered on cell layer,,,,,,
VR,15-147,1,CA4,homecage,,,7/27/2015,,MK,RMH,300,250,Centered on cell layer,,,,,,
VS,15-147,2,CA4,homecage,,,7/27/2015,,MK,RMH,300,250,Centered on cell layer,,,,,,
VT,15-147,3,CA4,homecage,,"has some DG, I think",7/27/2015,,MK,RMH,300,250,Centered on cell layer,,,,,,
VV,15-147,1,CA2,homecage,,,7/27/2015,,MK,RMH,300,250,Centered on cell layer,,,,,,
VW,15-147,2,CA2,homecage,,,7/27/2015,,MK,RMH,300,250,Centered on cell layer,,,,,,
VX,15-147,3,CA2,homecage,,,7/27/2015,,MK,RMH,300,250,Centered on cell layer,,,,,,
VY,15-147,4,CA2,homecage,,,7/27/2015,,MK,RMH,300,250,Centered on cell layer,,,,,,
VZ,15-147,1,CA3,homecage,,,7/27/2015,,MK,RMH,300,250,Centered on cell layer,,,,,,
WA,15-147,2,CA3,homecage,,no visual confirmation,7/27/2015,,MK,RMH,300,250,Centered on cell layer,,,,,,
WB,15-147,3,CA3,homecage,,,7/27/2015,,MK,RMH,300,250,Centered on cell layer,,,,,,
WC,15-147,4,CA3,homecage,,,7/27/2015,,MK,RMH,300,250,Centered on cell layer,,,,,,
WD,15-148,1,CA4,homecage,,no visual confirmation,7/28/2015,,MK,RMH,300,250,Centered on cell layer,,,,,,
WE,15-148,2,CA4,homecage,,,7/28/2015,,MK,RMH,300,250,Centered on cell layer,,,,,,
WF,15-148,3,CA4,homecage,,no visual confirmation,7/28/2015,,MK,RMH,300,250,Centered on cell layer,,,,,,
WG,15-148,4,CA4,homecage,,,7/28/2015,,MK,RMH,300,250,Centered on cell layer,,,,,,
WH,15-148,1,CA3,homecage,,,7/28/2015,,MK,RMH,300,250,Centered on cell layer,,,,,,
WI,15-148,2,CA3,homecage,,,7/28/2015,,MK,RMH,300,250,Centered on cell layer,,,,,,
WJ,15-148,3,CA3,homecage,,,7/28/2015,,MK,RMH,300,250,Centered on cell layer,,,,,,
WK,15-148,4,CA3,homecage,,,7/28/2015,,MK,RMH,300,250,Centered on cell layer,,,,,,
WM,15-148,1,CA2,homecage,,,7/28/2015,,MK,RMH,300,250,Centered on cell layer,,,,,,
WN,15-148,2,CA2,homecage,,,7/28/2015,,MK,RMH,300,250,Centered on cell layer,,,,,,
WO,15-148,3,CA2,homecage,,,7/28/2015,,MK,RMH,300,250,Centered on cell layer,,,,,,
WP,15-148,4,CA2,homecage,,,7/28/2015,,MK,RMH,300,250,Centered on cell layer,,,,,,
WQ,15-148,1,CA1,homecage,,no visual confirmation,7/28/2015,,MK,RMH,300,250,Centered on cell layer,,,,,,
WR,15-148,1,CA1,homecage,,2nd punch is a little to the right of first,7/28/2015,,MK,RMH,300,250,Centered on cell layer,,,,,,
WS,15-148,2,CA1,homecage,,,7/28/2015,,MK,RMH,300,250,Centered on cell layer,,,,,,
WT,15-148,4,CA1,homecage,,,7/28/2015,,MK,RMH,300,250,Centered on cell layer,,,,,,
WU,15-148,3,CA1,homecage,,,7/28/2015,,MK,RMH,300,250,Centered on cell layer,,,,,,
WV,15-148,1,DG,homecage,,no visual confirmation,7/28/2015,,MK,RMH,300,250,Centered on cell layer,,,,,,
WW,15-148,2,DG,homecage,,,7/28/2015,,MK,RMH,300,250,Centered on cell layer,,,,,,
WX,15-148,3,DG,homecage,,no visual confirmation,7/28/2015,,MK,RMH,300,250,Centered on cell layer,,,,,,
WY,15-148,4,DG,homecage,,,7/28/2015,,MK,RMH,300,250,Centered on cell layer,,,,,,
WZ,15-148,2,Pr,homecage,,,7/28/2015,,MK,RMH,300,250,Centered on cell layer,,,,,,
XA,15-148,3,Pr,homecage,,,7/28/2015,,MK,RMH,300,250,Centered on cell layer,,,,,,
XB,15-148,4,Pr,homecage,,,7/28/2015,,MK,RMH,300,250,Centered on cell layer,,,,,,
XC,15-147C,1,DG,,,,7/29/2015,11:21,MK,RMH,300,500,Centered on cell layer,,,,,,
XD,15-147C,2,DG,,,no visual confirmation,7/29/2015,11:21,MK,RMH,300,500,Centered on cell layer,,,,,,
XE,15-147C,3,DG,,,,7/29/2015,11:21,MK,RMH,300,500,Centered on cell layer,,,,,,
XF,15-147C,4,DG,,,no visual confirmation,7/29/2015,11:21,MK,RMH,300,500,Centered on cell layer,,,,,,
XG,15-147C,1,CA3,,,,7/29/2015,11:21,MK,RMH,300,500,Centered on cell layer,,,,,,
XH,15-147C,2,CA3,,,,7/29/2015,11:21,MK,RMH,300,500,Centered on cell layer,,,,,,
XI,15-147C,3,CA3,,,,7/29/2015,11:21,MK,RMH,300,500,Centered on cell layer,,,,,,
XJ,15-147C,4,CA3,,,,7/29/2015,11:21,MK,RMH,300,500,Centered on cell layer,,,,,,
XK,15-147C,2,CA1,,,,7/29/2015,11:21,MK,RMH,300,500,Centered on cell layer,,,,,,
XL,15-147C,3,CA1,,,,7/29/2015,11:21,MK,RMH,300,500,Centered on cell layer,,,,,,
XM,15-147C,4,CA1,,,,7/29/2015,11:21,MK,RMH,300,500,Centered on cell layer,,,,,,
XN,15-147C,2,CA2,,,,7/29/2015,11:21,MK,RMH,300,500,Centered on cell layer,,,,,,
XO,15-147C,3,CA2,,,,7/29/2015,11:21,MK,RMH,300,500,Centered on cell layer,,,,,,
XP,15-147C,4,CA2,,,,7/29/2015,11:21,MK,RMH,300,500,Centered on cell layer,,,,,,
XQ,15-147C,2,CA4,,,,7/29/2015,11:21,MK,RMH,300,500,Centered on cell layer,,,,,,
XR,15-147C,3,CA4,,,,7/29/2015,11:21,MK,RMH,300,500,Centered on cell layer,,,,,,
XT,15-310,1,CA3,,,,7/29/2015,,JM,RMH,??,250,Centered on cell layer,,,,,,
XU,15-310,2,CA3,,,,7/29/2015,,JM,RMH,??,250,Centered on cell layer,,,,,,
XV,15-310,3,CA3,,,,7/29/2015,,JM,RMH,??,250,Centered on cell layer,,,,,,
XW,15-310,1,CA2,,,,7/29/2015,,JM,RMH,??,250,Centered on cell layer,,,,,,
XX,15-310,2,CA2,,,,7/29/2015,,JM,RMH,??,250,Centered on cell layer,,,,,,
XY,15-310,3,CA2,,,,7/29/2015,,JM,RMH,??,250,Centered on cell layer,,,,,,
XZ,15-310,1,CA1?,,,,7/29/2015,,JM,RMH,??,250,Centered on cell layer,,,,,,
YA,15-310,2,CA1,,,,7/29/2015,,JM,RMH,??,250,Centered on cell layer,,,,,,
YB,15-310,3,CA1?,,,,7/29/2015,,JM,RMH,??,250,Centered on cell layer,,,,,,
YC,15-310,1,DG,,,,7/29/2015,,JM,RMH,??,250,Centered on cell layer,,,,,,
YD,15-310,2,DG,,,,7/29/2015,,JM,RMH,??,250,Centered on cell layer,,,,,,
YE,15-310,3,DG,,,,7/29/2015,,JM,RMH,??,250,Centered on cell layer,,,,,,
YF,15-310,1,CA4,,,,7/29/2015,,JM,RMH,??,250,Centered on cell layer,,,,,,
YG,15-310,2,CA4,,,,7/29/2015,,JM,RMH,??,250,Centered on cell layer,,,,,,
YH,15-310,3,CA4,,,,7/29/2015,,JM,RMH,??,250,Centered on cell layer,,,,,,
YI,15-147D,1,CA3,,,,7/29/2015,,MK,RMH,300,250,Centered on cell layer,,,,,,
YJ,15-147D,2,CA3,,,,7/29/2015,,MK,RMH,300,250,Centered on cell layer,,,,,,
YK,15-147D,4,CA3,,,,7/29/2015,,MK,RMH,300,250,Centered on cell layer,,,,,,
YL,15-147D,5,CA3,,,,7/29/2015,,MK,RMH,300,250,Centered on cell layer,,,,,,
YM,15-147D,1,DG,,,,7/29/2015,,MK,RMH,300,250,Centered on cell layer,,,,,,
YN,15-147D,2,DG,,,,7/29/2015,,MK,RMH,300,250,Centered on cell layer,,,,,,
YO,15-147D,4,DG,,,,7/29/2015,,MK,RMH,300,250,Centered on cell layer,,,,,,
YP,15-147D,5,DG,,,,7/29/2015,,MK,RMH,300,250,Centered on cell layer,,,,,,
YQ,15-147D,1,CA1,,,,7/29/2015,,MK,RMH,300,250,Centered on cell layer,,,,,,
YR,15-147D,2,CA1,,,,7/29/2015,,MK,RMH,300,250,Centered on cell layer,,,,,,
YS,15-147D,4,CA1,,,,7/29/2015,,MK,RMH,300,250,Centered on cell layer,,,,,,
YT,15-147D,5,CA1,,,,7/29/2015,,MK,RMH,300,250,Centered on cell layer,,,,,,
YU,15-147D,1,CA2,,,,7/29/2015,,MK,RMH,300,250,Centered on cell layer,,,,,,
YV,15-147D,2,CA2,,,,7/29/2015,,MK,RMH,300,250,Centered on cell layer,,,,,,
YZ,15-147D,4,CA2,,,,7/29/2015,,MK,RMH,300,250,Centered on cell layer,,,,,,
ZA,15-147D,5,CA2,,,,7/29/2015,,MK,RMH,300,250,Centered on cell layer,,,,,,
ZB,15-147D,1,CA4,,,,7/29/2015,,MK,RMH,300,250,Centered on cell layer,,,,,,
ZC,15-147D,2,CA4,,,,7/29/2015,,MK,RMH,300,250,Centered on cell layer,,,,,,
ZD,15-147D,4,CA4,,,,7/29/2015,,MK,RMH,300,250,Centered on cell layer,,,,,,
ZE,15-147D,5,CA4,,,,7/29/2015,,MK,RMH,300,250,Centered on cell layer,,,,,,
ZF,15-148A,1,CA4,,,,7/30/2015,,MK,RMH,300,250,Centered on cell layer,,,,,,
ZG,15-148A,2,CA4,,,,7/30/2015,,MK,RMH,300,250,Centered on cell layer,,,,,,
ZH,15-148A,3,CA4,,,,7/30/2015,,MK,RMH,300,250,Centered on cell layer,,,,,,
ZI,15-148A,1,CA2,,,,7/30/2015,,MK,RMH,300,250,Centered on cell layer,,,,,,
ZJ,15-148A,2,CA2,,,,7/30/2015,,MK,RMH,300,250,Centered on cell layer,,,,,,
ZK,15-148A,3,CA2,,,,7/30/2015,,MK,RMH,300,250,Centered on cell layer,,,,,,
ZL,15-148A,1,CA3,,,,7/30/2015,,MK,RMH,300,250,Centered on cell layer,,,,,,
ZM,15-148A,2,CA3,,,,7/30/2015,,MK,RMH,300,250,Centered on cell layer,,,,,,
ZN,15-148A,3,CA3,,,,7/30/2015,,MK,RMH,300,250,Centered on cell layer,,,,,,
ZO,15-148A,1,DG,,,,7/30/2015,,MK,RMH,300,250,Centered on cell layer,,,,,,
ZP,15-148A,2,DG,,,,7/30/2015,,MK,RMH,300,250,Centered on cell layer,,,,,,
AAA,15-148A,3,DG,,,,7/30/2015,,MK,RMH,300,250,Centered on cell layer,,,,,,
AAB,15-148A,1,CA1,,,,7/30/2015,,MK,RMH,300,250,Centered on cell layer,,,,,,
AAC,15-148A,2,CA1,,,,7/30/2015,,MK,RMH,300,250,Centered on cell layer,,,,,,
AAD,15-148A,3,CA1,,,,7/30/2015,,MK,RMH,300,250,Centered on cell layer,,,,,,
AAE,15-331,1,CA1,,,,7/30/2015,,JM,RMH,??,250,Centered on cell layer,,,,,,
AAF,15-331,2,CA1,,,,7/30/2015,,JM,RMH,??,250,Centered on cell layer,,,,,,
AAG,15-331,3,CA1,,,,7/30/2015,,JM,RMH,??,250,Centered on cell layer,,,,,,
AAH,15-331,1,DG,,,,7/30/2015,,JM,RMH,??,250,Centered on cell layer,,,,,,
AAI,15-331,2,DG,,,,7/30/2015,,JM,RMH,??,250,Centered on cell layer,,,,,,
AAJ,15-331,3,DG,,,,7/30/2015,,JM,RMH,??,250,Centered on cell layer,,,,,,
AAK,15-331,1,CA3,,,,7/30/2015,,JM,RMH,??,250,Centered on cell layer,,,,,,
AAL,15-331,2,CA3,,,,7/30/2015,,JM,RMH,??,250,Centered on cell layer,,,,,,
AAM,15-331,3,CA3,,,,7/30/2015,,JM,RMH,??,250,Centered on cell layer,,,,,,
AAN,15-331,1,CA2,,,,7/30/2015,,JM,RMH,??,250,Centered on cell layer,,,,,,
AAO,15-331,2,CA2,,,,7/30/2015,,JM,RMH,??,250,Centered on cell layer,,,,,,
AAP,15-331,3,CA2,,,,7/30/2015,,JM,RMH,??,250,Centered on cell layer,,,,,,
AAQ,15-331,1,CA4,,,,7/30/2015,,JM,RMH,??,250,Centered on cell layer,,,,,,
AAR,15-331,2,CA4,,,,7/30/2015,,JM,RMH,??,250,Centered on cell layer,,,,,,
AAS,15-331,3,CA4,,,,7/30/2015,,JM,RMH,??,250,Centered on cell layer,,,,,,
AAT,15-148B,1,CA4,,,,7/30/2015,,MK,RMH,300,250,Centered on cell layer,,,,,,
AAU,15-148B,2,CA4,,,,7/30/2015,,MK,RMH,300,250,Centered on cell layer,,,,,,
AAV,15-148B,3,CA4,,,,7/30/2015,,MK,RMH,300,250,Centered on cell layer,,,,,,
AAW,15-148B,4,CA4,,,,7/30/2015,,MK,RMH,300,250,Centered on cell layer,,,,,,
AAX,15-148B,1,CA3,,,,7/30/2015,,MK,RMH,300,250,Centered on cell layer,,,,,,
AAY,15-148B,2,CA3,,,,7/30/2015,,MK,RMH,300,250,Centered on cell layer,,,,,,
AAZ,15-148B,3,CA3,,,,7/30/2015,,MK,RMH,300,250,Centered on cell layer,,,,,,
ABA,15-148B,4,CA3,,,,7/30/2015,,MK,RMH,300,250,Centered on cell layer,,,,,,
ABB,15-148B,1,CA1,,,,7/30/2015,,MK,RMH,300,250,Centered on cell layer,,,,,,
ABC,15-148B,2,CA1,,,,7/30/2015,,MK,RMH,300,250,Centered on cell layer,,,,,,
ABD,15-148B,3,CA1,,,,7/30/2015,,MK,RMH,300,250,Centered on cell layer,,,,,,
ABE,15-148B,4,CA1,,,,7/30/2015,,MK,RMH,300,250,Centered on cell layer,,,,,,
ABF,15-148B,1,CA2,,,,7/30/2015,,MK,RMH,300,250,Centered on cell layer,,,,,,
ABG,15-148B,2,CA2,,,,7/30/2015,,MK,RMH,300,250,Centered on cell layer,,,,,,
ABH,15-148B,3,CA2,,,,7/30/2015,,MK,RMH,300,250,Centered on cell layer,,,,,,
ABI,15-148B,4,CA2,,,,7/30/2015,,MK,RMH,300,250,Centered on cell layer,,,,,,
ABJ,15-148B,1,DG,,,,7/30/2015,,MK,RMH,300,250,Centered on cell layer,,,,,,
ABK,15-148B,2,DG,,,,7/30/2015,,MK,RMH,300,250,Centered on cell layer,,,,,,
ABL,15-148B,3,DG,,,,7/30/2015,,MK,RMH,300,250,Centered on cell layer,,,,,,
ABM,15-148B,4,DG,,,,7/30/2015,,MK,RMH,300,250,Centered on cell layer,,,,,,
ABN,15-148C,1,CA2,,,,7/31/2015,,MK,RMH,300,250,Centered on cell layer,,,,,,
ABO,15-148C,2,CA2,,,,7/31/2015,,MK,RMH,300,250,Centered on cell layer,,,,,,
ABP,15-148C,3,CA2,,,,7/31/2015,,MK,RMH,300,250,Centered on cell layer,,,,,,
ABQ,15-148C,4,CA2,,,,7/31/2015,,MK,RMH,300,250,Centered on cell layer,,,,,,
ABR,15-148C,1,CA4,,,,7/31/2015,,MK,RMH,300,250,Centered on cell layer,,,,,,
ABS,15-148C,2,CA4,,,,7/31/2015,,MK,RMH,300,250,Centered on cell layer,,,,,,
ABT,15-148C,3,CA4,,,,7/31/2015,,MK,RMH,300,250,Centered on cell layer,,,,,,
ABU,15-148C,4,CA4,,,,7/31/2015,,MK,RMH,300,250,Centered on cell layer,,,,,,
ABV,15-148C,1,CA1,,,,7/31/2015,,MK,RMH,300,250,Centered on cell layer,,,,,,
ABW,15-148C,2,CA1,,,,7/31/2015,,MK,RMH,300,250,Centered on cell layer,,,,,,
ABX,15-148C,3,CA1,,,,7/31/2015,,MK,RMH,300,250,Centered on cell layer,,,,,,
ABY,15-148C,4,CA1,,,,7/31/2015,,MK,RMH,300,250,Centered on cell layer,,,,,,
ABZ,15-148C,1,CA3,,,,7/31/2015,,MK,RMH,300,250,Centered on cell layer,,,,,,
ACA,15-148C,2,CA3,,,,7/31/2015,,MK,RMH,300,250,Centered on cell layer,,,,,,
ACB,15-148C,3,CA3,,,,7/31/2015,,MK,RMH,300,250,Centered on cell layer,,,,,,
ACD,15-148C,4,CA3,,,,7/31/2015,,MK,RMH,300,250,Centered on cell layer,,,,,,
ACE,15-148C,1,DG,,,,7/31/2015,,MK,RMH,300,250,Centered on cell layer,,,,,,
ACF,15-148C,2,DG,,,,7/31/2015,,MK,RMH,300,250,Centered on cell layer,,,,,,
ACG,15-148C,3,DG,,,,7/31/2015,,MK,RMH,300,250,Centered on cell layer,,,,,,
ACH,15-148C,4,DG,,,,7/31/2015,,MK,RMH,300,250,Centered on cell layer,,,,,,
ACI,?,1,CA4,,,,7/31/2015,,MK,RMH,300,250,Centered on cell layer,,,,,,
ACJ,?,2,CA4,,,,7/31/2015,,MK,RMH,300,250,Centered on cell layer,,,,,,
ACK,?,3,CA4,,,,7/31/2015,,MK,RMH,300,250,Centered on cell layer,,,,,,
ACL,?,1,CA2,,,,7/31/2015,,MK,RMH,300,250,Centered on cell layer,,,,,,
ACM,?,2,CA1,,,,7/31/2015,,MK,RMH,300,250,Centered on cell layer,,,,,,
ACN,?,3,CA2,,,,7/31/2015,,MK,RMH,300,250,Centered on cell layer,,,,,,
ACO,?,1,CA3,,,,7/31/2015,,MK,RMH,300,250,Centered on cell layer,,,,,,
ACP,?,2,CA2,,,,7/31/2015,,MK,RMH,300,250,Centered on cell layer,,,,,,
ACQ,?,3,CA1,,,,7/31/2015,,MK,RMH,300,250,Centered on cell layer,,,,,,
ACR,?,1,DG,,,,7/31/2015,,MK,RMH,300,250,Centered on cell layer,,,,,,
ACS,?,2,DG,,,,7/31/2015,,MK,RMH,300,250,Centered on cell layer,,,,,,
ACT,?,3,DG,,,,7/31/2015,,MK,RMH,300,250,Centered on cell layer,,,,,,
ACU,?,1,CA1,,,,7/31/2015,,MK,RMH,300,250,Centered on cell layer,,,,,,
ACV,?,2,CA3,,,,7/31/2015,,MK,RMH,300,250,Centered on cell layer,,,,,,
ACW,?,3,CA3,,,,7/31/2015,,MK,RMH,300,250,Centered on cell layer,,,,,,
ACX,15-148D,1,DG,,,,7/31/2015,,MK,RMH,300,250,Centered on cell layer,,,,,,
ACY,15-148D,2,DG,,,,7/31/2015,,MK,RMH,300,250,Centered on cell layer,,,,,,
ACZ,15-148D,3,DG,,,,7/31/2015,,MK,RMH,300,250,Centered on cell layer,,,,,,
ADA,15-148D,4,DG,,,,7/31/2015,,MK,RMH,300,250,Centered on cell layer,,,,,,
ADB,15-148D,1,CA1,,,,7/31/2015,,MK,RMH,300,250,Centered on cell layer,,,,,,
ADC,15-148D,2,CA1,,,,7/31/2015,,MK,RMH,300,250,Centered on cell layer,,,,,,
ADD,15-148D,3,CA1,,,,7/31/2015,,MK,RMH,300,250,Centered on cell layer,,,,,,
ADE,15-148D,4,CA1,,,,7/31/2015,,MK,RMH,300,250,Centered on cell layer,,,,,,
ADF,15-148D,1,CA2,,,,7/31/2015,,MK,RMH,300,250,Centered on cell layer,,,,,,
ADG,15-148D,2,CA2,,,,7/31/2015,,MK,RMH,300,250,Centered on cell layer,,,,,,
ADH,15-148D,3,CA2,,,,7/31/2015,,MK,RMH,300,250,Centered on cell layer,,,,,,
ADI,15-148D,4,CA2,,,,7/31/2015,,MK,RMH,300,250,Centered on cell layer,,,,,,
ADJ,15-148D,2,CA3,,,,7/31/2015,,MK,RMH,300,250,Centered on cell layer,,,,,,
ADK,15-148D,3,CA3,,,,7/31/2015,,MK,RMH,300,250,Centered on cell layer,,,,,,
ADL,15-148D,4,CA3,,,,7/31/2015,,MK,RMH,300,250,Centered on cell layer,,,,,,
ADM,15-148D,5,CA3,,,,7/31/2015,,MK,RMH,300,250,Centered on cell layer,,,,,,
ADN,15-148D,5,DG,,,,7/31/2015,,MK,RMH,300,250,Centered on cell layer,,,,,,
ADO,15-148D,5,CA1,,,,7/31/2015,,MK,RMH,300,250,Centered on cell layer,,,,,,
ADP,15-148D,5,CA2,,,,7/31/2015,,MK,RMH,300,250,Centered on cell layer,,,,,,
ADQ,15-148D,5,CA4,,,,7/31/2015,,MK,RMH,300,250,Centered on cell layer,,,,,,
ADR,15-148D,2,CA4,,,,7/31/2015,,MK,RMH,300,250,Centered on cell layer,,,,,,
ADS,15-148D,3,CA4,,,,7/31/2015,,MK,RMH,300,250,Centered on cell layer,,,,,,
ADT,15-148D,4,CA4,,,,7/31/2015,,MK,RMH,300,250,Centered on cell layer,,,,,,
