Tube,Mouse,Slice,Punch,notes.mouse,photos,notes.slice,notes.punch,Date,time,Slice.collector,Punch.Collector,SliceSize,Punchsize,location,RNAisolationdate,RNAisolator,location,best location,samples,jobnumber,RNAseqID
SB,15-146C,4,CA1,trained,slice photos,,,7/24/15,10:45,MK,RMH,300,250,Centered on cell layer,,,74,74,1,,
SJ,15-146C,4,CA2,trained,slice photos,,,7/24/15,10:45,MK,RMH,300,250,Centered on cell layer,,,74,74,2,,
SF,15-146C,4,CA3,trained,slice photos,,,7/24/15,10:45,MK,RMH,300,250,Centered on cell layer,,,74,74,3,,
SN,15-146C,4,CA4,trained,slice photos,,no visual,7/24/15,10:45,MK,RMH,300,250,Centered on cell layer,,,74,74,4,,
SR,15-146C,4,DG,trained,slice photos,,no visual,7/24/15,10:45,MK,RMH,300,250,Centered on cell layer,,,74,74,5,,
VK,15-147,2,CA1,homecage,slice photos,,,7/27/15,,MK,RMH,300,250,Centered on cell layer,,,74,74,6,,
VW,15-147,2,CA2,homecage,slice photos,,,7/27/15,,MK,RMH,300,250,Centered on cell layer,,,74,74,7,,
WA,15-147,2,CA3,homecage,slice photos,,no visual confirmation,7/27/15,,MK,RMH,300,250,Centered on cell layer,,,74,74,8,,
VS,15-147,2,CA4,homecage,slice photos,,,7/27/15,,MK,RMH,300,250,Centered on cell layer,,,74,74,9,,
VO,15-147,2,DG,homecage,slice photos,,,7/27/15,,MK,RMH,300,250,Centered on cell layer,,,74,74,10,,
YQ,15-147D,1,CA1,yoked to trained,slice photos,,,7/29/15,,MK,RMH,300,250,Centered on cell layer,,,74,74,11,,
YU,15-147D,1,CA2,yoked to trained,slice photos,,,7/29/15,,MK,RMH,300,250,Centered on cell layer,,,74,74,12,,
YI,15-147D,1,CA3,yoked to trained,slice photos,,,7/29/15,,MK,RMH,300,250,Centered on cell layer,,,74,74,13,,
ZB,15-147D,1,CA4,yoked to trained,slice photos,,,7/29/15,,MK,RMH,300,250,Centered on cell layer,,,74,74,14,,
YM,15-147D,1,DG,yoked to trained,slice photos,,,7/29/15,,MK,RMH,300,250,Centered on cell layer,,,74,74,15,,
ABX,15-148C,3,CA1,trained,slice photos,,,7/31/15,,MK,RMH,300,250,Centered on cell layer,,,74,74,16,,
ABP,15-148C,3,CA2,trained,slice photos,,,7/31/15,,MK,RMH,300,250,Centered on cell layer,,,74,74,17,,
ACB,15-148C,3,CA3,trained,slice photos,,,7/31/15,,MK,RMH,300,250,Centered on cell layer,,,74,74,18,,
ABT,15-148C,3,CA4,trained,slice photos,,,7/31/15,,MK,RMH,300,250,Centered on cell layer,,,74,74,19,,
ACG,15-148C,3,DG,trained,slice photos,,,7/31/15,,MK,RMH,300,250,Centered on cell layer,,,74,74,20,,
ADD,15-148D,3,CA1,yoked to trained,slice photos,,,7/31/15,,MK,RMH,300,250,Centered on cell layer,,,74,74,21,,
ADH,15-148D,3,CA2,yoked to trained,slice photos,,,7/31/15,,MK,RMH,300,250,Centered on cell layer,,,74,74,22,,
ADK,15-148D,3,CA3,yoked to trained,slice photos,,,7/31/15,,MK,RMH,300,250,Centered on cell layer,,,74,74,23,,
ADS,15-148D,3,CA4,yoked to trained,slice photos,,,7/31/15,,MK,RMH,300,250,Centered on cell layer,,,74,74,24,,
ACZ,15-148D,3,DG,yoked to trained,slice photos,,,7/31/15,,MK,RMH,300,250,Centered on cell layer,,,74,74,25,,
OP,15-145B,1,CA1,yoked to conflict,slice photos,,photos,7/18/15,,MK,RMH,300,250,Centered on cell layer,,,75,75,26,,
OL,15-145B,1,CA2,yoked to conflict,slice photos,,photos,7/18/15,,MK,RMH,300,250,Centered on cell layer,,,75,75,27,,
OS,15-145B,1,CA3,yoked to conflict,slice photos,,photos,7/18/15,,MK,RMH,300,250,Centered on cell layer,,,75,75,28,,
OZ,15-145B,1,CA4,yoked to conflict,slice photos,,photos,7/18/15,,MK,RMH,300,250,Centered on cell layer,,,75,75,29,,
OV,15-145B,1,DG,yoked to conflict,slice photos,,photos,7/18/15,,MK,RMH,300,250,Centered on cell layer,,,75,75,30,,
PN,15-145C,3,CA1,trained,slice photos,,no well defined,7/22/15,,MK,RMH,300,250,Centered on cell layer,,,75,75,31,,
PV,15-145C,3,CA2,trained,slice photos,,photos,7/22/15,,MK,RMH,300,250,Centered on cell layer,,,75,75,32,,
PE,15-145C,3,CA3,trained,slice photos,,cell layer not very clear,7/22/15,,MK,RMH,300,250,Centered on cell layer,,,75,75,33,,
PI,15-145C,3,CA4,trained,slice photos,,photos,7/22/15,,MK,RMH,300,250,Centered on cell layer,,,75,75,34,,
PR,15-145C,3,DG,trained,slice photos,,no visual confirmation,7/22/15,,MK,RMH,300,250,Centered on cell layer,,,75,75,35,,
QD,15-145D,3,CA1,yoked to trained,slice photos,,photos,7/22/15,,MK,RMH,300,250,Centered on cell layer,,,75,75,36,,
QM,15-145D,3,CA2,yoked to trained,slice photos,,photos,7/22/15,,MK,RMH,300,250,Centered on cell layer,,,75,75,37,,
QG,15-145D,3,CA3,yoked to trained,slice photos,,photos,7/22/15,,MK,RMH,300,250,Centered on cell layer,,,75,75,38,,
QA,15-145D,3,CA4,yoked to trained,slice photos,,photos,7/22/15,,MK,RMH,300,250,Centered on cell layer,,,75,75,39,,
QJ,15-145D,3,DG,yoked to trained,slice photos,,photos,7/22/15,,MK,RMH,300,250,Centered on cell layer,,,75,75,40,,
RS,15-146A,2,CA1,trained conflict,slice photos,,,7/23/15,4:30,MK,RMH,300,250,Centered on cell layer,,,75,75,41,,
RP,15-146A,2,CA2,trained conflict,slice photos,,,7/23/15,4:30,MK,RMH,300,250,Centered on cell layer,,,75,75,42,,
RM,15-146A,2,CA3,trained conflict,slice photos,,,7/23/15,4:30,MK,RMH,300,250,Centered on cell layer,,,75,75,43,,
RV,15-146A,2,CA4,trained conflict,slice photos,,,7/23/15,4:30,MK,RMH,300,250,Centered on cell layer,,,75,75,44,,
RJ,15-146A,2,DG,trained conflict,slice photos,,photos,7/23/15,4:30,MK,RMH,300,250,Centered on cell layer,,,75,75,45,,
RB,15-146B,2,CA1,yoked to conflict,slice photos,,photos,7/23/15,10:30,MK,RMH,300,250,Centered on cell layer,,,75,75,46,,
QW,15-146B,2,CA2,yoked to conflict,slice photos,,photos,7/23/15,10:30,MK,RMH,300,250,Centered on cell layer,,,75,75,47,,
QO,15-146B,2,CA3,yoked to conflict,slice photos,,photos,7/23/15,10:30,MK,RMH,300,250,Centered on cell layer,,,75,75,48,,
QS,15-146B,2,CA4,yoked to conflict,slice photos,,photos,7/23/15,10:30,MK,RMH,300,250,Centered on cell layer,,,75,75,49,,
RF,15-146B,2,DG,yoked to conflict,slice photos,,photos,7/23/15,10:30,MK,RMH,300,250,Centered on cell layer,,,75,75,50,,
TB,15-146D,2,CA1,yoked to trained,slice photos,,,7/24/15,4:30,MK,RMH,300,250,Centered on cell layer,,,75,75,51,,
SX,15-146D,2,CA2,yoked to trained,slice photos,,,7/24/15,4:30,MK,RMH,300,250,Centered on cell layer,,,75,75,52,,
ST,15-146D,2,CA3,yoked to trained,slice photos,,,7/24/15,4:30,MK,RMH,300,250,Centered on cell layer,,,75,75,53,,
TJ,15-146D,2,CA4,yoked to trained,slice photos,,*not certain this punch is in TJ. Could be in TF,7/24/15,4:30,MK,RMH,300,250,Centered on cell layer,,,75,75,54,,
TF,15-146D,2,DG,yoked to trained,slice photos,,*could have punch TJ in it,7/24/15,4:30,MK,RMH,300,250,Centered on cell layer,,,75,75,55,,
TN,15-147A,2,CA1,trained conflict,slice photos,,,7/25/15,10:30,MK,RMH,300,250,Centered on cell layer,,,75,75,56,,
UE,15-147A,2,CA2,trained conflict,slice photos,,no visual confirmation (maybe too much light to see),7/25/15,10:30,MK,RMH,300,250,Centered on cell layer,,,75,75,57,,
UA,15-147A,2,CA3,trained conflict,slice photos,,,7/25/15,10:30,MK,RMH,300,250,Centered on cell layer,,,75,75,58,,
TW,15-147A,2,CA4,trained conflict,slice photos,,no visual confirmation (maybe too much light to see),7/25/15,10:30,MK,RMH,300,250,Centered on cell layer,,,75,75,59,,
TR,15-147A,2,DG,trained conflict,slice photos,,no visual confirmation (maybe too much light to see),7/25/15,10:30,MK,RMH,300,250,Centered on cell layer,,,75,75,60,,
UW,15-147B,4,CA1,yoked to conflict,slice photos,,,7/25/15,4:30,MK,RMH,300,250,Centered on cell layer,,,75,75,61,,
VA,15-147B,4,CA2,yoked to conflict,slice photos,,no visual confirmation,7/25/15,4:30,MK,RMH,300,250,Centered on cell layer,,,75,75,62,,
UK,15-147B,4,CA3,yoked to conflict,slice photos,,,7/25/15,4:30,MK,RMH,300,250,Centered on cell layer,,,75,75,63,,
UO,15-147B,4,CA4,yoked to conflict,slice photos,,,7/25/15,4:30,MK,RMH,300,250,Centered on cell layer,,,75,75,64,,
US,15-147B,4,DG,yoked to conflict,slice photos,,,7/25/15,4:30,MK,RMH,300,250,Centered on cell layer,,,75,75,65,,
VE,15-147B,4,Pr,yoked to conflict,slice photos,,piroform cortex. Control huntington region,7/25/15,4:30,MK,RMH,300,250,Centered on cell layer,,,,,,,
XL,15-147C,3,CA1,trained,slice photos,,,7/29/15,11:21,MK,RMH,300,500,Centered on cell layer,,,75,75,66,,
XO,15-147C,3,CA2,trained,slice photos,,,7/29/15,11:21,MK,RMH,300,500,Centered on cell layer,,,75,75,67,,
XI,15-147C,3,CA3,trained,slice photos,,,7/29/15,11:21,MK,RMH,300,500,Centered on cell layer,,,75,75,68,,
XR,15-147C,3,CA4,trained,slice photos,,,7/29/15,11:21,MK,RMH,300,500,Centered on cell layer,,,75,75,69,,
XE,15-147C,3,DG,trained,slice photos,,,7/29/15,11:21,MK,RMH,300,500,Centered on cell layer,,,75,75,70,,
AAD,15-148A,3,CA1,trained conflict,slice photos,,,7/30/15,,MK,RMH,300,250,Centered on cell layer,,,75,75,71,,
ZK,15-148A,3,CA2,trained conflict,slice photos,,,7/30/15,,MK,RMH,300,250,Centered on cell layer,,,75,75,72,,
ZN,15-148A,3,CA3,trained conflict,slice photos,,,7/30/15,,MK,RMH,300,250,Centered on cell layer,,,75,75,73,,
ZH,15-148A,3,CA4,trained conflict,slice photos,,,7/30/15,,MK,RMH,300,250,Centered on cell layer,,,75,75,74,,
AAA,15-148A,3,DG,trained conflict,slice photos,,,7/30/15,,MK,RMH,300,250,Centered on cell layer,,,75,75,75,,
ABE,15-148B,4,CA1,yoked to conflict,slice photos,,,7/30/15,,MK,RMH,300,250,Centered on cell layer,,,75,75,76,,
ABI,15-148B,4,CA2,yoked to conflict,slice photos,,,7/30/15,,MK,RMH,300,250,Centered on cell layer,,,75,75,77,,
ABA,15-148B,4,CA3,yoked to conflict,slice photos,,,7/30/15,,MK,RMH,300,250,Centered on cell layer,,,75,75,78,,
AAW,15-148B,4,CA4,yoked to conflict,slice photos,,,7/30/15,,MK,RMH,300,250,Centered on cell layer,,,75,75,79,,
ABM,15-148B,4,DG,yoked to conflict,slice photos,,,7/30/15,,MK,RMH,300,250,Centered on cell layer,,,75,75,80,,
WS,15-148,2,CA1,homecage,slice photos,,,7/28/15,,MK,RMH,300,250,Centered on cell layer,,,77,77,81,,
WN,15-148,2,CA2,homecage,slice photos,,,7/28/15,,MK,RMH,300,250,Centered on cell layer,,,77,77,82,,
WI,15-148,2,CA3,homecage,slice photos,,,7/28/15,,MK,RMH,300,250,Centered on cell layer,,,77,77,83,,
WE,15-148,2,CA4,homecage,slice photos,,,7/28/15,,MK,RMH,300,250,Centered on cell layer,,,77,77,84,,
WW,15-148,2,DG,homecage,slice photos,,,7/28/15,,MK,RMH,300,250,Centered on cell layer,,,77,77,85,,
WZ,15-148,2,Pr,homecage,slice photos,,,7/28/15,,MK,RMH,300,250,Centered on cell layer,,,,,,,
YB,15-310,3,CA1?,,slice photos,,,7/29/15,,JMA,RMH,??,250,Centered on cell layer,,,,,,,
XY,15-310,3,CA2,,slice photos,,,7/29/15,,JMA,RMH,??,250,Centered on cell layer,,,78,78,86,,
XV,15-310,3,CA3,,slice photos,,,7/29/15,,JMA,RMH,??,250,Centered on cell layer,,,78,78,87,,
YH,15-310,3,CA4,,slice photos,,,7/29/15,,JMA,RMH,??,250,Centered on cell layer,,,78,78,88,,
YE,15-310,3,DG,,slice photos,,,7/29/15,,JMA,RMH,??,250,Centered on cell layer,,,78,78,89,,
AAN,15-331,1,CA2,,slice photos,,,7/30/15,,JMA,RMH,??,250,Centered on cell layer,,,78,78,90,,
AAK,15-331,1,CA3,,slice photos,,,7/30/15,,JMA,RMH,??,250,Centered on cell layer,,,78,78,91,,
AAQ,15-331,1,CA4,,slice photos,,,7/30/15,,JMA,RMH,??,250,Centered on cell layer,,,78,78,92,,
AAH,15-331,1,DG,,slice photos,,,7/30/15,,JMA,RMH,??,250,Centered on cell layer,,,78,78,93,,
VI,15-321,1,CA1,,slice photos,,"very ventral,",7/27/15,,JMA,RMH,??,250,Centered on cell layer,,,87,87,94,,
VG,15-321,2,DG,,slice photos,,"very ventral, 2 punches, part of first lost",7/27/15,,JMA,RMH,??,250,Centered on cell layer,,,87,87,95,,
CL,15-140E,3,CA1,mouse not used for ephys,,,,6/9/15,,MK,HAH,300,500,outside cell body,6/11/15,RMH,,,,,
CO,15-140E,4,CA1,mouse not used for ephys,,,,6/9/15,,MK,RMH,300,500,outside cell body,6/11/15,RMH,,,,,
CK,15-140E,3,CA2,mouse not used for ephys,,,,6/9/15,,MK,HAH,300,500,outside cell body,6/11/15,RMH,,,,,
CP,15-140E,4,CA2,mouse not used for ephys,,,,6/9/15,,MK,RMH,300,500,outside cell body,6/11/15,RMH,,,,,
CJ,15-140E,3,CA3,mouse not used for ephys,,,,6/9/15,,MK,HAH,300,500,outside cell body,6/11/15,RMH,,,,,
CN,15-140E,4,CA3,mouse not used for ephys,,,,6/9/15,,MK,RMH,300,500,outside cell body,6/11/15,RMH,,,,,
CI,15-140E,3,DG,mouse not used for ephys,,,,6/9/15,,MK,HAH,300,500,outside cell body,6/11/15,RMH,,,,,
CM,15-140E,4,DG,mouse not used for ephys,,,very rostral,6/9/15,,MK,RMH,300,500,outside cell body,6/11/15,RMH,,,,,
CB,15-140E,1,CA1,mouse not used for ephys,,,,6/9/15,,MK,HAH,300,500,outside cell body,6/12/15,RMH,,,,,
CG,15-140E,2,CA1,mouse not used for ephys,,,,6/9/15,,MK,RMH,300,500,outside cell body,6/12/15,RMH,,,,,
CF,15-140E,2,CA2,mouse not used for ephys,,,,6/9/15,,MK,HAH,300,500,outside cell body,6/12/15,RMH,,,,,
CC,15-140E,1,CA3,mouse not used for ephys,,,,6/9/15,,MK,HAH,300,500,outside cell body,6/12/15,RMH,,,,,
CH,15-140E,2,CA3,mouse not used for ephys,,,,6/9/15,,MK,RMH,300,500,outside cell body,6/12/15,RMH,,,,,
CA,15-140E,1,DG,mouse not used for ephys,,500 uM very caudal,500 uM very caudal,6/9/15,,MK,HAH,300,500,outside cell body,6/12/15,RMH,,,,,
CE,15-140E,2,DG,mouse not used for ephys,,,,6/9/15,,MK,HAH,300,500,outside cell body,6/12/15,RMH,,,,,
CD,15-140E,1,other,mouse not used for ephys,,,SOMATOSENSORY CORTEX,6/9/15,,MK,HAH,300,500,outside cell body,6/12/15,RMH,,,,,
DV,15-140A,3,CA1,mouse not used for ephys,,,,6/18/15,,MK,RMH,300,250,outside cell body,6/19/15,RMH,,,,,
DX,15-140A,2,CA1,mouse not used for ephys,,,,6/18/15,,MK,RMH,300,250,outside cell body,6/19/15,RMH,,,,,
DS,15-140A,1,CA2,mouse not used for ephys,,,,6/18/15,,MK,RMH,300,250,outside cell body,6/19/15,RMH,,,,,
EA,15-140A,3,CA2,mouse not used for ephys,,,,6/18/15,,MK,RMH,300,250,outside cell body,6/19/15,RMH,,,,,
DR,15-140A,1,CA3,mouse not used for ephys,,,,6/18/15,,MK,RMH,300,250,outside cell body,6/19/15,RMH,,,,,
DZ,15-140A,3,CA3,mouse not used for ephys,,,,6/18/15,,MK,RMH,300,250,outside cell body,6/19/15,RMH,,,,,
DP,15-140A,1,DG,mouse not used for ephys,,,,6/18/15,,MK,RMH,300,250,outside cell body,6/19/15,RMH,,,,,
DT,15-140A,2,DG,mouse not used for ephys,,,,6/18/15,,MK,RMH,300,250,outside cell body,6/19/15,RMH,,,,,
DU,15-140A,3,DG,mouse not used for ephys,,,,6/18/15,,MK,RMH,300,250,outside cell body,6/19/15,RMH,,,,,
EK,15-140B,1,CA1,yoked to conflict,,,,6/18/15,,MK,RMH,300,250,outside cell body,6/19/15,,,,,,
ER,15-140B,2,CA2,yoked to conflict,,,,6/18/15,,MK,RMH,300,250,outside cell body,6/19/15,,,,,,
EL,15-140B,2,CA3,yoked to conflict,,,,6/18/15,,MK,RMH,300,250,outside cell body,6/19/15,,,,,,
EM,15-140B,1,CA3,yoked to conflict,,,,6/18/15,,MK,RMH,300,250,outside cell body,6/19/15,,,,,,
EN,15-140B,3,CA3,yoked to conflict,,,,6/18/15,,MK,RMH,300,250,outside cell body,6/19/15,,,,,,
EO,15-140B,4,CA3,yoked to conflict,,,,6/18/15,,MK,RMH,300,250,outside cell body,6/19/15,,,,,,
ED,15-140B,2,DG,yoked to conflict,,,,6/18/15,,MK,RMH,300,250,outside cell body,6/19/15,,,,,,
DQ,15-140A,1,CA1,mouse not used for ephys,,,,6/18/15,,MK,RMH,300,250,outside cell body,6/28/15,RMH,,,,,
EB,15-140A,2,CA2,mouse not used for ephys,,,,6/18/15,,MK,RMH,300,250,outside cell body,6/28/15,RMH,,,,,
DY,15-140A,2,CA3,mouse not used for ephys,,,,6/18/15,,MK,RMH,300,250,outside cell body,6/28/15,RMH,,,,,
GS,15-144E,1,CA1,mouse not used for ephys,,,,6/30/15,,MK,RMH,300,250,Centered on cell layer,6/30/15,RMH,,,,,
HC,15-144E,3,CA1,mouse not used for ephys,,,,6/30/15,,MK,RMH,300,250,Centered on cell layer,6/30/15,RMH,,,,,
GV,15-144E,1,CA2,mouse not used for ephys,,,,6/30/15,,MK,RMH,300,250,Centered on cell layer,6/30/15,RMH,,,,,
HE,15-144E,3,CA2,mouse not used for ephys,,,,6/30/15,,MK,RMH,300,250,Centered on cell layer,6/30/15,RMH,,,,,
GU,15-144E,1,CA3,mouse not used for ephys,,,,6/30/15,,MK,RMH,300,250,Centered on cell layer,6/30/15,RMH,,,,,
HA,15-144E,3,CA3,mouse not used for ephys,,,,6/30/15,,MK,RMH,300,250,Centered on cell layer,6/30/15,RMH,,,,,
HB,15-144E,2,CA3,mouse not used for ephys,,,Bad! Gooey and dried out,6/30/15,,MK,RMH,300,250,Centered on cell layer,6/30/15,RMH,,,,,
GW,15-144E,1,CA4,mouse not used for ephys,,,,6/30/15,,MK,RMH,300,250,Centered on cell layer,6/30/15,RMH,,,,,
HD,15-144E,3,CA4,mouse not used for ephys,,,,6/30/15,,MK,RMH,300,250,Centered on cell layer,6/30/15,RMH,,,,,
GT,15-144E,1,DG,mouse not used for ephys,,,,6/30/15,,MK,RMH,300,250,Centered on cell layer,6/30/15,RMH,,,,,
GX,15-144E,2,DG,mouse not used for ephys,,,,6/30/15,,MK,RMH,300,250,Centered on cell layer,6/30/15,RMH,,,,,
GY,15-144E,3,DG,mouse not used for ephys,,,,6/30/15,,MK,RMH,300,250,Centered on cell layer,6/30/15,RMH,,,,,
GZ,15-144E,4,DG,mouse not used for ephys,,,,6/30/15,,MK,RMH,300,250,Centered on cell layer,6/30/15,RMH,,,,,
EY,15-140C,1,CA1,trained,,,,6/19/15,,MK,RMH,300,250,outside cell body,8/24/15,RMH,,,,,
FE,15-140C,1,CA2,trained,,,,6/19/15,,MK,RMH,300,250,outside cell body,8/24/15,RMH,,,,,
EZ,15-140C,1,CA3,trained,,,,6/19/15,,MK,RMH,300,250,outside cell body,8/24/15,RMH,,,,,
ET,15-140C,1,DG,trained,,,,6/19/15,,MK,RMH,300,250,outside cell body,8/24/15,RMH,bad,,,,
FL,15-140D,1,CA1,yoked to trained,,,,6/19/15,,MK,RMH,300,250,outside cell body,8/25/15,BK,,,,,
FF,15-140D,1,CA2,yoked to trained,,,,6/19/15,,MK,RMH,300,250,outside cell body,8/25/15,BK,,,,,
FK,15-140D,1,CA3,yoked to trained,,,,6/19/15,,MK,RMH,300,250,outside cell body,8/25/15,BK,,,,,
FQ,15-140D,1,DG,yoked to trained,,,,6/19/15,,MK,RMH,300,250,outside cell body,8/25/15,BK,,,,,
EW,15-140C,3,CA1,trained,,slice three is best,,6/19/15,,MK,RMH,300,250,outside cell body,8/31/15,BK,,,,,
EX,15-140C,2,CA1,trained,,,,6/19/15,,MK,RMH,300,250,outside cell body,8/31/15,BK,,,,,
FA,15-140C,2,CA3,trained,,,,6/19/15,,MK,RMH,300,250,outside cell body,8/31/15,BK,,,,,
FB,15-140C,3,CA3,trained,,slice three is best,,6/19/15,,MK,RMH,300,250,outside cell body,8/31/15,BK,,,,,
EU,15-140C,2,DG,trained,,,,6/19/15,,MK,RMH,300,250,outside cell body,8/31/15,BK,,,,,
EV,15-140C,3,DG,trained,,slice three is best,,6/19/15,,MK,RMH,300,250,outside cell body,8/31/15,BK,,,,,
FM,15-140D,2,CA1,yoked to trained,,,,6/19/15,,MK,RMH,300,250,outside cell body,9/1/15,BK,,,,,
FN,15-140D,3,CA1,yoked to trained,,,,6/19/15,,MK,RMH,300,250,outside cell body,9/1/15,BK,,,,,
FG,15-140D,2,CA2,yoked to trained,,,,6/19/15,,MK,RMH,300,250,outside cell body,9/1/15,BK,,,,,
FH,15-140D,3,CA2,yoked to trained,,,,6/19/15,,MK,RMH,300,250,outside cell body,9/1/15,BK,,,,,
FI,15-140D,3,CA3,yoked to trained,,,,6/19/15,,MK,RMH,300,250,outside cell body,9/1/15,BK,,,,,
FJ,15-140D,2,CA3,yoked to trained,,,,6/19/15,,MK,RMH,300,250,outside cell body,9/1/15,BK,,,,,
FO,15-140D,3,DG,yoked to trained,,,,6/19/15,,MK,RMH,300,250,outside cell body,9/1/15,BK,,,,,
FP,15-140D,2,DG,yoked to trained,,,,6/19/15,,MK,RMH,300,250,outside cell body,9/1/15,BK,,,,,
HK 2,15-142C,4,CA1,trained,slice photos,,,7/6/15,,MK,RMH,300,250,Centered on cell layer,4/13/16,RMH,,,,JA16268,142C_CA1_S
HL 2,15-142C,3,CA1,trained,slice photos,,,7/6/15,,MK,RMH,300,250,Centered on cell layer,4/13/16,RMH,,,,JA16268,142C_CA1_D
HM 2,15-142C,2,CA1,trained,slice photos,,,7/6/15,,MK,RMH,300,250,Centered on cell layer,4/13/16,RMH,,,,JA16268,142C_CA1_D
HF 2,15-142C,1,DG,trained,slice photos,,,7/6/15,,MK,RMH,300,250,Centered on cell layer,4/13/16,RMH,,,,JA16268,142C_DG_S
HG 2,15-142C,2,DG,trained,slice photos,,,7/6/15,,MK,RMH,300,250,Centered on cell layer,4/13/16,RMH,,,,JA16268,142C_DG_D
HJ 2,15-142C,4,DG,trained,slice photos,,,7/6/15,,MK,RMH,300,250,Centered on cell layer,4/13/16,RMH,,,,JA16268,142C_DG_D
KY ,15-143C,2,CA1,trained,,,,7/10/15,,MK,RMH,300,250,Centered on cell layer,4/13/16,RMH,,,,JA16268,143C_CA1_S
LA,15-143C,3,CA1,trained,,,,7/10/15,,MK,RMH,300,250,Centered on cell layer,4/13/16,RMH,,,,JA16268,143C_CA1_D
LB,15-143C,4,CA1,trained,,,,7/10/15,,MK,RMH,300,250,Centered on cell layer,4/13/16,RMH,,,,JA16268,143C_CA1_D
LF,15-143C,1,DG,trained,,,,7/10/15,,MK,RMH,300,250,Centered on cell layer,4/13/16,RMH,,,,JA16268,143C_DG_S
LG,15-143C,2,DG,trained,,,,7/10/15,,MK,RMH,300,250,Centered on cell layer,4/13/16,RMH,,,,JA16268,143C_DG_D
LH,15-143C,4,DG,trained,,,,7/10/15,,MK,RMH,300,250,Centered on cell layer,4/13/16,RMH,,,,JA16268,143C_DG_D
CX,15-141E,1,CA1,mouse not used for ephys,,,,6/12/15,,MK,RMH,300,250,outside cell body,14-Jun,RMH,,,,,
CY,15-141E,2,CA1,mouse not used for ephys,,,,6/12/15,,MK,RMH,300,250,outside cell body,15-Jun,RMH,,,,,
CZ,15-141E,3,CA1,mouse not used for ephys,,,,6/12/15,,MK,RMH,300,250,outside cell body,16-Jun,RMH,,,,,
DA,15-141E,4,CA1,mouse not used for ephys,,,,6/12/15,,MK,RMH,300,250,outside cell body,17-Jun,RMH,,,,,
CT,15-141E,1,CA2,mouse not used for ephys,,,,6/12/15,,MK,RMH,300,250,outside cell body,18-Jun,RMH,,,,,
CU,15-141E,2,CA2,mouse not used for ephys,,,,6/12/15,,MK,RMH,300,250,outside cell body,19-Jun,RMH,,,,,
CV,15-141E,3,CA2,mouse not used for ephys,,,,6/12/15,,MK,RMH,300,250,outside cell body,20-Jun,RMH,,,,,
CW,15-141E,4,CA2,mouse not used for ephys,,,,6/12/15,,MK,RMH,300,250,outside cell body,21-Jun,RMH,,,,,
CQ,15-141E,1,CA3,mouse not used for ephys,,,,6/12/15,,MK,RMH,300,250,outside cell body,22-Jun,RMH,,,,,
CR,15-141E,2,CA3,mouse not used for ephys,,,,6/12/15,,MK,RMH,300,250,outside cell body,23-Jun,RMH,,,,,
CS,15-141E,3,CA3,mouse not used for ephys,,,,6/12/15,,MK,RMH,300,250,outside cell body,24-Jun,RMH,,,,,
DF,15-142E,1,CA1,mouse not used for ephys,,,,6/14/15,,MK,RMH,300,250,outside cell body,25-Jun,RMH,,,,,
DH,15-142E,3,CA1,mouse not used for ephys,,,,6/14/15,,MK,RMH,300,250,outside cell body,26-Jun,RMH,,,,,
DN,15-142E,4,CA1,mouse not used for ephys,,,,6/14/15,,MK,RMH,300,250,outside cell body,27-Jun,RMH,,,,,
DJ,15-142E,3,CA2,mouse not used for ephys,,,,6/14/15,,MK,RMH,300,250,outside cell body,28-Jun,RMH,,,,,
DM,15-142E,4,CA2,mouse not used for ephys,,,,6/14/15,,MK,RMH,300,250,outside cell body,29-Jun,RMH,,,,,
DI,15-142E,3,CA3,mouse not used for ephys,,,,6/14/15,,MK,RMH,300,250,outside cell body,30-Jun,RMH,,,,,
DL,15-142E,4,CA3,mouse not used for ephys,,,,6/14/15,,MK,RMH,300,250,outside cell body,1-Jul,RMH,,,,,
DC,15-142E,2,DG,mouse not used for ephys,,,,6/14/15,,MK,RMH,300,250,outside cell body,2-Jul,RMH,,,,,
DE,15-142E,3,DG,mouse not used for ephys,,,,6/14/15,,MK,RMH,300,250,outside cell body,3-Jul,RMH,,,,,
DG,15-142E,1,DG,mouse not used for ephys,,,,6/14/15,,MK,RMH,300,250,outside cell body,4-Jul,RMH,,,,,
DK,15-142E,4,DG,mouse not used for ephys,,,,6/14/15,,MK,RMH,300,250,outside cell body,5-Jul,RMH,,,,,
DD,15-142E,2,other,mouse not used for ephys,,,CA1 CA2 CA3,6/14/15,,MK,RMH,300,250,outside cell body,6-Jul,RMH,,,,,
GB,15-141C,1,CA1,trained,,,. NEW COLLECTION METHOD!! Dried out,6/26/15,,MK,RMH,300,250,Centered on cell layer,?,,,,,,
GA,15-141C,1,CA2,trained,,,NEW COLLECTION METHOD!!,6/26/15,,MK,RMH,300,250,Centered on cell layer,?,,,,,,
FT,15-141C,2,CA3,trained,,,NEW COLLECTION METHOD!!,6/26/15,,MK,RMH,300,250,Centered on cell layer,?,,,,,,
FV,15-141C,1,CA3,trained,,,NEW COLLECTION METHOD!!,6/26/15,,MK,RMH,300,250,Centered on cell layer,?,,,,,,
FR,15-141C,1,CA4,trained,,,NEW COLLECTION METHOD!!,6/26/15,,MK,RMH,300,250,Centered on cell layer,?,,,,,,
FW,15-141C,1,DG,trained,,,NEW COLLECTION METHOD!!,6/26/15,,MK,RMH,300,250,Centered on cell layer,?,,,,,,
GG,15-141D,3,CA1,yoked to trained,,,,6/26/15,,MK,RMH,300,250,Centered on cell layer,?,,,,,,
GI,15-141D,1,CA1,yoked to trained,,,,6/26/15,,MK,RMH,300,250,Centered on cell layer,?,,,,,,
GF,15-141D,3,CA2,yoked to trained,,,,6/26/15,,MK,RMH,300,250,Centered on cell layer,?,,,,,,
GD,15-141D,1,CA2,yoked to trained,,,,6/26/15,,MK,RMH,300,250,Centered on cell layer,?,,,,,,
GM,15-141D,3,CA3,yoked to trained,,,,6/26/15,,MK,RMH,300,250,Centered on cell layer,?,,,,,,
GO,15-141D,1,CA3,yoked to trained,,,,6/26/15,,MK,RMH,300,250,Centered on cell layer,?,,,,,,
GL,15-141D,3,CA4,yoked to trained,,,,6/26/15,,MK,RMH,300,250,Centered on cell layer,?,,,,,,
GJ,15-141D,1,CA4,yoked to trained,,,,6/26/15,,MK,RMH,300,250,Centered on cell layer,?,,,,,,
GP,15-141D,1,DG,yoked to trained,,,,6/26/15,,MK,RMH,300,250,Centered on cell layer,?,,,,,,
ACM,???,2,CA1,,,,,7/31/15,,JMA,RMH,300,250,Centered on cell layer,,,,,,,
ACQ,???,3,CA1,,,,,7/31/15,,JMA,RMH,300,250,Centered on cell layer,,,,,,,
ACU,???,1,CA1,,,,,7/31/15,,JMA,RMH,300,250,Centered on cell layer,,,,,,,
ACL,???,1,CA2,,,,,7/31/15,,JMA,RMH,300,250,Centered on cell layer,,,,,,,
ACN,???,3,CA2,,,,,7/31/15,,JMA,RMH,300,250,Centered on cell layer,,,,,,,
ACP,???,2,CA2,,,,,7/31/15,,JMA,RMH,300,250,Centered on cell layer,,,,,,,
ACO,???,1,CA3,,,,,7/31/15,,JMA,RMH,300,250,Centered on cell layer,,,,,,,
ACV,???,2,CA3,,,,,7/31/15,,JMA,RMH,300,250,Centered on cell layer,,,,,,,
ACW,???,3,CA3,,,,,7/31/15,,JMA,RMH,300,250,Centered on cell layer,,,,,,,
ACI,???,1,CA4,,,,,7/31/15,,JMA,RMH,300,250,Centered on cell layer,,,,,,,
ACJ,???,2,CA4,,,,,7/31/15,,JMA,RMH,300,250,Centered on cell layer,,,,,,,
ACK,???,3,CA4,,,,,7/31/15,,JMA,RMH,300,250,Centered on cell layer,,,,,,,
ACR,???,1,DG,,,,,7/31/15,,JMA,RMH,300,250,Centered on cell layer,,,,,,,
ACS,???,2,DG,,,,,7/31/15,,JMA,RMH,300,250,Centered on cell layer,,,,,,,
ACT,???,3,DG,,,,,7/31/15,,JMA,RMH,300,250,Centered on cell layer,,,,,,,
EH,15-140B,4,CA1,yoked to conflict,,,,6/18/15,,MK,RMH,300,250,outside cell body,,,,,,,
EI,15-140B,3,CA1,yoked to conflict,,,,6/18/15,,MK,RMH,300,250,outside cell body,,,,,,,
EJ,15-140B,2,CA1,yoked to conflict,,,,6/18/15,,MK,RMH,300,250,outside cell body,,,,,,,
EP,15-140B,4,CA2,yoked to conflict,,,,6/18/15,,MK,RMH,300,250,outside cell body,,,,,,,
EQ,15-140B,3,CA2,yoked to conflict,,,,6/18/15,,MK,RMH,300,250,outside cell body,,,,,,,
ES,15-140B,1,CA2,yoked to conflict,,,,6/18/15,,MK,RMH,300,250,outside cell body,,,,,,,
EC,15-140B,1,DG,yoked to conflict,,,,6/18/15,,MK,RMH,300,250,outside cell body,,,,,,,
EF,15-140B,3,DG,yoked to conflict,,,,6/18/15,,MK,RMH,300,250,outside cell body,,,,,,,
EG,15-140B,4,DG,yoked to conflict,,,,6/18/15,,MK,RMH,300,250,outside cell body,,,,,,,
FC,15-140C,3,CA2,trained,,slice three is best,,6/19/15,,MK,RMH,300,250,outside cell body,,BK,,,,,
FD,15-140C,2,CA2,trained,,,,6/19/15,,MK,RMH,300,250,outside cell body,,BK,,,,,
GC,15-141C,2,CA1,trained,,,. NEW COLLECTION METHOD!! Dried out,6/26/15,,MK,RMH,300,250,Centered on cell layer,,,,,,,
FZ,15-141C,2,CA2,trained,,,NEW COLLECTION METHOD!!,6/26/15,,MK,RMH,300,250,Centered on cell layer,,,,,,,
FU,15-141C,2,CA3,trained,,,NEW COLLECTION METHOD!!,6/26/15,,MK,RMH,300,250,Centered on cell layer,,,,,,,
FS,15-141C,2,CA4,trained,,,NEW COLLECTION METHOD!!,6/26/15,,MK,RMH,300,250,Centered on cell layer,,,,,,,
FY,15-141C,2,DG,trained,,,NEW COLLECTION METHOD!!,6/26/15,,MK,RMH,300,250,Centered on cell layer,,,,,,,
GH,15-141D,2,CA1,yoked to trained,,,,6/26/15,,MK,RMH,300,250,Centered on cell layer,,,,,,,
GE,15-141D,2,CA2,yoked to trained,,,,6/26/15,,MK,RMH,300,250,Centered on cell layer,,,,,,,
GN,15-141D,2,CA3,yoked to trained,,,,6/26/15,,MK,RMH,300,250,Centered on cell layer,,,,,,,
GK,15-141D,2,CA4,yoked to trained,,,,6/26/15,,MK,RMH,300,250,Centered on cell layer,,,,,,,
GQ,15-141D,2,DG,yoked to trained,,,,6/26/15,,MK,RMH,300,250,Centered on cell layer,,,,,,,
GR,15-141D,2,DG,yoked to trained,,,,6/26/15,,MK,RMH,300,250,Centered on cell layer,,,,,,,
HM,15-142A,1,CA1,trained conflict,,,,7/2/15,,MK,RMH,300,250,Centered on cell layer,,,,,,,
HN,15-142A,2,CA1,trained conflict,,,,7/2/15,,MK,RMH,300,250,Centered on cell layer,,,,,,,
HO,15-142A,3,CA1,trained conflict,,,,7/2/15,,MK,RMH,300,250,Centered on cell layer,,,,,,,
HP,15-142A,4,CA1,trained conflict,,,,7/2/15,,MK,RMH,300,250,Centered on cell layer,,,,,,,
HU,15-142A,1,CA2,trained conflict,,,,7/2/15,,MK,RMH,300,250,Centered on cell layer,,,,,,,
HV,15-142A,3,CA2,trained conflict,,,,7/2/15,,MK,RMH,300,250,Centered on cell layer,,,,,,,
HQ,15-142A,4,CA3,trained conflict,,,,7/2/15,,MK,RMH,300,250,Centered on cell layer,,,,,,,
HR,15-142A,3,CA3,trained conflict,,,,7/2/15,,MK,RMH,300,250,Centered on cell layer,,,,,,,
HS,15-142A,2,CA3,trained conflict,,,,7/2/15,,MK,RMH,300,250,Centered on cell layer,,,,,,,
HT,15-142A,1,CA3,trained conflict,,,,7/2/15,,MK,RMH,300,250,Centered on cell layer,,,,,,,
HF,15-142A,1,CA4,trained conflict,,,,7/2/15,,MK,RMH,300,250,Centered on cell layer,,,,,,,
HG,15-142A,2,CA4,trained conflict,,,,7/2/15,,MK,RMH,300,250,Centered on cell layer,,,,,,,
HH,15-142A,3,CA4,trained conflict,,,,7/2/15,,MK,RMH,300,250,Centered on cell layer,,,,,,,
HI,15-142A,4,DG,trained conflict,,,,7/2/15,,MK,RMH,300,250,Centered on cell layer,,,,,,,
HJ,15-142A,3,DG,trained conflict,,,,7/2/15,,MK,RMH,300,250,Centered on cell layer,,,,,,,
HK,15-142A,2,DG,trained conflict,,,,7/2/15,,MK,RMH,300,250,Centered on cell layer,,,,,,,
HL,15-142A,1,DG,trained conflict,,,,7/2/15,,MK,RMH,300,250,Centered on cell layer,,,,,,,
HW,15-142B,2,CA1,yoked to conflict,,,,7/2/15,,MK,RMH,300,250,Centered on cell layer,,,,,,,
HY,15-142B,2,CA1,yoked to conflict,,,,7/2/15,,MK,RMH,300,250,Centered on cell layer,,,,,,,
HZ,15-142B,1,CA1,yoked to conflict,,,,7/2/15,,MK,RMH,300,250,Centered on cell layer,,,,,,,
IB,15-142B,4,CA1,yoked to conflict,,,,7/2/15,,MK,RMH,300,250,Centered on cell layer,,,,,,,
IA,15-142B,1,CA2,yoked to conflict,,,,7/2/15,,MK,RMH,300,250,Centered on cell layer,,,,,,,
IC,15-142B,4,CA2,yoked to conflict,,,,7/2/15,,MK,RMH,300,250,Centered on cell layer,,,,,,,
ID,15-142B,4,CA3,yoked to conflict,,,,7/2/15,,MK,RMH,300,250,Centered on cell layer,,,,,,,
IE,15-142B,1,CA3,yoked to conflict,,,,7/2/15,,MK,RMH,300,250,Centered on cell layer,,,,,,,
IF,15-142B,2,CA3,yoked to conflict,,,,7/2/15,,MK,RMH,300,250,Centered on cell layer,,,,,,,
IG,15-142B,3,CA3,yoked to conflict,,,,7/2/15,,MK,RMH,300,250,Centered on cell layer,,,,,,,
II,15-142B,1,CA4,yoked to conflict,,,,7/2/15,,MK,RMH,300,250,Centered on cell layer,,,,,,,
IJ,15-142B,2,CA4,yoked to conflict,,,,7/2/15,,MK,RMH,300,250,Centered on cell layer,,,,,,,
IK,15-142B,3,CA4,yoked to conflict,,,,7/2/15,,MK,RMH,300,250,Centered on cell layer,,,,,,,
HX,15-142B,3,DG,yoked to conflict,,,,7/2/15,,MK,RMH,300,250,Centered on cell layer,,,,,,,
IL,15-142B,4,DG,yoked to conflict,,,,7/2/15,,MK,RMH,300,250,Centered on cell layer,,,,,,,
IM,15-142B,1,DG,yoked to conflict,,,,7/2/15,,MK,RMH,300,250,Centered on cell layer,,,,,,,
IN,15-142B,2,DG,yoked to conflict,,,,7/2/15,,MK,RMH,300,250,Centered on cell layer,,,,,,,
IH,15-142B,4,other,yoked to conflict,,,CA3 CA4,7/2/15,,MK,RMH,300,250,Centered on cell layer,,,,,,,
HN 2,15-142C,1,CA1,trained,slice photos,,,7/6/15,,MK,RMH,300,250,Centered on cell layer,,,,,,,
HS 2,15-142C,3,CA2,trained,slice photos,,PHOTOS,7/6/15,,MK,RMH,300,250,Centered on cell layer,,,,,,,
HT 2,15-142C,4,CA2,trained,slice photos,,PHOTOS,7/6/15,,MK,RMH,300,250,Centered on cell layer,,,,,,,
HQ 2,15-142C,4,CA3,trained,slice photos,,,7/6/15,,MK,RMH,300,250,Centered on cell layer,,,,,,,
HR 2,15-142C,3,CA3,trained,slice photos,,,7/6/15,,MK,RMH,300,250,Centered on cell layer,,,,,,,
HO 2,15-142C,3,CA4,trained,slice photos,,,7/6/15,,MK,RMH,300,250,Centered on cell layer,,,,,,,
HP 2,15-142C,4,CA4,trained,slice photos,,,7/6/15,,MK,RMH,300,250,Centered on cell layer,,,,,,,
HH 2,15-142C,3,DG,trained,slice photos,,,7/6/15,,MK,RMH,300,250,SORT OF ABOVE CELL LAYER,,,,,,,
HI 2,15-142C,3,DG,trained,slice photos,,,7/6/15,,MK,RMH,300,250,CELL LAYER AND BELOW,,,,,,,
IW,15-142D,1,CA1,yoked to trained,slice photos,,,7/6/15,,MK,RMH,300,250,Centered on cell layer,,,,,,,
IX,15-142D,2,CA1,yoked to trained,slice photos,,,7/6/15,,MK,RMH,300,250,Centered on cell layer,,,,,,,
IY,15-142D,3,CA1,yoked to trained,slice photos,,,7/6/15,,MK,RMH,300,250,Centered on cell layer,,,,,,,
IS,15-142D,3,CA2,yoked to trained,slice photos,,,7/6/15,,MK,RMH,300,250,Centered on cell layer,,,,,,,
IT,15-142D,2,CA2,yoked to trained,slice photos,,,7/6/15,,MK,RMH,300,250,Centered on cell layer,,,,,,,
IU,15-142D,1,CA2,yoked to trained,slice photos,,,7/6/15,,MK,RMH,300,250,Centered on cell layer,,,,,,,
IV,15-142D,3,CA3,yoked to trained,slice photos,,,7/6/15,,MK,RMH,300,250,Centered on cell layer,,,,,,,
IZ,15-142D,2,CA3,yoked to trained,slice photos,,,7/6/15,,MK,RMH,300,250,Centered on cell layer,,,,,,,
IP,15-142D,1,CA4,yoked to trained,slice photos,,,7/6/15,,MK,RMH,300,250,Centered on cell layer,,,,,,,
IQ,15-142D,2,CA4,yoked to trained,slice photos,,,7/6/15,,MK,RMH,300,250,Centered on cell layer,,,,,,,
IR,15-142D,3,CA4,yoked to trained,slice photos,,,7/6/15,,MK,RMH,300,250,Centered on cell layer,,,,,,,
JA,15-142D,3,DG,yoked to trained,slice photos,,PHOTOS,7/6/15,,MK,RMH,300,250,Centered on cell layer,,,,,,,
JB,15-142D,2,DG,yoked to trained,slice photos,,,7/6/15,,MK,RMH,300,250,Centered on cell layer,,,,,,,
JC,15-142D,1,DG,yoked to trained,slice photos,,,7/6/15,,MK,RMH,300,250,Centered on cell layer,,,,,,,
JJ,15-143A,1,CA1,trained conflict,,,,7/9/15,,MK,RMH,350,250,Centered on cell layer,,,,,,,
JK,15-143A,2,CA1,trained conflict,,,,7/9/15,,MK,RMH,350,250,Centered on cell layer,,,,,,,
JL,15-143A,2,CA2,trained conflict,,,,7/9/15,,MK,RMH,350,250,Centered on cell layer,,,,,,,
JM,15-143A,1,CA2,trained conflict,,,,7/9/15,,MK,RMH,350,250,Centered on cell layer,,,,,,,
JF,15-143A,2,CA3,trained conflict,,,,7/9/15,,MK,RMH,350,250,Centered on cell layer,,,,,,,
JG,15-143A,1,CA3,trained conflict,,,,7/9/15,,MK,RMH,350,250,Centered on cell layer,,,,,,,
JD,15-143A,1,CA4,trained conflict,,,,7/9/15,,MK,RMH,350,250,Centered on cell layer,,,,,,,
JE,15-143A,2,CA4,trained conflict,,,,7/9/15,,MK,RMH,350,250,Centered on cell layer,,,,,,,
JH,15-143A,1,DG,trained conflict,,,,7/9/15,,MK,RMH,350,250,Centered on cell layer,,,,,,,
JI,15-143A,2,DG,trained conflict,,,,7/9/15,,MK,RMH,350,250,Centered on cell layer,,,,,,,
JW,15-143B,3,CA1,yoked to conflict,,,,7/9/15,,MK,RMH,350,250,Centered on cell layer,,,,,,,
JX,15-143B,2,CA1,yoked to conflict,,,,7/9/15,,MK,RMH,350,250,Centered on cell layer,,,,,,,
JY ,15-143B,1,CA1,yoked to conflict,,,,7/9/15,,MK,RMH,350,250,Centered on cell layer,,,,,,,
JT,15-143B,1,CA2,yoked to conflict,,,,7/9/15,,MK,RMH,350,250,Centered on cell layer,,,,,,,
JU,15-143B,2,CA2,yoked to conflict,,,,7/9/15,,MK,RMH,350,250,Centered on cell layer,,,,,,,
JV,15-143B,3,CA2,yoked to conflict,,,,7/9/15,,MK,RMH,350,250,Centered on cell layer,,,,,,,
JQ,15-143B,3,CA3,yoked to conflict,,,,7/9/15,,MK,RMH,350,250,Centered on cell layer,,,,,,,
JR,15-143B,2,CA3,yoked to conflict,,,,7/9/15,,MK,RMH,350,250,Centered on cell layer,,,,,,,
JS,15-143B,1,CA3,yoked to conflict,,,,7/9/15,,MK,RMH,350,250,Centered on cell layer,,,,,,,
JN,15-143B,1,CA4,yoked to conflict,,,,7/9/15,,MK,RMH,350,250,Centered on cell layer,,,,,,,
JO,15-143B,2,CA4,yoked to conflict,,,,7/9/15,,MK,RMH,350,250,Centered on cell layer,,,,,,,
JP,15-143B,3,CA4,yoked to conflict,,,,7/9/15,,MK,RMH,350,250,Centered on cell layer,,,,,,,
JZ,15-143B,1,DG,yoked to conflict,,,,7/9/15,,MK,RMH,350,250,Centered on cell layer,,,,,,,
KA,15-143B,2,DG,yoked to conflict,,,,7/9/15,,MK,RMH,350,250,Centered on cell layer,,,,,,,
KB,15-143B,3,DG,yoked to conflict,,,,7/9/15,,MK,RMH,350,250,Centered on cell layer,,,,,,,
KX,15-143C,1,CA1,trained,,,,7/10/15,,MK,RMH,300,250,Centered on cell layer,,,,,,,
LJ,15-143C,2,CA2,trained,,,,7/10/15,,MK,RMH,300,250,Centered on cell layer,,,,,,,
LK,15-143C,1,CA2,trained,,,,7/10/15,,MK,RMH,300,250,Centered on cell layer,,,,,,,
LC,15-143C,4,CA3,trained,,,,7/10/15,,MK,RMH,300,250,Centered on cell layer,,,,,,,
LD,15-143C,2,CA3,trained,,,,7/10/15,,MK,RMH,300,250,Centered on cell layer,,,,,,,
LE,15-143C,1,CA3,trained,,,,7/10/15,,MK,RMH,300,250,Centered on cell layer,,,,,,,
LL,15-143C,1,CA4,trained,,,,7/10/15,,MK,RMH,300,250,Centered on cell layer,,,,,,,
LM,15-143C,2,CA4,trained,,,,7/10/15,,MK,RMH,300,250,Centered on cell layer,,,,,,,
KC,15-143D,1,CA1,yoked to trained,,,,7/9/15,,MK,RMH,300,250,Centered on cell layer,,,,,,,
KD,15-143D,2,CA1,yoked to trained,,,,7/9/15,,MK,RMH,300,250,Centered on cell layer,,,,,,,
KF,15-143D,3,CA1,yoked to trained,,,,7/9/15,,MK,RMH,300,250,Centered on cell layer,,,,,,,
KQ,15-143D,3,CA2,yoked to trained,,,,7/10/15,,MK,RMH,300,250,Centered on cell layer,,,,,,,
KR,15-143D,1,CA2,yoked to trained,,,,7/10/15,,MK,RMH,300,250,Centered on cell layer,,,,,,,
KK,15-143D,2,CA3,yoked to trained,,,,7/9/15,,MK,RMH,300,250,Centered on cell layer,,,,,,,
KL,15-143D,3,CA3,yoked to trained,,,,7/9/15,,MK,RMH,300,250,Centered on cell layer,,,,,,,
KM,15-143D,1,CA3,yoked to trained,,,,7/10/15,,MK,RMH,300,250,Centered on cell layer,,,,,,,
KG,15-143D,3,CA4,yoked to trained,,,,7/9/15,,MK,RMH,300,250,Centered on cell layer,,,,,,,
KH,15-143D,1,CA4,yoked to trained,,,,7/9/15,,MK,RMH,300,250,Centered on cell layer,,,,,,,
KJ,15-143D,2,CA4,yoked to trained,,,,7/9/15,,MK,RMH,300,250,Centered on cell layer,,,,,,,
KO,15-143D,3,DG,yoked to trained,,,,7/10/15,,MK,RMH,300,250,Centered on cell layer,,,,,,,
KP,15-143D,2,DG,yoked to trained,,,,7/10/15,,MK,RMH,300,250,Centered on cell layer,,,,,,,
NG,15-144C,1,CA1,trained,,,,7/18/15,,MK,RMH,300,250,Centered on cell layer,,,,,,,
NH,15-144C,2,CA1,trained,,,,7/18/15,,MK,RMH,300,250,Centered on cell layer,,,,,,,
NI,15-144C,3,CA1,trained,,,,7/18/15,,MK,RMH,300,250,Centered on cell layer,,,,,,,
NS,15-144C,1,CA2,trained,,,no visual confirmation of punch,7/18/15,,MK,RMH,300,250,Centered on cell layer,,,,,,,
NT,15-144C,2,CA2,trained,,,,7/18/15,,MK,RMH,300,250,Centered on cell layer,,,,,,,
NU,15-144C,3,CA2,trained,,,,7/18/15,,MK,RMH,300,250,Centered on cell layer,,,,,,,
NJ,15-144C,1,CA3,trained,,,no visual confirmation of punch,7/18/15,,MK,RMH,300,250,Centered on cell layer,,,,,,,
NK,15-144C,2,CA3,trained,,,,7/18/15,,MK,RMH,300,250,Centered on cell layer,,,,,,,
NL,15-144C,3,CA3,trained,,,,7/18/15,,MK,RMH,300,250,Centered on cell layer,,,,,,,
NP,15-144C,1,CA4,trained,,,no visual confirmation of punch,7/18/15,,MK,RMH,300,250,Centered on cell layer,,,,,,,
NQ,15-144C,2,CA4,trained,,,,7/18/15,,MK,RMH,300,250,Centered on cell layer,,,,,,,
NR,15-144C,3,CA4,trained,,,,7/18/15,,MK,RMH,300,250,Centered on cell layer,,,,,,,
NM,15-144C,1,DG,trained,,,,7/18/15,,MK,RMH,300,250,Centered on cell layer,,,,,,,
NN,15-144C,2,DG,trained,,,,7/18/15,,MK,RMH,300,250,Centered on cell layer,,,,,,,
NO,15-144C,3,DG,trained,,,,7/18/15,,MK,RMH,300,250,Centered on cell layer,,,,,,,
MQ,15-144D,1,CA1,yoked to trained,,CYRSTALS,CYRSTALS,7/17/15,,MK,RMH,300,250,Centered on cell layer,,,,,,,
MR,15-144D,2,CA1,yoked to trained,,CYRSTALS,,7/17/15,,MK,RMH,300,250,Centered on cell layer,,,,,,,
MS,15-144D,3,CA1,yoked to trained,,CYRSTALS,,7/17/15,,MK,RMH,300,250,Centered on cell layer,,,,,,,
MX,15-144D,1,CA2,yoked to trained,,CYRSTALS,,7/17/15,,MK,RMH,300,250,Centered on cell layer,,,,,,,
MY,15-144D,2,CA2,yoked to trained,,CYRSTALS,,7/17/15,,MK,RMH,300,250,Centered on cell layer,,,,,,,
MZ,15-144D,3,CA2,yoked to trained,,CYRSTALS,,7/17/15,,MK,RMH,300,250,Centered on cell layer,,,,,,,
MT,15-144D,1,CA3,yoked to trained,,CYRSTALS,,7/17/15,,MK,RMH,300,250,Centered on cell layer,,,,,,,
MU,15-144D,2,CA3,yoked to trained,,CYRSTALS,,7/17/15,,MK,RMH,300,250,Centered on cell layer,,,,,,,
MV,15-144D,3,CA3,yoked to trained,,CYRSTALS,,7/17/15,,MK,RMH,300,250,Centered on cell layer,,,,,,,
ND,15-144D,1,CA4,yoked to trained,,CYRSTALS,,7/17/15,,MK,RMH,300,250,Centered on cell layer,,,,,,,
NE,15-144D,2,CA4,yoked to trained,,CYRSTALS,,7/17/15,,MK,RMH,300,250,Centered on cell layer,,,,,,,
NF,15-144D,3,CA4,yoked to trained,,CYRSTALS,may have lost it,7/17/15,,MK,RMH,300,250,Centered on cell layer,,,,,,,
NA,15-144D,1,DG,yoked to trained,,CYRSTALS,,7/17/15,,MK,RMH,300,250,Centered on cell layer,,,,,,,
NB,15-144D,2,DG,yoked to trained,,CYRSTALS,,7/17/15,,MK,RMH,300,250,Centered on cell layer,,,,,,,
NC,15-144D,3,DG,yoked to trained,,CYRSTALS,,7/17/15,,MK,RMH,300,250,Centered on cell layer,,,,,,,
OC,15-145A,1,CA1,trained conflict,,,collected 3.5 hours late!!!! Slice recovering for very long time,7/18/15,,MK,RMH,300,250,Centered on cell layer,,,,,,,
OD,15-145A,2,CA1,trained conflict,,,collected 3.5 hours late!!!! Slice recovering for very long time,7/18/15,,MK,RMH,300,250,Centered on cell layer,,,,,,,
OE,15-145A,3,CA1,trained conflict,,,collected 3.5 hours late!!!! Slice recovering for very long time,7/18/15,,MK,RMH,300,250,Centered on cell layer,,,,,,,
OI,15-145A,1,CA2,trained conflict,,,collected 3.5 hours late!!!! Slice recovering for very long time,7/18/15,,MK,RMH,300,250,Centered on cell layer,,,,,,,
OJ,15-145A,2,CA2,trained conflict,,,collected 3.5 hours late!!!! Slice recovering for very long time,7/18/15,,MK,RMH,300,250,Centered on cell layer,,,,,,,
OK,15-145A,3,CA2,trained conflict,,,collected 3.5 hours late!!!! Slice recovering for very long time,7/18/15,,MK,RMH,300,250,Centered on cell layer,,,,,,,
NV,15-145A,1,CA3,trained conflict,,,collected 3.5 hours late!!!! Slice recovering for very long time,7/18/15,,MK,RMH,300,250,Centered on cell layer,,,,,,,
NX,15-145A,2,CA3,trained conflict,,,collected 3.5 hours late!!!! Slice recovering for very long time,7/18/15,,MK,RMH,300,250,Centered on cell layer,,,,,,,
NY,15-145A,3,CA3,trained conflict,,,collected 3.5 hours late!!!! Slice recovering for very long time,7/18/15,,MK,RMH,300,250,Centered on cell layer,,,,,,,
OF,15-145A,1,CA4,trained conflict,,,no visual confirmation of punch,7/18/15,,MK,RMH,300,250,Centered on cell layer,,,,,,,
OG,15-145A,2,CA4,trained conflict,,,collected 3.5 hours late!!!! Slice recovering for very long time,7/18/15,,MK,RMH,300,250,Centered on cell layer,,,,,,,
OH,15-145A,3,CA4,trained conflict,,,collected 3.5 hours late!!!! Slice recovering for very long time,7/18/15,,MK,RMH,300,250,Centered on cell layer,,,,,,,
NZ,15-145A,1,DG,trained conflict,,,no visual confirmation of punch,7/18/15,,MK,RMH,300,250,Centered on cell layer,,,,,,,
OA,15-145A,2,DG,trained conflict,,,collected 3.5 hours late!!!! Slice recovering for very long time,7/18/15,,MK,RMH,300,250,Centered on cell layer,,,,,,,
OB,15-145A,3,DG,trained conflict,,,collected 3.5 hours late!!!! Slice recovering for very long time,7/18/15,,MK,RMH,300,250,Centered on cell layer,,,,,,,
OQ,15-145B,2,CA1,yoked to conflict,slice photos,,photos,7/18/15,,MK,RMH,300,250,Centered on cell layer,,,77,,,,
OR,15-145B,3,CA1,yoked to conflict,slice photos,,photos,7/18/15,,MK,RMH,300,250,Centered on cell layer,,,74,,,,
OM,15-145B,2,CA2,yoked to conflict,slice photos,,photos,7/18/15,,MK,RMH,300,250,Centered on cell layer,,,77,,,,
ON,15-145B,3,CA2,yoked to conflict,slice photos,,photos,7/18/15,,MK,RMH,300,250,Centered on cell layer,,,74,,,,
OT,15-145B,2,CA3,yoked to conflict,slice photos,,photos,7/18/15,,MK,RMH,300,250,Centered on cell layer,,,77,,,,
OU,15-145B,3,CA3,yoked to conflict,slice photos,,photos,7/18/15,,MK,RMH,300,250,Centered on cell layer,,,74,,,,
PA,15-145B,2,CA4,yoked to conflict,slice photos,,photos,7/18/15,,MK,RMH,300,250,Centered on cell layer,,,77,,,,
PB,15-145B,3,CA4,yoked to conflict,slice photos,,photos,7/18/15,,MK,RMH,300,250,Centered on cell layer,,,74,,,,
OX,15-145B,2,DG,yoked to conflict,slice photos,,photos,7/18/15,,MK,RMH,300,250,Centered on cell layer,,,77,,,,
OY,15-145B,3,DG,yoked to conflict,slice photos,,photos,7/18/15,,MK,RMH,300,250,Centered on cell layer,,,74,,,,
PL,15-145C,1,CA1,trained,slice photos,,photos,7/22/15,,MK,RMH,300,250,Centered on cell layer,,,72,,,,
PM,15-145C,2,CA1,trained,slice photos,,photos,7/22/15,,MK,RMH,300,250,Centered on cell layer,,,74,,,,
PO,15-145C,4,CA1,trained,slice photos,,no visual confirmation,7/22/15,,MK,RMH,300,250,Centered on cell layer,,,70,,,,
PT,15-145C,1,CA2,trained,slice photos,,photos,7/22/15,,MK,RMH,300,250,Centered on cell layer,,,72,,,,
PU,15-145C,2,CA2,trained,slice photos,,photos,7/22/15,,MK,RMH,300,250,Centered on cell layer,,,74,,,,
PX,15-145C,4,CA2,trained,slice photos,,may have floating random tissue,7/22/15,,MK,RMH,300,250,Centered on cell layer,,,70,,,,
PC,15-145C,1,CA3,trained,slice photos,,photos,7/22/15,,MK,RMH,300,250,Centered on cell layer,,,72,,,,
PD,15-145C,2,CA3,trained,slice photos,,photos,7/22/15,,MK,RMH,300,250,Centered on cell layer,,,74,,,,
PF,15-145C,4,CA3,trained,slice photos,,cell layer not very clear,7/22/15,,MK,RMH,300,250,Centered on cell layer,,,70,,,,
PG,15-145C,1,CA4,trained,slice photos,,photos,7/22/15,,MK,RMH,300,250,Centered on cell layer,,,72,,,,
PH,15-145C,2,CA4,trained,slice photos,,photos,7/22/15,,MK,RMH,300,250,Centered on cell layer,,,74,,,,
PJ,15-145C,4,CA4,trained,slice photos,,no visual confirmation,7/22/15,,MK,RMH,300,250,Centered on cell layer,,,70,,,,
PP,15-145C,1,DG,trained,slice photos,,photos,7/22/15,,MK,RMH,300,250,Centered on cell layer,,,72,,,,
PS,15-145C,4,DG,trained,slice photos,,photos,7/22/15,,MK,RMH,300,250,Centered on cell layer,,,70,,,,
QB,15-145D,1,CA1,yoked to trained,slice photos,,photos,7/22/15,,MK,RMH,300,250,Centered on cell layer,,,72,,,,
QC,15-145D,2,CA1,yoked to trained,slice photos,,photos,7/22/15,,MK,RMH,300,250,Centered on cell layer,,,77,,,,
QK,15-145D,1,CA2,yoked to trained,slice photos,,photos,7/22/15,,MK,RMH,300,250,Centered on cell layer,,,72,,,,
QL,15-145D,2,CA2,yoked to trained,slice photos,,photos,7/22/15,,MK,RMH,300,250,Centered on cell layer,,,77,,,,
QE,15-145D,1,CA3,yoked to trained,slice photos,,no visual confirmation,7/22/15,,MK,RMH,300,250,Centered on cell layer,,,72,,,,
QF,15-145D,2,CA3,yoked to trained,slice photos,,no visual confirmation,7/22/15,,MK,RMH,300,250,Centered on cell layer,,,77,,,,
PY,15-145D,1,CA4,yoked to trained,slice photos,,photos,7/22/15,,MK,RMH,300,250,Centered on cell layer,,,72,,,,
PZ,15-145D,2,CA4,yoked to trained,slice photos,,photos,7/22/15,,MK,RMH,300,250,Centered on cell layer,,,77,,,,
QH,15-145D,1,DG,yoked to trained,slice photos,,photos,7/22/15,,MK,RMH,300,250,Centered on cell layer,,,72,,,,
QI,15-145D,2,DG,yoked to trained,slice photos,,photos,7/22/15,,MK,RMH,300,250,Centered on cell layer,,,77,,,,
RR,15-146A,1,CA1,trained conflict,slice photos,,,7/23/15,4:30,MK,RMH,300,250,Centered on cell layer,,,76,,,,
RT,15-146A,3,CA1,trained conflict,slice photos,,,7/23/15,4:30,MK,RMH,300,250,Centered on cell layer,,,78,,,,
RO,15-146A,1,CA2,trained conflict,slice photos,,,7/23/15,4:30,MK,RMH,300,250,Centered on cell layer,,,76,,,,
RQ,15-146A,3,CA2,trained conflict,slice photos,,,7/23/15,4:30,MK,RMH,300,250,Centered on cell layer,,,78,,,,
RL,15-146A,1,CA3,trained conflict,slice photos,,,7/23/15,4:30,MK,RMH,300,250,Centered on cell layer,,,76,,,,
RN,15-146A,3,CA3,trained conflict,slice photos,,,7/23/15,4:30,MK,RMH,300,250,Centered on cell layer,,,78,,,,
RU,15-146A,1,CA4,trained conflict,slice photos,,,7/23/15,4:30,MK,RMH,300,250,Centered on cell layer,,,76,,,,
RW,15-146A,3,CA4,trained conflict,slice photos,,,7/23/15,4:30,MK,RMH,300,250,Centered on cell layer,,,78,,,,
RI,15-146A,1,DG,trained conflict,slice photos,,photos,7/23/15,4:30,MK,RMH,300,250,Centered on cell layer,,,76,,,,
RK,15-146A,3,DG,trained conflict,slice photos,,partial punch,7/23/15,4:30,MK,RMH,300,250,Centered on cell layer,,,78,,,,
RA,15-146B,1,CA1,yoked to conflict,slice photos,,photos,7/23/15,10:30,MK,RMH,300,250,Centered on cell layer,,,69,,,,
RC,15-146B,3,CA1,yoked to conflict,slice photos,,photos,7/23/15,10:30,MK,RMH,300,250,Centered on cell layer,,,76,,,,
RD,15-146B,4,CA1,yoked to conflict,slice photos,,photos,7/23/15,10:30,MK,RMH,300,250,Centered on cell layer,,,74,,,,
QV,15-146B,1,CA2,yoked to conflict,slice photos,,photos,7/23/15,10:30,MK,RMH,300,250,Centered on cell layer,,,69,,,,
QX,15-146B,3,CA2,yoked to conflict,slice photos,,photos,7/23/15,10:30,MK,RMH,300,250,below cell layer,,,76,,,,
QY,15-146B,4,CA2,yoked to conflict,slice photos,,photos,7/23/15,10:30,MK,RMH,300,250,Centered on cell layer,,,74,,,,
QZ,15-146B,4,CA2,yoked to conflict,slice photos,,photos,7/23/15,10:30,MK,RMH,300,250,Centered on cell layer,,,74,,,,
QN,15-146B,1,CA3,yoked to conflict,slice photos,,photos,7/23/15,10:30,MK,RMH,300,250,Centered on cell layer,,,69,,,,
QP,15-146B,3,CA3,yoked to conflict,slice photos,,photos,7/23/15,10:30,MK,RMH,300,250,Centered on cell layer,,,76,,,,
QQ,15-146B,4,CA3,yoked to conflict,slice photos,,photos,7/23/15,10:30,MK,RMH,300,250,Centered on cell layer,,,74,,,,
QR,15-146B,1,CA4,yoked to conflict,slice photos,,photos,7/23/15,10:30,MK,RMH,300,250,Centered on cell layer,,,69,,,,
QT,15-146B,3,CA4,yoked to conflict,slice photos,,photos,7/23/15,10:30,MK,RMH,300,250,Centered on cell layer,,,76,,,,
QU,15-146B,4,CA4,yoked to conflict,slice photos,,photos,7/23/15,10:30,MK,RMH,300,250,Centered on cell layer,,,74,,,,
RE,15-146B,1,DG,yoked to conflict,slice photos,,photos,7/23/15,10:30,MK,RMH,300,250,Centered on cell layer,,,69,,,,
RG,15-146B,3,DG,yoked to conflict,slice photos,,photos,7/23/15,10:30,MK,RMH,300,250,Centered on cell layer,,,76,,,,
RH,15-146B,4,DG,yoked to conflict,slice photos,,photos,7/23/15,10:30,MK,RMH,300,250,Centered on cell layer,,,74,,,,
RX,15-146C,1,CA1,trained,slice photos,,,7/24/15,10:45,MK,RMH,300,250,Centered on cell layer,,,70,,,,
RZ,15-146C,2,CA1,trained,slice photos,,,7/24/15,10:45,MK,RMH,300,250,Centered on cell layer,,,72,,,,
SA,15-146C,3,CA1,trained,slice photos,,,7/24/15,10:45,MK,RMH,300,250,Centered on cell layer,,,76,,,,
SG,15-146C,1,CA2,trained,slice photos,,,7/24/15,10:45,MK,RMH,300,250,Centered on cell layer,,,70,,,,
SH,15-146C,2,CA2,trained,slice photos,,,7/24/15,10:45,MK,RMH,300,250,Centered on cell layer,,,72,,,,
SI,15-146C,3,CA2,trained,slice photos,,,7/24/15,10:45,MK,RMH,300,250,Centered on cell layer,,,76,,,,
SC,15-146C,1,CA3,trained,slice photos,,no visual,7/24/15,10:45,MK,RMH,300,250,Centered on cell layer,,,70,,,,
SD,15-146C,2,CA3,trained,slice photos,,,7/24/15,10:45,MK,RMH,300,250,Centered on cell layer,,,72,,,,
SE,15-146C,3,CA3,trained,slice photos,,,7/24/15,10:45,MK,RMH,300,250,Centered on cell layer,,,76,,,,
SK,15-146C,1,CA4,trained,slice photos,,,7/24/15,10:45,MK,RMH,300,250,Centered on cell layer,,,70,,,,
SL,15-146C,2,CA4,trained,slice photos,,,7/24/15,10:45,MK,RMH,300,250,Centered on cell layer,,,72,,,,
SM,15-146C,3,CA4,trained,slice photos,,,7/24/15,10:45,MK,RMH,300,250,Centered on cell layer,,,76,,,,
SO,15-146C,1,DG,trained,slice photos,,no visual,7/24/15,10:45,MK,RMH,300,250,Centered on cell layer,,,70,,,,
SP,15-146C,2,DG,trained,slice photos,,,7/24/15,10:45,MK,RMH,300,250,Centered on cell layer,,,72,,,,
SQ,15-146C,3,DG,trained,slice photos,,,7/24/15,10:45,MK,RMH,300,250,Centered on cell layer,,,76,,,,
TA,15-146D,1,CA1,yoked to trained,slice photos,,,7/24/15,4:30,MK,RMH,300,250,Centered on cell layer,,,78,,,,
TC,15-146D,3,CA1,yoked to trained,slice photos,,,7/24/15,4:30,MK,RMH,300,250,Centered on cell layer,,,74,,,,
TD,15-146D,4,CA1,yoked to trained,slice photos,,,7/24/15,4:30,MK,RMH,300,250,Centered on cell layer,,,72,,,,
SW,15-146D,1,CA2,yoked to trained,slice photos,,,7/24/15,4:30,MK,RMH,300,250,Centered on cell layer,,,78,,,,
SY,15-146D,3,CA2,yoked to trained,slice photos,,,7/24/15,4:30,MK,RMH,300,250,Centered on cell layer,,,74,,,,
SZ,15-146D,4,CA2,yoked to trained,slice photos,,,7/24/15,4:30,MK,RMH,300,250,Centered on cell layer,,,72,,,,
SS,15-146D,1,CA3,yoked to trained,slice photos,,,7/24/15,4:30,MK,RMH,300,250,Centered on cell layer,,,78,,,,
SU,15-146D,3,CA3,yoked to trained,slice photos,,,7/24/15,4:30,MK,RMH,300,250,Centered on cell layer,,,74,,,,
SV,15-146D,4,CA3,yoked to trained,slice photos,,,7/24/15,4:30,MK,RMH,300,250,Centered on cell layer,,,72,,,,
TI,15-146D,1,CA4,yoked to trained,slice photos,,,7/24/15,4:30,MK,RMH,300,250,Centered on cell layer,,,78,,,,
TK,15-146D,3,CA4,yoked to trained,slice photos,,,7/24/15,4:30,MK,RMH,300,250,Centered on cell layer,,,74,,,,
TL,15-146D,4,CA4,yoked to trained,slice photos,,,7/24/15,4:30,MK,RMH,300,250,Centered on cell layer,,,72,,,,
TE,15-146D,1,DG,yoked to trained,slice photos,,,7/24/15,4:30,MK,RMH,300,250,Centered on cell layer,,,78,,,,
TG,15-146D,3,DG,yoked to trained,slice photos,,,7/24/15,4:30,MK,RMH,300,250,Centered on cell layer,,,74,,,,
TH,15-146D,4,DG,yoked to trained,slice photos,,,7/24/15,4:30,MK,RMH,300,250,Centered on cell layer,,,72,,,,
VJ,15-147,1,CA1,homecage,slice photos,,,7/27/15,,MK,RMH,300,250,Centered on cell layer,,,82,,,,
VL,15-147,3,CA1,homecage,slice photos,,,7/27/15,,MK,RMH,300,250,Centered on cell layer,,,70,,,,
VM,15-147,4,CA1,homecage,slice photos,,,7/27/15,,MK,RMH,300,250,Centered on cell layer,,,75,,,,
VV,15-147,1,CA2,homecage,slice photos,,,7/27/15,,MK,RMH,300,250,Centered on cell layer,,,82,,,,
VX,15-147,3,CA2,homecage,slice photos,,,7/27/15,,MK,RMH,300,250,Centered on cell layer,,,70,,,,
VY,15-147,4,CA2,homecage,slice photos,,,7/27/15,,MK,RMH,300,250,Centered on cell layer,,,75,,,,
VZ,15-147,1,CA3,homecage,slice photos,,,7/27/15,,MK,RMH,300,250,Centered on cell layer,,,82,,,,
WB,15-147,3,CA3,homecage,slice photos,,,7/27/15,,MK,RMH,300,250,Centered on cell layer,,,70,,,,
WC,15-147,4,CA3,homecage,slice photos,,,7/27/15,,MK,RMH,300,250,Centered on cell layer,,,75,,,,
VR,15-147,1,CA4,homecage,slice photos,,,7/27/15,,MK,RMH,300,250,Centered on cell layer,,,82,,,,
VT,15-147,3,CA4,homecage,slice photos,,"has some DG, I think",7/27/15,,MK,RMH,300,250,Centered on cell layer,,,70,,,,
VN,15-147,1,DG,homecage,slice photos,,,7/27/15,,MK,RMH,300,250,Centered on cell layer,,,82,,,,
VP,15-147,3,DG,homecage,slice photos,,,7/27/15,,MK,RMH,300,250,Centered on cell layer,,,70,,,,
VQ,15-147,4,DG,homecage,slice photos,,,7/27/15,,MK,RMH,300,250,Centered on cell layer,,,75,,,,
TM,15-147A,1,CA1,trained conflict,slice photos,,,7/25/15,10:30,MK,RMH,300,250,Centered on cell layer,,,77,,,,
TO,15-147A,3,CA1,trained conflict,slice photos,,,7/25/15,10:30,MK,RMH,300,250,Centered on cell layer,,,69,,,,
TP,15-147A,4,CA1,trained conflict,slice photos,,no visual confirmation (maybe too much light to see),7/25/15,10:30,MK,RMH,300,250,Centered on cell layer,,,72,,,,
UD,15-147A,1,CA2,trained conflict,slice photos,,no visual confirmation (maybe too much light to see),7/25/15,10:30,MK,RMH,300,250,Centered on cell layer,,,77,,,,
UF,15-147A,3,CA2,trained conflict,slice photos,,no visual confirmation (maybe too much light to see),7/25/15,10:30,MK,RMH,300,250,Centered on cell layer,,,69,,,,
UG,15-147A,4,CA2,trained conflict,slice photos,,no visual confirmation (maybe too much light to see),7/25/15,10:30,MK,RMH,300,250,Centered on cell layer,,,72,,,,
TZ,15-147A,1,CA3,trained conflict,slice photos,,,7/25/15,10:30,MK,RMH,300,250,Centered on cell layer,,,77,,,,
UB,15-147A,3,CA3,trained conflict,slice photos,,no visual confirmation (maybe too much light to see),7/25/15,10:30,MK,RMH,300,250,Centered on cell layer,,,69,,,,
UC,15-147A,4,CA3,trained conflict,slice photos,,no visual confirmation (maybe too much light to see),7/25/15,10:30,MK,RMH,300,250,Centered on cell layer,,,72,,,,
TV,15-147A,1,CA4,trained conflict,slice photos,,no visual confirmation (maybe too much light to see),7/25/15,10:30,MK,RMH,300,250,Centered on cell layer,,,77,,,,
TX,15-147A,3,CA4,trained conflict,slice photos,,no visual confirmation (maybe too much light to see),7/25/15,10:30,MK,RMH,300,250,Centered on cell layer,,,69,,,,
TY,15-147A,4,CA4,trained conflict,slice photos,,mangled it!!,7/25/15,10:30,MK,RMH,300,250,Centered on cell layer,,,72,,,,
TQ,15-147A,1,DG,trained conflict,slice photos,,no visual confirmation (maybe too much light to see),7/25/15,10:30,MK,RMH,300,250,Centered on cell layer,,,77,,,,
TS,15-147A,3,DG,trained conflict,slice photos,,no visual confirmation (maybe too much light to see),7/25/15,10:30,MK,RMH,300,250,Centered on cell layer,,,69,,,,
TU,15-147A,4,DG,trained conflict,slice photos,,no visual confirmation (maybe too much light to see),7/25/15,10:30,MK,RMH,300,250,Centered on cell layer,,,72,,,,
UT,15-147B,1,CA1,yoked to conflict,slice photos,,,7/25/15,4:30,MK,RMH,300,250,Centered on cell layer,,,78,,,,
UU,15-147B,2,CA1,yoked to conflict,slice photos,,,7/25/15,4:30,MK,RMH,300,250,Centered on cell layer,,,73,,,,
UV,15-147B,3,CA1,yoked to conflict,slice photos,,,7/25/15,4:30,MK,RMH,300,250,Centered on cell layer,,,76,,,,
UX,15-147B,1,CA2,yoked to conflict,slice photos,,,7/25/15,4:30,MK,RMH,300,250,Centered on cell layer,,,78,,,,
UY,15-147B,2,CA2,yoked to conflict,slice photos,,,7/25/15,4:30,MK,RMH,300,250,Centered on cell layer,,,73,,,,
UZ,15-147B,3,CA2,yoked to conflict,slice photos,,has 2 punches,7/25/15,4:30,MK,RMH,300,250,Centered on cell layer,,,76,,,,
UH,15-147B,1,CA3,yoked to conflict,slice photos,,,7/25/15,4:30,MK,RMH,300,250,Centered on cell layer,,,78,,,,
UI,15-147B,2,CA3,yoked to conflict,slice photos,,,7/25/15,4:30,MK,RMH,300,250,Centered on cell layer,,,73,,,,
UJ,15-147B,3,CA3,yoked to conflict,slice photos,,cell layer not very clear,7/25/15,4:30,MK,RMH,300,250,Centered on cell layer,,,76,,,,
UL,15-147B,1,CA4,yoked to conflict,slice photos,,no visual confirmation (maybe too much light to see),7/25/15,4:30,MK,RMH,300,250,Centered on cell layer,,,78,,,,
UM,15-147B,2,CA4,yoked to conflict,slice photos,,no visual confirmation (maybe too much light to see),7/25/15,4:30,MK,RMH,300,250,Centered on cell layer,,,73,,,,
UN,15-147B,3,CA4,yoked to conflict,slice photos,,,7/25/15,4:30,MK,RMH,300,250,Centered on cell layer,,,76,,,,
UP,15-147B,1,DG,yoked to conflict,slice photos,,,7/25/15,4:30,MK,RMH,300,250,Centered on cell layer,,,78,,,,
UQ,15-147B,2,DG,yoked to conflict,slice photos,,mangled it!!,7/25/15,4:30,MK,RMH,300,250,Centered on cell layer,,,73,,,,
UR,15-147B,3,DG,yoked to conflict,slice photos,,,7/25/15,4:30,MK,RMH,300,250,Centered on cell layer,,,76,,,,
VB,15-147B,1,Pr,yoked to conflict,slice photos,,piroform cortex. Control huntington region,7/25/15,4:30,MK,RMH,300,250,Centered on cell layer,,,78,,,,
VC,15-147B,2,Pr,yoked to conflict,slice photos,,piroform cortex. Control huntington region,7/25/15,4:30,MK,RMH,300,250,Centered on cell layer,,,73,,,,
VD,15-147B,3,Pr,yoked to conflict,slice photos,,piroform cortex. Control huntington region,7/25/15,4:30,MK,RMH,300,250,Centered on cell layer,,,76,,,,
XK,15-147C,2,CA1,trained,slice photos,,,7/29/15,11:21,MK,RMH,300,500,Centered on cell layer,,,78,,,,
XM,15-147C,4,CA1,trained,slice photos,,,7/29/15,11:21,MK,RMH,300,500,Centered on cell layer,,,72,,,,
XN,15-147C,2,CA2,trained,slice photos,,,7/29/15,11:21,MK,RMH,300,500,Centered on cell layer,,,78,,,,
XP,15-147C,4,CA2,trained,slice photos,,,7/29/15,11:21,MK,RMH,300,500,Centered on cell layer,,,72,,,,
XG,15-147C,1,CA3,trained,slice photos,,,7/29/15,11:21,MK,RMH,300,500,Centered on cell layer,,,68,,,,
XH,15-147C,2,CA3,trained,slice photos,,,7/29/15,11:21,MK,RMH,300,500,Centered on cell layer,,,78,,,,
XJ,15-147C,4,CA3,trained,slice photos,,,7/29/15,11:21,MK,RMH,300,500,Centered on cell layer,,,72,,,,
XQ,15-147C,2,CA4,trained,slice photos,,,7/29/15,11:21,MK,RMH,300,500,Centered on cell layer,,,78,,,,
XC,15-147C,1,DG,trained,slice photos,,,7/29/15,11:21,MK,RMH,300,500,Centered on cell layer,,,68,,,,
XD,15-147C,2,DG,trained,slice photos,,no visual confirmation,7/29/15,11:21,MK,RMH,300,500,Centered on cell layer,,,78,,,,
XF,15-147C,4,DG,trained,slice photos,,no visual confirmation,7/29/15,11:21,MK,RMH,300,500,Centered on cell layer,,,72,,,,
YR,15-147D,2,CA1,yoked to trained,slice photos,,,7/29/15,,MK,RMH,300,250,Centered on cell layer,,,70,,,,
YS,15-147D,4,CA1,yoked to trained,slice photos,,,7/29/15,,MK,RMH,300,250,Centered on cell layer,,,78,,,,
YT,15-147D,5,CA1,yoked to trained,slice photos,,,7/29/15,,MK,RMH,300,250,Centered on cell layer,,,76,,,,
YV,15-147D,2,CA2,yoked to trained,slice photos,,,7/29/15,,MK,RMH,300,250,Centered on cell layer,,,70,,,,
YZ,15-147D,4,CA2,yoked to trained,slice photos,,,7/29/15,,MK,RMH,300,250,Centered on cell layer,,,78,,,,
ZA,15-147D,5,CA2,yoked to trained,slice photos,,,7/29/15,,MK,RMH,300,250,Centered on cell layer,,,76,,,,
YJ,15-147D,2,CA3,yoked to trained,slice photos,,,7/29/15,,MK,RMH,300,250,Centered on cell layer,,,70,,,,
YK,15-147D,4,CA3,yoked to trained,slice photos,,,7/29/15,,MK,RMH,300,250,Centered on cell layer,,,78,,,,
YL,15-147D,5,CA3,yoked to trained,slice photos,,,7/29/15,,MK,RMH,300,250,Centered on cell layer,,,76,,,,
ZC,15-147D,2,CA4,yoked to trained,slice photos,,,7/29/15,,MK,RMH,300,250,Centered on cell layer,,,70,,,,
ZD,15-147D,4,CA4,yoked to trained,slice photos,,,7/29/15,,MK,RMH,300,250,Centered on cell layer,,,78,,,,
ZE,15-147D,5,CA4,yoked to trained,slice photos,,,7/29/15,,MK,RMH,300,250,Centered on cell layer,,,76,,,,
YN,15-147D,2,DG,yoked to trained,slice photos,,,7/29/15,,MK,RMH,300,250,Centered on cell layer,,,70,,,,
YO,15-147D,4,DG,yoked to trained,slice photos,,,7/29/15,,MK,RMH,300,250,Centered on cell layer,,,78,,,,
YP,15-147D,5,DG,yoked to trained,slice photos,,,7/29/15,,MK,RMH,300,250,Centered on cell layer,,,76,,,,
WQ,15-148,1,CA1,homecage,slice photos,,no visual confirmation,7/28/15,,MK,RMH,300,250,Centered on cell layer,,,72,,,,
WR,15-148,1,CA1,homecage,slice photos,,2nd punch is a little to the right of first,7/28/15,,MK,RMH,300,250,Centered on cell layer,,,72,,,,
WT,15-148,4,CA1,homecage,slice photos,,,7/28/15,,MK,RMH,300,250,Centered on cell layer,,,79,,,,
WU,15-148,3,CA1,homecage,slice photos,,,7/28/15,,MK,RMH,300,250,Centered on cell layer,,,85,,,,
WM,15-148,1,CA2,homecage,slice photos,,,7/28/15,,MK,RMH,300,250,Centered on cell layer,,,72,,,,
WO,15-148,3,CA2,homecage,slice photos,,,7/28/15,,MK,RMH,300,250,Centered on cell layer,,,79,,,,
WP,15-148,4,CA2,homecage,slice photos,,,7/28/15,,MK,RMH,300,250,Centered on cell layer,,,85,,,,
WH,15-148,1,CA3,homecage,slice photos,,,7/28/15,,MK,RMH,300,250,Centered on cell layer,,,72,,,,
WJ,15-148,3,CA3,homecage,slice photos,,,7/28/15,,MK,RMH,300,250,Centered on cell layer,,,79,,,,
WK,15-148,4,CA3,homecage,slice photos,,,7/28/15,,MK,RMH,300,250,Centered on cell layer,,,85,,,,
WD,15-148,1,CA4,homecage,slice photos,,no visual confirmation,7/28/15,,MK,RMH,300,250,Centered on cell layer,,,72,,,,
WF,15-148,3,CA4,homecage,slice photos,,no visual confirmation,7/28/15,,MK,RMH,300,250,Centered on cell layer,,,79,,,,
WG,15-148,4,CA4,homecage,slice photos,,,7/28/15,,MK,RMH,300,250,Centered on cell layer,,,85,,,,
WV,15-148,1,DG,homecage,slice photos,,no visual confirmation,7/28/15,,MK,RMH,300,250,Centered on cell layer,,,72,,,,
WX,15-148,3,DG,homecage,slice photos,,no visual confirmation,7/28/15,,MK,RMH,300,250,Centered on cell layer,,,79,,,,
WY,15-148,4,DG,homecage,slice photos,,,7/28/15,,MK,RMH,300,250,Centered on cell layer,,,85,,,,
XA,15-148,3,Pr,homecage,slice photos,,,7/28/15,,MK,RMH,300,250,Centered on cell layer,,,79,,,,
XB,15-148,4,Pr,homecage,slice photos,,,7/28/15,,MK,RMH,300,250,Centered on cell layer,,,85,,,,
AAB,15-148A,1,CA1,trained conflict,slice photos,,,7/30/15,,MK,RMH,300,250,Centered on cell layer,,,79,,,,
AAC,15-148A,2,CA1,trained conflict,slice photos,,,7/30/15,,MK,RMH,300,250,Centered on cell layer,,,69,,,,
ZI,15-148A,1,CA2,trained conflict,slice photos,,,7/30/15,,MK,RMH,300,250,Centered on cell layer,,,79,,,,
ZJ,15-148A,2,CA2,trained conflict,slice photos,,,7/30/15,,MK,RMH,300,250,Centered on cell layer,,,69,,,,
ZL,15-148A,1,CA3,trained conflict,slice photos,,,7/30/15,,MK,RMH,300,250,Centered on cell layer,,,79,,,,
ZM,15-148A,2,CA3,trained conflict,slice photos,,,7/30/15,,MK,RMH,300,250,Centered on cell layer,,,69,,,,
ZF,15-148A,1,CA4,trained conflict,slice photos,,,7/30/15,,MK,RMH,300,250,Centered on cell layer,,,79,,,,
ZG,15-148A,2,CA4,trained conflict,slice photos,,,7/30/15,,MK,RMH,300,250,Centered on cell layer,,,69,,,,
ZO,15-148A,1,DG,trained conflict,slice photos,,,7/30/15,,MK,RMH,300,250,Centered on cell layer,,,79,,,,
ZP,15-148A,2,DG,trained conflict,slice photos,,,7/30/15,,MK,RMH,300,250,Centered on cell layer,,,69,,,,
ABB,15-148B,1,CA1,yoked to conflict,slice photos,,,7/30/15,,MK,RMH,300,250,Centered on cell layer,,,83,,,,
ABC,15-148B,2,CA1,yoked to conflict,slice photos,,,7/30/15,,MK,RMH,300,250,Centered on cell layer,,,77,,,,
ABD,15-148B,3,CA1,yoked to conflict,slice photos,,,7/30/15,,MK,RMH,300,250,Centered on cell layer,,,73,,,,
ABF,15-148B,1,CA2,yoked to conflict,slice photos,,,7/30/15,,MK,RMH,300,250,Centered on cell layer,,,83,,,,
ABG,15-148B,2,CA2,yoked to conflict,slice photos,,,7/30/15,,MK,RMH,300,250,Centered on cell layer,,,77,,,,
ABH,15-148B,3,CA2,yoked to conflict,slice photos,,,7/30/15,,MK,RMH,300,250,Centered on cell layer,,,73,,,,
AAX,15-148B,1,CA3,yoked to conflict,slice photos,,,7/30/15,,MK,RMH,300,250,Centered on cell layer,,,83,,,,
AAY,15-148B,2,CA3,yoked to conflict,slice photos,,,7/30/15,,MK,RMH,300,250,Centered on cell layer,,,77,,,,
AAZ,15-148B,3,CA3,yoked to conflict,slice photos,,,7/30/15,,MK,RMH,300,250,Centered on cell layer,,,73,,,,
AAT,15-148B,1,CA4,yoked to conflict,slice photos,,,7/30/15,,MK,RMH,300,250,Centered on cell layer,,,83,,,,
AAU,15-148B,2,CA4,yoked to conflict,slice photos,,,7/30/15,,MK,RMH,300,250,Centered on cell layer,,,77,,,,
AAV,15-148B,3,CA4,yoked to conflict,slice photos,,,7/30/15,,MK,RMH,300,250,Centered on cell layer,,,73,,,,
ABJ,15-148B,1,DG,yoked to conflict,slice photos,,,7/30/15,,MK,RMH,300,250,Centered on cell layer,,,83,,,,
ABK,15-148B,2,DG,yoked to conflict,slice photos,,,7/30/15,,MK,RMH,300,250,Centered on cell layer,,,77,,,,
ABL,15-148B,3,DG,yoked to conflict,slice photos,,,7/30/15,,MK,RMH,300,250,Centered on cell layer,,,73,,,,
ABV,15-148C,1,CA1,trained,slice photos,,,7/31/15,,MK,RMH,300,250,Centered on cell layer,,,72,,,,
ABW,15-148C,2,CA1,trained,slice photos,,,7/31/15,,MK,RMH,300,250,Centered on cell layer,,,78,,,,
ABY,15-148C,4,CA1,trained,slice photos,,,7/31/15,,MK,RMH,300,250,Centered on cell layer,,,69,,,,
ABN,15-148C,1,CA2,trained,slice photos,,,7/31/15,,MK,RMH,300,250,Centered on cell layer,,,72,,,,
ABO,15-148C,2,CA2,trained,slice photos,,,7/31/15,,MK,RMH,300,250,Centered on cell layer,,,78,,,,
ABQ,15-148C,4,CA2,trained,slice photos,,,7/31/15,,MK,RMH,300,250,Centered on cell layer,,,69,,,,
ABZ,15-148C,1,CA3,trained,slice photos,,,7/31/15,,MK,RMH,300,250,Centered on cell layer,,,72,,,,
ACA,15-148C,2,CA3,trained,slice photos,,,7/31/15,,MK,RMH,300,250,Centered on cell layer,,,78,,,,
ACD,15-148C,4,CA3,trained,slice photos,,,7/31/15,,MK,RMH,300,250,Centered on cell layer,,,69,,,,
ABR,15-148C,1,CA4,trained,slice photos,,,7/31/15,,MK,RMH,300,250,Centered on cell layer,,,72,,,,
ABS,15-148C,2,CA4,trained,slice photos,,,7/31/15,,MK,RMH,300,250,Centered on cell layer,,,78,,,,
ABU,15-148C,4,CA4,trained,slice photos,,,7/31/15,,MK,RMH,300,250,Centered on cell layer,,,69,,,,
ACE,15-148C,1,DG,trained,slice photos,,,7/31/15,,MK,RMH,300,250,Centered on cell layer,,,72,,,,
ACF,15-148C,2,DG,trained,slice photos,,,7/31/15,,MK,RMH,300,250,Centered on cell layer,,,78,,,,
ACH,15-148C,4,DG,trained,slice photos,,,7/31/15,,MK,RMH,300,250,Centered on cell layer,,,69,,,,
ADB,15-148D,1,CA1,yoked to trained,slice photos,,,7/31/15,,MK,RMH,300,250,Centered on cell layer,,,78,,,,
ADC,15-148D,2,CA1,yoked to trained,slice photos,,,7/31/15,,MK,RMH,300,250,Centered on cell layer,,,70,,,,
ADE,15-148D,4,CA1,yoked to trained,slice photos,,,7/31/15,,MK,RMH,300,250,Centered on cell layer,,,76,,,,
ADO,15-148D,5,CA1,yoked to trained,slice photos,,,7/31/15,,MK,RMH,300,250,Centered on cell layer,,,69,,,,
ADF,15-148D,1,CA2,yoked to trained,slice photos,,,7/31/15,,MK,RMH,300,250,Centered on cell layer,,,78,,,,
ADG,15-148D,2,CA2,yoked to trained,slice photos,,,7/31/15,,MK,RMH,300,250,Centered on cell layer,,,70,,,,
ADI,15-148D,4,CA2,yoked to trained,slice photos,,,7/31/15,,MK,RMH,300,250,Centered on cell layer,,,76,,,,
ADP,15-148D,5,CA2,yoked to trained,slice photos,,,7/31/15,,MK,RMH,300,250,Centered on cell layer,,,69,,,,
ADJ,15-148D,2,CA3,yoked to trained,slice photos,,,7/31/15,,MK,RMH,300,250,Centered on cell layer,,,70,,,,
ADL,15-148D,4,CA3,yoked to trained,slice photos,,,7/31/15,,MK,RMH,300,250,Centered on cell layer,,,76,,,,
ADM,15-148D,5,CA3,yoked to trained,slice photos,,,7/31/15,,MK,RMH,300,250,Centered on cell layer,,,69,,,,
ADQ,15-148D,5,CA4,yoked to trained,slice photos,,,7/31/15,,MK,RMH,300,250,Centered on cell layer,,,69,,,,
ADR,15-148D,2,CA4,yoked to trained,slice photos,,,7/31/15,,MK,RMH,300,250,Centered on cell layer,,,70,,,,
ADT,15-148D,4,CA4,yoked to trained,slice photos,,,7/31/15,,MK,RMH,300,250,Centered on cell layer,,,76,,,,
ACX,15-148D,1,DG,yoked to trained,slice photos,,,7/31/15,,MK,RMH,300,250,Centered on cell layer,,,78,,,,
ACY,15-148D,2,DG,yoked to trained,slice photos,,,7/31/15,,MK,RMH,300,250,Centered on cell layer,,,70,,,,
ADA,15-148D,4,DG,yoked to trained,slice photos,,,7/31/15,,MK,RMH,300,250,Centered on cell layer,,,76,,,,
ADN,15-148D,5,DG,yoked to trained,slice photos,,,7/31/15,,MK,RMH,300,250,Centered on cell layer,,,69,,,,
YA,15-310,2,CA1,,slice photos,,,7/29/15,,JMA,RMH,??,250,Centered on cell layer,,,79,,,,
XZ,15-310,1,CA1?,,slice photos,,,7/29/15,,JMA,RMH,??,250,Centered on cell layer,,,72,,,,
XW,15-310,1,CA2,,slice photos,,,7/29/15,,JMA,RMH,??,250,Centered on cell layer,,,72,,,,
XX,15-310,2,CA2,,slice photos,,,7/29/15,,JMA,RMH,??,250,Centered on cell layer,,,79,,,,
XT,15-310,1,CA3,,slice photos,,,7/29/15,,JMA,RMH,??,250,Centered on cell layer,,,72,,,,
XU,15-310,2,CA3,,slice photos,,,7/29/15,,JMA,RMH,??,250,Centered on cell layer,,,79,,,,
YF,15-310,1,CA4,,slice photos,,,7/29/15,,JMA,RMH,??,250,Centered on cell layer,,,72,,,,
YG,15-310,2,CA4,,slice photos,,,7/29/15,,JMA,RMH,??,250,Centered on cell layer,,,79,,,,
YC,15-310,1,DG,,slice photos,,,7/29/15,,JMA,RMH,??,250,Centered on cell layer,,,72,,,,
YD,15-310,2,DG,,slice photos,,,7/29/15,,JMA,RMH,??,250,Centered on cell layer,,,79,,,,
VH,15-321,2,CA1,,,,"very ventral,",7/27/15,,JMA,RMH,??,250,Centered on cell layer,,,88,,,,
VF,15-321,1,DG,,,,"very ventral,",7/27/15,,JMA,RMH,??,250,Centered on cell layer,,,88,,,,
AAE,15-331,1,CA1,,slice photos,,,7/30/15,,JMA,RMH,??,250,Centered on cell layer,,,78,,,,
AAF,15-331,2,CA1,,slice photos,,,7/30/15,,JMA,RMH,??,250,Centered on cell layer,,,73,,,,
AAG,15-331,3,CA1,,slice photos,,,7/30/15,,JMA,RMH,??,250,Centered on cell layer,,,79,,,,
AAO,15-331,2,CA2,,slice photos,,,7/30/15,,JMA,RMH,??,250,Centered on cell layer,,,73,,,,
AAP,15-331,3,CA2,,slice photos,,,7/30/15,,JMA,RMH,??,250,Centered on cell layer,,,79,,,,
AAL,15-331,2,CA3,,slice photos,,,7/30/15,,JMA,RMH,??,250,Centered on cell layer,,,73,,,,
AAM,15-331,3,CA3,,slice photos,,,7/30/15,,JMA,RMH,??,250,Centered on cell layer,,,79,,,,
AAR,15-331,2,CA4,,slice photos,,,7/30/15,,JMA,RMH,??,250,Centered on cell layer,,,73,,,,
AAS,15-331,3,CA4,,slice photos,,,7/30/15,,JMA,RMH,??,250,Centered on cell layer,,,79,,,,
AAI,15-331,2,DG,,slice photos,,,7/30/15,,JMA,RMH,??,250,Centered on cell layer,,,73,,,,
AAJ,15-331,3,DG,,slice photos,,,7/30/15,,JMA,RMH,??,250,Centered on cell layer,,,79,,,,
MN,A,1,CA1,trained conflict,,,no land mark,7/15/15,,MK,RMH,300,250,Centered on cell layer,,,,,,,
MP,A,2,CA1,trained conflict,,,,7/15/15,,MK,RMH,300,250,Centered on cell layer,,,,,,,
MM,A,2,CA2,trained conflict,,,,7/15/15,,MK,RMH,300,250,Centered on cell layer,,,,,,,
MO,A,1,CA2,trained conflict,,,,7/15/15,,MK,RMH,300,250,Centered on cell layer,,,,,,,
MK,A,1,CA3,trained conflict,,,pretty ventral,7/15/15,,MK,RMH,300,250,Centered on cell layer,,,,,,,
ML,A,2,CA3,trained conflict,,,pretty ventral,7/15/15,,MK,RMH,300,250,Centered on cell layer,,,,,,,
MI,A,2,CA4,trained conflict,,,,7/15/15,,MK,RMH,300,250,Centered on cell layer,,,,,,,
MJ,A,1,CA4,trained conflict,,,,7/15/15,,MK,RMH,300,250,Centered on cell layer,,,,,,,
MG,A,1,DG,trained conflict,,,no visual confirmation,7/15/15,,MK,RMH,300,250,Centered on cell layer,,,,,,,
MH,A,2,DG,trained conflict,,,no visual confirmation,7/15/15,,MK,RMH,300,250,Centered on cell layer,,,,,,,
LV,B,1,CA1,yoked to conflict,,,cant see punch,7/15/15,,MK,RMH,300,250,Centered on cell layer,,,,,,,
LW,B,2,CA1,yoked to conflict,,,no land mark,7/15/15,,MK,RMH,300,250,Centered on cell layer,,,,,,,
LX,B,3,CA1,yoked to conflict,,,"bad punch, slipped into other tissue",7/15/15,,MK,RMH,300,250,Centered on cell layer,,,,,,,
LY,B,4,CA1,yoked to conflict,,,,7/15/15,,MK,RMH,300,250,Centered on cell layer,,,,,,,
LZ,B,1,CA2,yoked to conflict,,,,7/15/15,,MK,RMH,300,250,Centered on cell layer,,,,,,,
MA,B,2,CA2,yoked to conflict,,,no land mark,7/15/15,,MK,RMH,300,250,Centered on cell layer,,,,,,,
MB,B,3,CA2,yoked to conflict,,,,7/15/15,,MK,RMH,300,250,Centered on cell layer,,,,,,,
MC,B,4,CA2,yoked to conflict,,,slice 1 and 3 are best,7/15/15,,MK,RMH,300,250,Centered on cell layer,,,,,,,
LN,B,1,CA3,yoked to conflict,,,,7/15/15,,MK,RMH,300,250,Centered on cell layer,,,,,,,
LO,B,2,CA3,yoked to conflict,,,,7/15/15,,MK,RMH,300,250,Centered on cell layer,,,,,,,
LP,B,3,CA3,yoked to conflict,,,,7/15/15,,MK,RMH,300,250,Centered on cell layer,,,,,,,
LQ,B,4,CA3,yoked to conflict,,,,7/15/15,,MK,RMH,300,250,Centered on cell layer,,,,,,,
LR,B,1,CA4,yoked to conflict,,,,7/15/15,,MK,RMH,300,250,Centered on cell layer,,,,,,,
LS,B,2,CA4,yoked to conflict,,,,7/15/15,,MK,RMH,300,250,Centered on cell layer,,,,,,,
LT,B,3,CA4,yoked to conflict,,,,7/15/15,,MK,RMH,300,250,Centered on cell layer,,,,,,,
LU,B,4,CA4,yoked to conflict,,,,7/15/15,,MK,RMH,300,250,Centered on cell layer,,,,,,,
MD,B,1,DG,yoked to conflict,,,,7/15/15,,MK,RMH,300,250,Centered on cell layer,,,,,,,
ME,B,2,DG,yoked to conflict,,,,7/15/15,,MK,RMH,300,250,Centered on cell layer,,,,,,,
MF,B,3,DG,yoked to conflict,,,,7/15/15,,MK,RMH,300,250,Centered on cell layer,,,,,,,