Tube,Mouse,Slice,Punch,notes.mouse,photos,notes,Date,time,Slice.collector,Punch.Collector,SliceSize,Punchsize,location,RNAisolationdate,RNAisolator,location,best location,jobnumber,RNAseqID,Mouse-short,Random
AEA,15-100,1,CA1,,,,,,,,,,,,,,1,JA16---,100-CA1-1,100,62
AEF ,15-100,2,CA1,,,,,,,,,,,,,,1,JA16---,100-CA1-2,100,63
AEK,15-100,3,CA1,,,,,,,,,,,,,,1,JA16---,100-CA1-3,100,40
AEC,15-100,1,CA3,,,,,,,,,,,,,,1,JA16---,100-CA3-1,100,48
AEH,15-100,2,CA3,,,,,,,,,,,,,,1,JA16---,100-CA3-2,100,9
AER,15-100,4,CA3,,,,,,,,,,,,,,1,JA16---,101-CA3-4,101,31
AEJ,15-100,2,DG,,,,,,,,,,,,,,1,JA16---,101-DG-2,101,20
AEO,15-100,3,DG,,,,,,,,,,,,,,1,JA16---,101-DG-3,101,67
AET,15-100,4,DG,,,,,,,,,,,,,,1,JA16---,101-DG-4,101,1
AFA,15-101,1,CA1,,,,,,,,,,,,,,1,JA16---,100-CA1-1,100,7
AFF ,15-101,2,CA1,,,,,,,,,,,,,,1,JA16---,100-CA1-2,100,30
AFK,15-101,3,CA1,,,,,,,,,,,,,,1,JA16---,100-CA1-3,100,11
AFC,15-101,1,CA3,,,,,,,,,,,,,,1,JA16---,100-CA3-1,100,16
AFH,15-101,2,CA3,,,,,,,,,,,,,,1,JA16---,101-CA3-2,101,58
AFR,15-101,4,CA3,,,,,,,,,,,,,,1,JA16---,101-CA3-4,101,37
AFJ,15-101,2,DG,,,,,,,,,,,,,,1,JA16---,101-DG-2,101,68
AFO,15-101,3,DG,,,,,,,,,,,,,,1,JA16---,101-DG-3,101,10
AFT,15-101,4,DG,,,,,,,,,,,,,,1,JA16---,101-DG-4,101,44
JJ,15-143A,1,CA1,trained conflict,,,7/9/15,,MK,RMH,350,250,Centered on cell layer,,,,1,JA16---,143A-CA1-1,143A,6
JG,15-143A,1,CA3,trained conflict,,,7/9/15,,MK,RMH,350,250,Centered on cell layer,,,,1,JA16---,143A-CA3-1,143A,77
JH,15-143A,1,DG,trained conflict,,,7/9/15,,MK,RMH,350,250,Centered on cell layer,,,,1,JA16---,143A-DG-1,143A,50
JY ,15-143B,1,CA1,yoked to conflict,,,7/9/15,,MK,RMH,350,250,Centered on cell layer,,,,1,JA16---,143B-CA1-1,143B,34
JS,15-143B,1,CA3,yoked to conflict,,,7/9/15,,MK,RMH,350,250,Centered on cell layer,,,,1,JA16---,143B-CA3-1,143B,69
JZ,15-143B,1,DG,yoked to conflict,,,7/9/15,,MK,RMH,350,250,Centered on cell layer,,,,1,JA16---,143B-DG-1,143B,76
KX,15-143C,1,CA1,trained,,,7/10/15,,MK,RMH,300,250,Centered on cell layer,,,,1,JA16---,143C-CA1-1,143C,2
LE,15-143C,1,CA3,trained,,,7/10/15,,MK,RMH,300,250,Centered on cell layer,,,,1,JA16---,143C-CA3-1,143C,33
KF,15-143D,3,CA1,yoked to trained,,,7/9/15,,MK,RMH,300,250,Centered on cell layer,,,,3,JA16---,143D-CA1-3,143D,72
KL,15-143D,3,CA3,yoked to trained,,,7/9/15,,MK,RMH,300,250,Centered on cell layer,,,,3,JA16---,143D-CA3-3,143D,74
KO,15-143D,3,DG,yoked to trained,,,7/10/15,,MK,RMH,300,250,Centered on cell layer,,,,3,JA16---,143D-DG-3,143D,19
MP,15-144A,2,CA1,trained conflict,,"renamed from simply ""A""",7/15/15,,MK,RMH,300,250,Centered on cell layer,,,,2,JA16---,144A-CA1-2,144A,73
ML,15-144A,2,CA3,trained conflict,,pretty ventral,7/15/15,,MK,RMH,300,250,Centered on cell layer,,,,2,JA16---,144A-CA3-2,144A,55
MH,15-144A,2,DG,trained conflict,,no visual confirmation,7/15/15,,MK,RMH,300,250,Centered on cell layer,,,,2,JA16---,144A-DG-2,144A,47
LV,15-144B,1,CA1,yoked to conflict,,cant see punch,7/15/15,,MK,RMH,300,250,Centered on cell layer,,,,1,JA16---,144B-CA1-1,144B,3
LN,15-144B,1,CA3,yoked to conflict,,"renamed from simply ""B""",7/15/15,,MK,RMH,300,250,Centered on cell layer,,,,1,JA16---,144B-CA3-1,144B,60
MD,15-144B,1,DG,yoked to conflict,,"renamed from simply ""B""",7/15/15,,MK,RMH,300,250,Centered on cell layer,,,,1,JA16---,144B-DG-1,144B,59
NH,15-144C,2,CA1,trained,,,7/18/15,,MK,RMH,300,250,Centered on cell layer,,,,2,JA16---,144C-CA1-2,144C,21
NK,15-144C,2,CA3,trained,,,7/18/15,,MK,RMH,300,250,Centered on cell layer,,,,2,JA16---,144C-CA3-2,144C,35
NN,15-144C,2,DG,trained,,,7/18/15,,MK,RMH,300,250,Centered on cell layer,,,,2,JA16---,144C-DG-2,144C,32
MR,15-144D,2,CA1,yoked to trained,,CYRSTALS,7/17/15,,MK,RMH,300,250,Centered on cell layer,,,,2,JA16---,144D-CA1-2,144D,51
MU,15-144D,2,CA3,yoked to trained,,CYRSTALS,7/17/15,,MK,RMH,300,250,Centered on cell layer,,,,2,JA16---,144D-CA3-2,144D,18
NB,15-144D,2,DG,yoked to trained,,CYRSTALS,7/17/15,,MK,RMH,300,250,Centered on cell layer,,,,2,JA16---,144D-DG-2,144D,71
OD,15-145A,2,CA1,trained conflict,,collected 3.5 hours late!!!! Slice recovering for very long time,7/18/15,,MK,RMH,300,250,Centered on cell layer,,,,2,JA16---,145A-CA1-2,145A,64
NX,15-145A,2,CA3,trained conflict,,collected 3.5 hours late!!!! Slice recovering for very long time,7/18/15,,MK,RMH,300,250,Centered on cell layer,,,,2,JA16---,145A-CA3-2,145A,45
OA,15-145A,2,DG,trained conflict,,collected 3.5 hours late!!!! Slice recovering for very long time,7/18/15,,MK,RMH,300,250,Centered on cell layer,,,,2,JA16---,145A-DG-2,145A,53
OP,15-145B,1,CA1,yoked to conflict,slice photos,,7/18/15,,MK,RMH,300,250,Centered on cell layer,,,75,75,JA16---,145B-CA1-1,145B,14
OS,15-145B,1,CA3,yoked to conflict,slice photos,,7/18/15,,MK,RMH,300,250,Centered on cell layer,,,75,75,JA16---,145B-CA3-1,145B,29
OV,15-145B,1,DG,yoked to conflict,slice photos,,7/18/15,,MK,RMH,300,250,Centered on cell layer,,,75,75,JA16---,145B-DG-1,145B,39
RS,15-146A,2,CA1,trained conflict,slice photos,,7/23/15,4:30,MK,RMH,300,250,Centered on cell layer,,,75,75,JA16---,146A-CA1-2,146A,23
RM,15-146A,2,CA3,trained conflict,slice photos,,7/23/15,4:30,MK,RMH,300,250,Centered on cell layer,,,75,75,JA16---,146A-CA3-2,146A,25
RJ,15-146A,2,DG,trained conflict,slice photos,,7/23/15,4:30,MK,RMH,300,250,Centered on cell layer,,,75,75,JA16---,146A-DG-2,146A,28
RB,15-146B,2,CA1,yoked to conflict,slice photos,,7/23/15,10:30,MK,RMH,300,250,Centered on cell layer,,,75,75,JA16---,146B-CA1-2,146B,43
QO,15-146B,2,CA3,yoked to conflict,slice photos,,7/23/15,10:30,MK,RMH,300,250,Centered on cell layer,,,75,75,JA16---,146B-CA3-2,146B,24
RF,15-146B,2,DG,yoked to conflict,slice photos,,7/23/15,10:30,MK,RMH,300,250,Centered on cell layer,,,75,75,JA16---,146B-DG-2,146B,41
SB,15-146C,4,CA1,trained,slice photos,,7/24/15,10:45,MK,RMH,300,250,Centered on cell layer,,,74,74,JA16---,146C-CA1-4,146C,38
SF,15-146C,4,CA3,trained,slice photos,,7/24/15,10:45,MK,RMH,300,250,Centered on cell layer,,,74,74,JA16---,146C-CA3-4,146C,70
SR,15-146C,4,DG,trained,slice photos,no visual,7/24/15,10:45,MK,RMH,300,250,Centered on cell layer,,,74,74,JA16---,146C-DG-4,146C,4
TC,15-146D,3,CA1,yoked to trained,slice photos,,7/24/15,4:30,MK,RMH,300,250,Centered on cell layer,,,74,74,JA16---,146D-CA1-3,146D,36
SU,15-146D,3,CA3,yoked to trained,slice photos,,7/24/15,4:30,MK,RMH,300,250,Centered on cell layer,,,74,74,JA16---,146D-CA3-3,146D,54
TG,15-146D,3,DG,yoked to trained,slice photos,,7/24/15,4:30,MK,RMH,300,250,Centered on cell layer,,,74,74,JA16---,146D-DG-3,146D,66
VM,15-147,4,CA1,homecage,slice photos,,7/27/15,,MK,RMH,300,250,Centered on cell layer,,,75,75,JA16---,147-CA1-4,147,57
WC,15-147,4,CA3,homecage,slice photos,,7/27/15,,MK,RMH,300,250,Centered on cell layer,,,75,75,JA16---,147-CA3-4,147,13
VQ,15-147,4,DG,homecage,slice photos,,7/27/15,,MK,RMH,300,250,Centered on cell layer,,,75,75,JA16---,147-DG-4,147,75
XL,15-147C,3,CA1,trained,slice photos,,7/29/15,11:21,MK,RMH,300,500,Centered on cell layer,,,75,75,JA16---,147C-CA1-3,147C,46
XI,15-147C,3,CA3,trained,slice photos,,7/29/15,11:21,MK,RMH,300,500,Centered on cell layer,,,75,75,JA16---,147C-CA3-3,147C,61
XE,15-147C,3,DG,trained,slice photos,,7/29/15,11:21,MK,RMH,300,500,Centered on cell layer,,,75,75,JA16---,147C-DG-3,147C,26
YQ,15-147D,1,CA1,yoked to trained,slice photos,,7/29/15,,MK,RMH,300,250,Centered on cell layer,,,74,74,JA16---,147D-CA1-1,147D,22
YI,15-147D,1,CA3,yoked to trained,slice photos,,7/29/15,,MK,RMH,300,250,Centered on cell layer,,,74,74,JA16---,147D-CA3-1,147D,27
YM,15-147D,1,DG,yoked to trained,slice photos,,7/29/15,,MK,RMH,300,250,Centered on cell layer,,,74,74,JA16---,147D-DG-1,147D,17
WS,15-148,2,CA1,homecage,slice photos,,7/28/15,,MK,RMH,300,250,Centered on cell layer,,,77,77,JA16---,148-CA1-2,148,5
WI,15-148,2,CA3,homecage,slice photos,,7/28/15,,MK,RMH,300,250,Centered on cell layer,,,77,77,JA16---,148-CA3-2,148,65
WW,15-148,2,DG,homecage,slice photos,,7/28/15,,MK,RMH,300,250,Centered on cell layer,,,77,77,JA16---,148-DG-2,148,15
AAD,15-148A,3,CA1,trained conflict,slice photos,,7/30/15,,MK,RMH,300,250,Centered on cell layer,,,75,75,JA16---,148A-CA1-3,148A,56
ZN,15-148A,3,CA3,trained conflict,slice photos,,7/30/15,,MK,RMH,300,250,Centered on cell layer,,,75,75,JA16---,148A-CA3-3,148A,12
AAA,15-148A,3,DG,trained conflict,slice photos,,7/30/15,,MK,RMH,300,250,Centered on cell layer,,,75,75,JA16---,148A-DG-3,148A,42
ABE,15-148B,4,CA1,yoked to conflict,slice photos,,7/30/15,,MK,RMH,300,250,Centered on cell layer,,,75,75,JA16---,148B-CA1-4,148B,49
ABA,15-148B,4,CA3,yoked to conflict,slice photos,,7/30/15,,MK,RMH,300,250,Centered on cell layer,,,75,75,JA16---,148B-CA3-4,148B,8
ABM,15-148B,4,DG,yoked to conflict,slice photos,,7/30/15,,MK,RMH,300,250,Centered on cell layer,,,75,75,JA16---,148B-DG-4,148B,52
HL 2,15-142C,3,CA1,trained,slice photos,,7/6/15,,MK,RMH,300,250,Centered on cell layer,4/13/16,RMH,,,JA16268,142C_CA1_D,142C,
HM 2,15-142C,2,CA1,trained,slice photos,,7/6/15,,MK,RMH,300,250,Centered on cell layer,4/13/16,RMH,,,JA16268,142C_CA1_D,142C,
HK 2,15-142C,4,CA1,trained,slice photos,,7/6/15,,MK,RMH,300,250,Centered on cell layer,4/13/16,RMH,,,JA16268,142C_CA1_S,142C,
HG 2,15-142C,2,DG,trained,slice photos,,7/6/15,,MK,RMH,300,250,Centered on cell layer,4/13/16,RMH,,,JA16268,142C_DG_D,142C,
HJ 2,15-142C,4,DG,trained,slice photos,,7/6/15,,MK,RMH,300,250,Centered on cell layer,4/13/16,RMH,,,JA16268,142C_DG_D,142C,
HF 2,15-142C,1,DG,trained,slice photos,,7/6/15,,MK,RMH,300,250,Centered on cell layer,4/13/16,RMH,,,JA16268,142C_DG_S,142C,
LA,15-143C,3,CA1,trained,,,7/10/15,,MK,RMH,300,250,Centered on cell layer,4/13/16,RMH,,,JA16268,143C_CA1_D,143C,
LB,15-143C,4,CA1,trained,,,7/10/15,,MK,RMH,300,250,Centered on cell layer,4/13/16,RMH,,,JA16268,143C_CA1_D,143C,
KY ,15-143C,2,CA1,trained,,,7/10/15,,MK,RMH,300,250,Centered on cell layer,4/13/16,RMH,,,JA16268,143C_CA1_S,143C,
LG,15-143C,2,DG,trained,,,7/10/15,,MK,RMH,300,250,Centered on cell layer,4/13/16,RMH,,,JA16268,143C_DG_D,143C,
LH,15-143C,4,DG,trained,,,7/10/15,,MK,RMH,300,250,Centered on cell layer,4/13/16,RMH,,,JA16268,143C_DG_D,143C,
LF,15-143C,1,DG,trained,,,7/10/15,,MK,RMH,300,250,Centered on cell layer,4/13/16,RMH,,,JA16268,143C_DG_S,143C,
ACM,???,2,CA1,,,,7/31/15,,JMA,RMH,300,250,Centered on cell layer,,,,,,,,
ACQ,???,3,CA1,,,,7/31/15,,JMA,RMH,300,250,Centered on cell layer,,,,,,,,
ACU,???,1,CA1,,,,7/31/15,,JMA,RMH,300,250,Centered on cell layer,,,,,,,,
ACL,???,1,CA2,,,,7/31/15,,JMA,RMH,300,250,Centered on cell layer,,,,,,,,
ACN,???,3,CA2,,,,7/31/15,,JMA,RMH,300,250,Centered on cell layer,,,,,,,,
ACP,???,2,CA2,,,,7/31/15,,JMA,RMH,300,250,Centered on cell layer,,,,,,,,
ACO,???,1,CA3,,,,7/31/15,,JMA,RMH,300,250,Centered on cell layer,,,,,,,,
ACV,???,2,CA3,,,,7/31/15,,JMA,RMH,300,250,Centered on cell layer,,,,,,,,
ACW,???,3,CA3,,,,7/31/15,,JMA,RMH,300,250,Centered on cell layer,,,,,,,,
ACI,???,1,CA4,,,,7/31/15,,JMA,RMH,300,250,Centered on cell layer,,,,,,,,
ACJ,???,2,CA4,,,,7/31/15,,JMA,RMH,300,250,Centered on cell layer,,,,,,,,
ACK,???,3,CA4,,,,7/31/15,,JMA,RMH,300,250,Centered on cell layer,,,,,,,,
ACR,???,1,DG,,,,7/31/15,,JMA,RMH,300,250,Centered on cell layer,,,,,,,,
ACS,???,2,DG,,,,7/31/15,,JMA,RMH,300,250,Centered on cell layer,,,,,,,,
ACT,???,3,DG,,,,7/31/15,,JMA,RMH,300,250,Centered on cell layer,,,,,,,,
AEB,15-100,1,CA2,,,,,,,,,,,,,,1,,,100,
AEG,15-100,2,CA2,,,,,,,,,,,,,,1,,,100,
AEL,15-100,3,CA2,,,,,,,,,,,,,,1,,,100,
AED,15-100,1,CA4,,,,,,,,,,,,,,1,,,100,
AEN,15-100,3,CA4,,,,,,,,,,,,,,1,,,100,
AES,15-100,4,CA4,,,,,,,,,,,,,,1,,,100,
AFB,15-101,1,CA2,,,,,,,,,,,,,,1,,,100,
AFG,15-101,2,CA2,,,,,,,,,,,,,,1,,,100,
AFL,15-101,3,CA2,,,,,,,,,,,,,,1,,,100,
AFD,15-101,1,CA4,,,,,,,,,,,,,,1,,,100,
AFN,15-101,3,CA4,,,,,,,,,,,,,,1,,,100,
AFS,15-101,4,CA4,,,,,,,,,,,,,,1,,,100,
DQ,15-140A,1,CA1,mouse not used for ephys,,,6/18/15,,MK,RMH,300,250,outside cell body,6/28/15,RMH,,,,,140A,
DV,15-140A,3,CA1,mouse not used for ephys,,,6/18/15,,MK,RMH,300,250,outside cell body,6/19/15,RMH,,,,,140A,
DX,15-140A,2,CA1,mouse not used for ephys,,,6/18/15,,MK,RMH,300,250,outside cell body,6/19/15,RMH,,,,,140A,
DS,15-140A,1,CA2,mouse not used for ephys,,,6/18/15,,MK,RMH,300,250,outside cell body,6/19/15,RMH,,,,,140A,
EA,15-140A,3,CA2,mouse not used for ephys,,,6/18/15,,MK,RMH,300,250,outside cell body,6/19/15,RMH,,,,,140A,
EB,15-140A,2,CA2,mouse not used for ephys,,,6/18/15,,MK,RMH,300,250,outside cell body,6/28/15,RMH,,,,,140A,
DR,15-140A,1,CA3,mouse not used for ephys,,,6/18/15,,MK,RMH,300,250,outside cell body,6/19/15,RMH,,,,,140A,
DY,15-140A,2,CA3,mouse not used for ephys,,,6/18/15,,MK,RMH,300,250,outside cell body,6/28/15,RMH,,,,,140A,
DZ,15-140A,3,CA3,mouse not used for ephys,,,6/18/15,,MK,RMH,300,250,outside cell body,6/19/15,RMH,,,,,140A,
DP,15-140A,1,DG,mouse not used for ephys,,,6/18/15,,MK,RMH,300,250,outside cell body,6/19/15,RMH,,,,,140A,
DT,15-140A,2,DG,mouse not used for ephys,,,6/18/15,,MK,RMH,300,250,outside cell body,6/19/15,RMH,,,,,140A,
DU,15-140A,3,DG,mouse not used for ephys,,,6/18/15,,MK,RMH,300,250,outside cell body,6/19/15,RMH,,,,,140A,
EH,15-140B,4,CA1,yoked to conflict,,,6/18/15,,MK,RMH,300,250,outside cell body,,,,,,,140B,
EI,15-140B,3,CA1,yoked to conflict,,,6/18/15,,MK,RMH,300,250,outside cell body,,,,,,,140B,
EJ,15-140B,2,CA1,yoked to conflict,,,6/18/15,,MK,RMH,300,250,outside cell body,,,,,,,140B,
EK,15-140B,1,CA1,yoked to conflict,,,6/18/15,,MK,RMH,300,250,outside cell body,6/19/15,,,,,,140B,
EP,15-140B,4,CA2,yoked to conflict,,,6/18/15,,MK,RMH,300,250,outside cell body,,,,,,,140B,
EQ,15-140B,3,CA2,yoked to conflict,,,6/18/15,,MK,RMH,300,250,outside cell body,,,,,,,140B,
ER,15-140B,2,CA2,yoked to conflict,,,6/18/15,,MK,RMH,300,250,outside cell body,6/19/15,,,,,,140B,
ES,15-140B,1,CA2,yoked to conflict,,,6/18/15,,MK,RMH,300,250,outside cell body,,,,,,,140B,
EL,15-140B,2,CA3,yoked to conflict,,,6/18/15,,MK,RMH,300,250,outside cell body,6/19/15,,,,,,140B,
EM,15-140B,1,CA3,yoked to conflict,,,6/18/15,,MK,RMH,300,250,outside cell body,6/19/15,,,,,,140B,
EN,15-140B,3,CA3,yoked to conflict,,,6/18/15,,MK,RMH,300,250,outside cell body,6/19/15,,,,,,140B,
EO,15-140B,4,CA3,yoked to conflict,,,6/18/15,,MK,RMH,300,250,outside cell body,6/19/15,,,,,,140B,
EC,15-140B,1,DG,yoked to conflict,,,6/18/15,,MK,RMH,300,250,outside cell body,,,,,,,140B,
ED,15-140B,2,DG,yoked to conflict,,,6/18/15,,MK,RMH,300,250,outside cell body,6/19/15,,,,,,140B,
EF,15-140B,3,DG,yoked to conflict,,,6/18/15,,MK,RMH,300,250,outside cell body,,,,,,,140B,
EG,15-140B,4,DG,yoked to conflict,,,6/18/15,,MK,RMH,300,250,outside cell body,,,,,,,140B,
EW,15-140C,3,CA1,trained,,slice three is best,6/19/15,,MK,RMH,300,250,outside cell body,8/31/15,BK,,,,,140C,
EX,15-140C,2,CA1,trained,,,6/19/15,,MK,RMH,300,250,outside cell body,8/31/15,BK,,,,,140C,
EY,15-140C,1,CA1,trained,,,6/19/15,,MK,RMH,300,250,outside cell body,8/24/15,RMH,,,,,140C,
FC,15-140C,3,CA2,trained,,slice three is best,6/19/15,,MK,RMH,300,250,outside cell body,,BK,,,,,140C,
FD,15-140C,2,CA2,trained,,,6/19/15,,MK,RMH,300,250,outside cell body,,BK,,,,,140C,
FE,15-140C,1,CA2,trained,,,6/19/15,,MK,RMH,300,250,outside cell body,8/24/15,RMH,,,,,140C,
EZ,15-140C,1,CA3,trained,,,6/19/15,,MK,RMH,300,250,outside cell body,8/24/15,RMH,,,,,140C,
FA,15-140C,2,CA3,trained,,,6/19/15,,MK,RMH,300,250,outside cell body,8/31/15,BK,,,,,140C,
FB,15-140C,3,CA3,trained,,slice three is best,6/19/15,,MK,RMH,300,250,outside cell body,8/31/15,BK,,,,,140C,
ET,15-140C,1,DG,trained,,bad,6/19/15,,MK,RMH,300,250,outside cell body,8/24/15,RMH,,,,,140C,
EU,15-140C,2,DG,trained,,,6/19/15,,MK,RMH,300,250,outside cell body,8/31/15,BK,,,,,140C,
EV,15-140C,3,DG,trained,,slice three is best,6/19/15,,MK,RMH,300,250,outside cell body,8/31/15,BK,,,,,140C,
FL,15-140D,1,CA1,yoked to trained,,,6/19/15,,MK,RMH,300,250,outside cell body,8/25/15,BK,,,,,140D,
FM,15-140D,2,CA1,yoked to trained,,,6/19/15,,MK,RMH,300,250,outside cell body,9/1/15,BK,,,,,140D,
FN,15-140D,3,CA1,yoked to trained,,,6/19/15,,MK,RMH,300,250,outside cell body,9/1/15,BK,,,,,140D,
FF,15-140D,1,CA2,yoked to trained,,,6/19/15,,MK,RMH,300,250,outside cell body,8/25/15,BK,,,,,140D,
FG,15-140D,2,CA2,yoked to trained,,,6/19/15,,MK,RMH,300,250,outside cell body,9/1/15,BK,,,,,140D,
FH,15-140D,3,CA2,yoked to trained,,,6/19/15,,MK,RMH,300,250,outside cell body,9/1/15,BK,,,,,140D,
FI,15-140D,3,CA3,yoked to trained,,,6/19/15,,MK,RMH,300,250,outside cell body,9/1/15,BK,,,,,140D,
FJ,15-140D,2,CA3,yoked to trained,,,6/19/15,,MK,RMH,300,250,outside cell body,9/1/15,BK,,,,,140D,
FK,15-140D,1,CA3,yoked to trained,,,6/19/15,,MK,RMH,300,250,outside cell body,8/25/15,BK,,,,,140D,
FO,15-140D,3,DG,yoked to trained,,,6/19/15,,MK,RMH,300,250,outside cell body,9/1/15,BK,,,,,140D,
FP,15-140D,2,DG,yoked to trained,,,6/19/15,,MK,RMH,300,250,outside cell body,9/1/15,BK,,,,,140D,
FQ,15-140D,1,DG,yoked to trained,,,6/19/15,,MK,RMH,300,250,outside cell body,8/25/15,BK,,,,,140D,
CB,15-140E,1,CA1,mouse not used for ephys,,,6/9/15,,MK,HAH,300,500,outside cell body,6/12/15,RMH,,,,,140E,
CG,15-140E,2,CA1,mouse not used for ephys,,,6/9/15,,MK,RMH,300,500,outside cell body,6/12/15,RMH,,,,,140E,
CL,15-140E,3,CA1,mouse not used for ephys,,,6/9/15,,MK,HAH,300,500,outside cell body,6/11/15,RMH,,,,,140E,
CO,15-140E,4,CA1,mouse not used for ephys,,,6/9/15,,MK,RMH,300,500,outside cell body,6/11/15,RMH,,,,,140E,
CF,15-140E,2,CA2,mouse not used for ephys,,,6/9/15,,MK,HAH,300,500,outside cell body,6/12/15,RMH,,,,,140E,
CK,15-140E,3,CA2,mouse not used for ephys,,,6/9/15,,MK,HAH,300,500,outside cell body,6/11/15,RMH,,,,,140E,
CP,15-140E,4,CA2,mouse not used for ephys,,,6/9/15,,MK,RMH,300,500,outside cell body,6/11/15,RMH,,,,,140E,
CC,15-140E,1,CA3,mouse not used for ephys,,,6/9/15,,MK,HAH,300,500,outside cell body,6/12/15,RMH,,,,,140E,
CH,15-140E,2,CA3,mouse not used for ephys,,,6/9/15,,MK,RMH,300,500,outside cell body,6/12/15,RMH,,,,,140E,
CJ,15-140E,3,CA3,mouse not used for ephys,,,6/9/15,,MK,HAH,300,500,outside cell body,6/11/15,RMH,,,,,140E,
CN,15-140E,4,CA3,mouse not used for ephys,,,6/9/15,,MK,RMH,300,500,outside cell body,6/11/15,RMH,,,,,140E,
CA,15-140E,1,DG,mouse not used for ephys,,500 uM very caudal,6/9/15,,MK,HAH,300,500,outside cell body,6/12/15,RMH,,,,,140E,
CE,15-140E,2,DG,mouse not used for ephys,,,6/9/15,,MK,HAH,300,500,outside cell body,6/12/15,RMH,,,,,140E,
CI,15-140E,3,DG,mouse not used for ephys,,,6/9/15,,MK,HAH,300,500,outside cell body,6/11/15,RMH,,,,,140E,
CM,15-140E,4,DG,mouse not used for ephys,,very rostral,6/9/15,,MK,RMH,300,500,outside cell body,6/11/15,RMH,,,,,140E,
CD,15-140E,1,other,mouse not used for ephys,,SOMATOSENSORY CORTEX,6/9/15,,MK,HAH,300,500,outside cell body,6/12/15,RMH,,,,,140E,
GB,15-141C,1,CA1,trained,,. NEW COLLECTION METHOD!! Dried out,6/26/15,,MK,RMH,300,250,Centered on cell layer,?,,,,,,141C,
GC,15-141C,2,CA1,trained,,. NEW COLLECTION METHOD!! Dried out,6/26/15,,MK,RMH,300,250,Centered on cell layer,,,,,,,141C,
FZ,15-141C,2,CA2,trained,,NEW COLLECTION METHOD!!,6/26/15,,MK,RMH,300,250,Centered on cell layer,,,,,,,141C,
GA,15-141C,1,CA2,trained,,NEW COLLECTION METHOD!!,6/26/15,,MK,RMH,300,250,Centered on cell layer,?,,,,,,141C,
FT,15-141C,2,CA3,trained,,NEW COLLECTION METHOD!!,6/26/15,,MK,RMH,300,250,Centered on cell layer,?,,,,,,141C,
FU,15-141C,2,CA3,trained,,NEW COLLECTION METHOD!!,6/26/15,,MK,RMH,300,250,Centered on cell layer,,,,,,,141C,
FV,15-141C,1,CA3,trained,,NEW COLLECTION METHOD!!,6/26/15,,MK,RMH,300,250,Centered on cell layer,?,,,,,,141C,
FR,15-141C,1,CA4,trained,,NEW COLLECTION METHOD!!,6/26/15,,MK,RMH,300,250,Centered on cell layer,?,,,,,,141C,
FS,15-141C,2,CA4,trained,,NEW COLLECTION METHOD!!,6/26/15,,MK,RMH,300,250,Centered on cell layer,,,,,,,141C,
FW,15-141C,1,DG,trained,,NEW COLLECTION METHOD!!,6/26/15,,MK,RMH,300,250,Centered on cell layer,?,,,,,,141C,
FY,15-141C,2,DG,trained,,NEW COLLECTION METHOD!!,6/26/15,,MK,RMH,300,250,Centered on cell layer,,,,,,,141C,
GG,15-141D,3,CA1,yoked to trained,,,6/26/15,,MK,RMH,300,250,Centered on cell layer,?,,,,,,141D,
GH,15-141D,2,CA1,yoked to trained,,,6/26/15,,MK,RMH,300,250,Centered on cell layer,,,,,,,141D,
GI,15-141D,1,CA1,yoked to trained,,,6/26/15,,MK,RMH,300,250,Centered on cell layer,?,,,,,,141D,
GD,15-141D,1,CA2,yoked to trained,,,6/26/15,,MK,RMH,300,250,Centered on cell layer,?,,,,,,141D,
GE,15-141D,2,CA2,yoked to trained,,,6/26/15,,MK,RMH,300,250,Centered on cell layer,,,,,,,141D,
GF,15-141D,3,CA2,yoked to trained,,,6/26/15,,MK,RMH,300,250,Centered on cell layer,?,,,,,,141D,
GM,15-141D,3,CA3,yoked to trained,,,6/26/15,,MK,RMH,300,250,Centered on cell layer,?,,,,,,141D,
GN,15-141D,2,CA3,yoked to trained,,,6/26/15,,MK,RMH,300,250,Centered on cell layer,,,,,,,141D,
GO,15-141D,1,CA3,yoked to trained,,,6/26/15,,MK,RMH,300,250,Centered on cell layer,?,,,,,,141D,
GJ,15-141D,1,CA4,yoked to trained,,,6/26/15,,MK,RMH,300,250,Centered on cell layer,?,,,,,,141D,
GK,15-141D,2,CA4,yoked to trained,,,6/26/15,,MK,RMH,300,250,Centered on cell layer,,,,,,,141D,
GL,15-141D,3,CA4,yoked to trained,,,6/26/15,,MK,RMH,300,250,Centered on cell layer,?,,,,,,141D,
GP,15-141D,1,DG,yoked to trained,,,6/26/15,,MK,RMH,300,250,Centered on cell layer,?,,,,,,141D,
GQ,15-141D,2,DG,yoked to trained,,,6/26/15,,MK,RMH,300,250,Centered on cell layer,,,,,,,141D,
GR,15-141D,2,DG,yoked to trained,,,6/26/15,,MK,RMH,300,250,Centered on cell layer,,,,,,,141D,
CX,15-141E,1,CA1,mouse not used for ephys,,,6/12/15,,MK,RMH,300,250,outside cell body,14-Jun,RMH,,,,,141E,
CY,15-141E,2,CA1,mouse not used for ephys,,,6/12/15,,MK,RMH,300,250,outside cell body,15-Jun,RMH,,,,,141E,
CZ,15-141E,3,CA1,mouse not used for ephys,,,6/12/15,,MK,RMH,300,250,outside cell body,16-Jun,RMH,,,,,141E,
DA,15-141E,4,CA1,mouse not used for ephys,,,6/12/15,,MK,RMH,300,250,outside cell body,17-Jun,RMH,,,,,141E,
CT,15-141E,1,CA2,mouse not used for ephys,,,6/12/15,,MK,RMH,300,250,outside cell body,18-Jun,RMH,,,,,141E,
CU,15-141E,2,CA2,mouse not used for ephys,,,6/12/15,,MK,RMH,300,250,outside cell body,19-Jun,RMH,,,,,141E,
CV,15-141E,3,CA2,mouse not used for ephys,,,6/12/15,,MK,RMH,300,250,outside cell body,20-Jun,RMH,,,,,141E,
CW,15-141E,4,CA2,mouse not used for ephys,,,6/12/15,,MK,RMH,300,250,outside cell body,21-Jun,RMH,,,,,141E,
CQ,15-141E,1,CA3,mouse not used for ephys,,,6/12/15,,MK,RMH,300,250,outside cell body,22-Jun,RMH,,,,,141E,
CR,15-141E,2,CA3,mouse not used for ephys,,,6/12/15,,MK,RMH,300,250,outside cell body,23-Jun,RMH,,,,,141E,
CS,15-141E,3,CA3,mouse not used for ephys,,,6/12/15,,MK,RMH,300,250,outside cell body,24-Jun,RMH,,,,,141E,
HM,15-142A,1,CA1,trained conflict,,,7/2/15,,MK,RMH,300,250,Centered on cell layer,,,,,,,142A,
HN,15-142A,2,CA1,trained conflict,,,7/2/15,,MK,RMH,300,250,Centered on cell layer,,,,,,,142A,
HO,15-142A,3,CA1,trained conflict,,,7/2/15,,MK,RMH,300,250,Centered on cell layer,,,,,,,142A,
HP,15-142A,4,CA1,trained conflict,,,7/2/15,,MK,RMH,300,250,Centered on cell layer,,,,,,,142A,
HU,15-142A,1,CA2,trained conflict,,,7/2/15,,MK,RMH,300,250,Centered on cell layer,,,,,,,142A,
HV,15-142A,3,CA2,trained conflict,,,7/2/15,,MK,RMH,300,250,Centered on cell layer,,,,,,,142A,
HQ,15-142A,4,CA3,trained conflict,,,7/2/15,,MK,RMH,300,250,Centered on cell layer,,,,,,,142A,
HR,15-142A,3,CA3,trained conflict,,,7/2/15,,MK,RMH,300,250,Centered on cell layer,,,,,,,142A,
HS,15-142A,2,CA3,trained conflict,,,7/2/15,,MK,RMH,300,250,Centered on cell layer,,,,,,,142A,
HT,15-142A,1,CA3,trained conflict,,,7/2/15,,MK,RMH,300,250,Centered on cell layer,,,,,,,142A,
HF,15-142A,1,CA4,trained conflict,,,7/2/15,,MK,RMH,300,250,Centered on cell layer,,,,,,,142A,
HG,15-142A,2,CA4,trained conflict,,,7/2/15,,MK,RMH,300,250,Centered on cell layer,,,,,,,142A,
HH,15-142A,3,CA4,trained conflict,,,7/2/15,,MK,RMH,300,250,Centered on cell layer,,,,,,,142A,
HI,15-142A,4,DG,trained conflict,,,7/2/15,,MK,RMH,300,250,Centered on cell layer,,,,,,,142A,
HJ,15-142A,3,DG,trained conflict,,,7/2/15,,MK,RMH,300,250,Centered on cell layer,,,,,,,142A,
HK,15-142A,2,DG,trained conflict,,,7/2/15,,MK,RMH,300,250,Centered on cell layer,,,,,,,142A,
HL,15-142A,1,DG,trained conflict,,,7/2/15,,MK,RMH,300,250,Centered on cell layer,,,,,,,142A,
HW,15-142B,2,CA1,yoked to conflict,,,7/2/15,,MK,RMH,300,250,Centered on cell layer,,,,,,,142B,
HY,15-142B,2,CA1,yoked to conflict,,,7/2/15,,MK,RMH,300,250,Centered on cell layer,,,,,,,142B,
HZ,15-142B,1,CA1,yoked to conflict,,,7/2/15,,MK,RMH,300,250,Centered on cell layer,,,,,,,142B,
IB,15-142B,4,CA1,yoked to conflict,,,7/2/15,,MK,RMH,300,250,Centered on cell layer,,,,,,,142B,
IA,15-142B,1,CA2,yoked to conflict,,,7/2/15,,MK,RMH,300,250,Centered on cell layer,,,,,,,142B,
IC,15-142B,4,CA2,yoked to conflict,,,7/2/15,,MK,RMH,300,250,Centered on cell layer,,,,,,,142B,
ID,15-142B,4,CA3,yoked to conflict,,,7/2/15,,MK,RMH,300,250,Centered on cell layer,,,,,,,142B,
IE,15-142B,1,CA3,yoked to conflict,,,7/2/15,,MK,RMH,300,250,Centered on cell layer,,,,,,,142B,
IF,15-142B,2,CA3,yoked to conflict,,,7/2/15,,MK,RMH,300,250,Centered on cell layer,,,,,,,142B,
IG,15-142B,3,CA3,yoked to conflict,,,7/2/15,,MK,RMH,300,250,Centered on cell layer,,,,,,,142B,
II,15-142B,1,CA4,yoked to conflict,,,7/2/15,,MK,RMH,300,250,Centered on cell layer,,,,,,,142B,
IJ,15-142B,2,CA4,yoked to conflict,,,7/2/15,,MK,RMH,300,250,Centered on cell layer,,,,,,,142B,
IK,15-142B,3,CA4,yoked to conflict,,,7/2/15,,MK,RMH,300,250,Centered on cell layer,,,,,,,142B,
HX,15-142B,3,DG,yoked to conflict,,,7/2/15,,MK,RMH,300,250,Centered on cell layer,,,,,,,142B,
IL,15-142B,4,DG,yoked to conflict,,,7/2/15,,MK,RMH,300,250,Centered on cell layer,,,,,,,142B,
IM,15-142B,1,DG,yoked to conflict,,,7/2/15,,MK,RMH,300,250,Centered on cell layer,,,,,,,142B,
IN,15-142B,2,DG,yoked to conflict,,,7/2/15,,MK,RMH,300,250,Centered on cell layer,,,,,,,142B,
IH,15-142B,4,other,yoked to conflict,,CA3 CA4,7/2/15,,MK,RMH,300,250,Centered on cell layer,,,,,,,142B,
HN 2,15-142C,1,CA1,trained,slice photos,,7/6/15,,MK,RMH,300,250,Centered on cell layer,,,,,,,142C,
HS 2,15-142C,3,CA2,trained,slice photos,PHOTOS,7/6/15,,MK,RMH,300,250,Centered on cell layer,,,,,,,142C,
HT 2,15-142C,4,CA2,trained,slice photos,PHOTOS,7/6/15,,MK,RMH,300,250,Centered on cell layer,,,,,,,142C,
HQ 2,15-142C,4,CA3,trained,slice photos,,7/6/15,,MK,RMH,300,250,Centered on cell layer,,,,,,,142C,
HR 2,15-142C,3,CA3,trained,slice photos,,7/6/15,,MK,RMH,300,250,Centered on cell layer,,,,,,,142C,
HO 2,15-142C,3,CA4,trained,slice photos,,7/6/15,,MK,RMH,300,250,Centered on cell layer,,,,,,,142C,
HP 2,15-142C,4,CA4,trained,slice photos,,7/6/15,,MK,RMH,300,250,Centered on cell layer,,,,,,,142C,
HH 2,15-142C,3,DG,trained,slice photos,,7/6/15,,MK,RMH,300,250,SORT OF ABOVE CELL LAYER,,,,,,,142C,
HI 2,15-142C,3,DG,trained,slice photos,,7/6/15,,MK,RMH,300,250,CELL LAYER AND BELOW,,,,,,,142C,
IW,15-142D,1,CA1,yoked to trained,slice photos,,7/6/15,,MK,RMH,300,250,Centered on cell layer,,,,,,,142D,
IX,15-142D,2,CA1,yoked to trained,slice photos,,7/6/15,,MK,RMH,300,250,Centered on cell layer,,,,,,,142D,
IY,15-142D,3,CA1,yoked to trained,slice photos,,7/6/15,,MK,RMH,300,250,Centered on cell layer,,,,,,,142D,
IS,15-142D,3,CA2,yoked to trained,slice photos,,7/6/15,,MK,RMH,300,250,Centered on cell layer,,,,,,,142D,
IT,15-142D,2,CA2,yoked to trained,slice photos,,7/6/15,,MK,RMH,300,250,Centered on cell layer,,,,,,,142D,
IU,15-142D,1,CA2,yoked to trained,slice photos,,7/6/15,,MK,RMH,300,250,Centered on cell layer,,,,,,,142D,
IV,15-142D,3,CA3,yoked to trained,slice photos,,7/6/15,,MK,RMH,300,250,Centered on cell layer,,,,,,,142D,
IZ,15-142D,2,CA3,yoked to trained,slice photos,,7/6/15,,MK,RMH,300,250,Centered on cell layer,,,,,,,142D,
IP,15-142D,1,CA4,yoked to trained,slice photos,,7/6/15,,MK,RMH,300,250,Centered on cell layer,,,,,,,142D,
IQ,15-142D,2,CA4,yoked to trained,slice photos,,7/6/15,,MK,RMH,300,250,Centered on cell layer,,,,,,,142D,
IR,15-142D,3,CA4,yoked to trained,slice photos,,7/6/15,,MK,RMH,300,250,Centered on cell layer,,,,,,,142D,
JA,15-142D,3,DG,yoked to trained,slice photos,PHOTOS,7/6/15,,MK,RMH,300,250,Centered on cell layer,,,,,,,142D,
JB,15-142D,2,DG,yoked to trained,slice photos,,7/6/15,,MK,RMH,300,250,Centered on cell layer,,,,,,,142D,
JC,15-142D,1,DG,yoked to trained,slice photos,,7/6/15,,MK,RMH,300,250,Centered on cell layer,,,,,,,142D,
DF,15-142E,1,CA1,mouse not used for ephys,,,6/14/15,,MK,RMH,300,250,outside cell body,25-Jun,RMH,,,,,142E,
DH,15-142E,3,CA1,mouse not used for ephys,,,6/14/15,,MK,RMH,300,250,outside cell body,26-Jun,RMH,,,,,142E,
DN,15-142E,4,CA1,mouse not used for ephys,,,6/14/15,,MK,RMH,300,250,outside cell body,27-Jun,RMH,,,,,142E,
DJ,15-142E,3,CA2,mouse not used for ephys,,,6/14/15,,MK,RMH,300,250,outside cell body,28-Jun,RMH,,,,,142E,
DM,15-142E,4,CA2,mouse not used for ephys,,,6/14/15,,MK,RMH,300,250,outside cell body,29-Jun,RMH,,,,,142E,
DI,15-142E,3,CA3,mouse not used for ephys,,,6/14/15,,MK,RMH,300,250,outside cell body,30-Jun,RMH,,,,,142E,
DL,15-142E,4,CA3,mouse not used for ephys,,,6/14/15,,MK,RMH,300,250,outside cell body,1-Jul,RMH,,,,,142E,
DC,15-142E,2,DG,mouse not used for ephys,,,6/14/15,,MK,RMH,300,250,outside cell body,2-Jul,RMH,,,,,142E,
DE,15-142E,3,DG,mouse not used for ephys,,,6/14/15,,MK,RMH,300,250,outside cell body,3-Jul,RMH,,,,,142E,
DG,15-142E,1,DG,mouse not used for ephys,,,6/14/15,,MK,RMH,300,250,outside cell body,4-Jul,RMH,,,,,142E,
DK,15-142E,4,DG,mouse not used for ephys,,,6/14/15,,MK,RMH,300,250,outside cell body,5-Jul,RMH,,,,,142E,
DD,15-142E,2,other,mouse not used for ephys,,CA1 CA2 CA3,6/14/15,,MK,RMH,300,250,outside cell body,6-Jul,RMH,,,,,142E,
JK,15-143A,2,CA1,trained conflict,,,7/9/15,,MK,RMH,350,250,Centered on cell layer,,,,,,,143A,
JM,15-143A,1,CA2,trained conflict,,,7/9/15,,MK,RMH,350,250,Centered on cell layer,,,,1,,,143A,
JL,15-143A,2,CA2,trained conflict,,,7/9/15,,MK,RMH,350,250,Centered on cell layer,,,,,,,143A,
JF,15-143A,2,CA3,trained conflict,,,7/9/15,,MK,RMH,350,250,Centered on cell layer,,,,,,,143A,
JD,15-143A,1,CA4,trained conflict,,,7/9/15,,MK,RMH,350,250,Centered on cell layer,,,,1,,,143A,
JE,15-143A,2,CA4,trained conflict,,,7/9/15,,MK,RMH,350,250,Centered on cell layer,,,,,,,143A,
JI,15-143A,2,DG,trained conflict,,,7/9/15,,MK,RMH,350,250,Centered on cell layer,,,,,,,143A,
JW,15-143B,3,CA1,yoked to conflict,,,7/9/15,,MK,RMH,350,250,Centered on cell layer,,,,,,,143B,
JX,15-143B,2,CA1,yoked to conflict,,,7/9/15,,MK,RMH,350,250,Centered on cell layer,,,,,,,143B,
JT,15-143B,1,CA2,yoked to conflict,,,7/9/15,,MK,RMH,350,250,Centered on cell layer,,,,1,,,143B,
JU,15-143B,2,CA2,yoked to conflict,,,7/9/15,,MK,RMH,350,250,Centered on cell layer,,,,,,,143B,
JV,15-143B,3,CA2,yoked to conflict,,,7/9/15,,MK,RMH,350,250,Centered on cell layer,,,,,,,143B,
JQ,15-143B,3,CA3,yoked to conflict,,,7/9/15,,MK,RMH,350,250,Centered on cell layer,,,,,,,143B,
JR,15-143B,2,CA3,yoked to conflict,,,7/9/15,,MK,RMH,350,250,Centered on cell layer,,,,,,,143B,
JN,15-143B,1,CA4,yoked to conflict,,,7/9/15,,MK,RMH,350,250,Centered on cell layer,,,,1,,,143B,
JO,15-143B,2,CA4,yoked to conflict,,,7/9/15,,MK,RMH,350,250,Centered on cell layer,,,,,,,143B,
JP,15-143B,3,CA4,yoked to conflict,,,7/9/15,,MK,RMH,350,250,Centered on cell layer,,,,,,,143B,
KA,15-143B,2,DG,yoked to conflict,,,7/9/15,,MK,RMH,350,250,Centered on cell layer,,,,,,,143B,
KB,15-143B,3,DG,yoked to conflict,,,7/9/15,,MK,RMH,350,250,Centered on cell layer,,,,,,,143B,
LK,15-143C,1,CA2,trained,,,7/10/15,,MK,RMH,300,250,Centered on cell layer,,,,1,,,143C,
LJ,15-143C,2,CA2,trained,,,7/10/15,,MK,RMH,300,250,Centered on cell layer,,,,,,,143C,
LC,15-143C,4,CA3,trained,,,7/10/15,,MK,RMH,300,250,Centered on cell layer,,,,,,,143C,
LD,15-143C,2,CA3,trained,,,7/10/15,,MK,RMH,300,250,Centered on cell layer,,,,,,,143C,
LL,15-143C,1,CA4,trained,,,7/10/15,,MK,RMH,300,250,Centered on cell layer,,,,1,,,143C,
LM,15-143C,2,CA4,trained,,,7/10/15,,MK,RMH,300,250,Centered on cell layer,,,,,,,143C,
KC,15-143D,1,CA1,yoked to trained,,,7/9/15,,MK,RMH,300,250,Centered on cell layer,,,,,,,143D,
KD,15-143D,2,CA1,yoked to trained,,,7/9/15,,MK,RMH,300,250,Centered on cell layer,,,,,,,143D,
KQ,15-143D,3,CA2,yoked to trained,,,7/10/15,,MK,RMH,300,250,Centered on cell layer,,,,3,,,143D,
KR,15-143D,1,CA2,yoked to trained,,,7/10/15,,MK,RMH,300,250,Centered on cell layer,,,,,,,143D,
KK,15-143D,2,CA3,yoked to trained,,,7/9/15,,MK,RMH,300,250,Centered on cell layer,,,,,,,143D,
KM,15-143D,1,CA3,yoked to trained,,,7/10/15,,MK,RMH,300,250,Centered on cell layer,,,,,,,143D,
KG,15-143D,3,CA4,yoked to trained,,,7/9/15,,MK,RMH,300,250,Centered on cell layer,,,,3,,,143D,
KH,15-143D,1,CA4,yoked to trained,,,7/9/15,,MK,RMH,300,250,Centered on cell layer,,,,,,,143D,
KJ,15-143D,2,CA4,yoked to trained,,,7/9/15,,MK,RMH,300,250,Centered on cell layer,,,,,,,143D,
KP,15-143D,2,DG,yoked to trained,,,7/10/15,,MK,RMH,300,250,Centered on cell layer,,,,,,,143D,
MN,15-144A,1,CA1,trained conflict,,no land mark,7/15/15,,MK,RMH,300,250,Centered on cell layer,,,,,,,144A,
MM,15-144A,2,CA2,trained conflict,,"renamed from simply ""A""",7/15/15,,MK,RMH,300,250,Centered on cell layer,,,,2,,,144A,
MO,15-144A,1,CA2,trained conflict,,"renamed from simply ""A""",7/15/15,,MK,RMH,300,250,Centered on cell layer,,,,,,,144A,
MK,15-144A,1,CA3,trained conflict,,pretty ventral,7/15/15,,MK,RMH,300,250,Centered on cell layer,,,,,,,144A,
MI,15-144A,2,CA4,trained conflict,,"renamed from simply ""A""",7/15/15,,MK,RMH,300,250,Centered on cell layer,,,,2,,,144A,
MJ,15-144A,1,CA4,trained conflict,,"renamed from simply ""A""",7/15/15,,MK,RMH,300,250,Centered on cell layer,,,,,,,144A,
MG,15-144A,1,DG,trained conflict,,no visual confirmation,7/15/15,,MK,RMH,300,250,Centered on cell layer,,,,,,,144A,
LW,15-144B,2,CA1,yoked to conflict,,no land mark,7/15/15,,MK,RMH,300,250,Centered on cell layer,,,,,,,144B,
LX,15-144B,3,CA1,yoked to conflict,,"bad punch, slipped into other tissue",7/15/15,,MK,RMH,300,250,Centered on cell layer,,,,,,,144B,
LY,15-144B,4,CA1,yoked to conflict,,"renamed from simply ""B""",7/15/15,,MK,RMH,300,250,Centered on cell layer,,,,,,,144B,
LZ,15-144B,1,CA2,yoked to conflict,,"renamed from simply ""B""",7/15/15,,MK,RMH,300,250,Centered on cell layer,,,,1,,,144B,
MA,15-144B,2,CA2,yoked to conflict,,no land mark,7/15/15,,MK,RMH,300,250,Centered on cell layer,,,,,,,144B,
MB,15-144B,3,CA2,yoked to conflict,,"renamed from simply ""B""",7/15/15,,MK,RMH,300,250,Centered on cell layer,,,,,,,144B,
MC,15-144B,4,CA2,yoked to conflict,,slice 1 and 3 are best,7/15/15,,MK,RMH,300,250,Centered on cell layer,,,,,,,144B,
LO,15-144B,2,CA3,yoked to conflict,,"renamed from simply ""B""",7/15/15,,MK,RMH,300,250,Centered on cell layer,,,,,,,144B,
LP,15-144B,3,CA3,yoked to conflict,,"renamed from simply ""B""",7/15/15,,MK,RMH,300,250,Centered on cell layer,,,,,,,144B,
LQ,15-144B,4,CA3,yoked to conflict,,"renamed from simply ""B""",7/15/15,,MK,RMH,300,250,Centered on cell layer,,,,,,,144B,
LR,15-144B,1,CA4,yoked to conflict,,"renamed from simply ""B""",7/15/15,,MK,RMH,300,250,Centered on cell layer,,,,1,,,144B,
LS,15-144B,2,CA4,yoked to conflict,,"renamed from simply ""B""",7/15/15,,MK,RMH,300,250,Centered on cell layer,,,,,,,144B,
LT,15-144B,3,CA4,yoked to conflict,,"renamed from simply ""B""",7/15/15,,MK,RMH,300,250,Centered on cell layer,,,,,,,144B,
LU,15-144B,4,CA4,yoked to conflict,,"renamed from simply ""B""",7/15/15,,MK,RMH,300,250,Centered on cell layer,,,,,,,144B,
ME,15-144B,2,DG,yoked to conflict,,"renamed from simply ""B""",7/15/15,,MK,RMH,300,250,Centered on cell layer,,,,,,,144B,
MF,15-144B,3,DG,yoked to conflict,,"renamed from simply ""B""",7/15/15,,MK,RMH,300,250,Centered on cell layer,,,,,,,144B,
NG,15-144C,1,CA1,trained,,,7/18/15,,MK,RMH,300,250,Centered on cell layer,,,,,,,144C,
NI,15-144C,3,CA1,trained,,,7/18/15,,MK,RMH,300,250,Centered on cell layer,,,,,,,144C,
NT,15-144C,2,CA2,trained,,,7/18/15,,MK,RMH,300,250,Centered on cell layer,,,,2,,,144C,
NS,15-144C,1,CA2,trained,,no visual confirmation of punch,7/18/15,,MK,RMH,300,250,Centered on cell layer,,,,,,,144C,
NU,15-144C,3,CA2,trained,,,7/18/15,,MK,RMH,300,250,Centered on cell layer,,,,,,,144C,
NJ,15-144C,1,CA3,trained,,no visual confirmation of punch,7/18/15,,MK,RMH,300,250,Centered on cell layer,,,,,,,144C,
NL,15-144C,3,CA3,trained,,,7/18/15,,MK,RMH,300,250,Centered on cell layer,,,,,,,144C,
NQ,15-144C,2,CA4,trained,,,7/18/15,,MK,RMH,300,250,Centered on cell layer,,,,2,,,144C,
NP,15-144C,1,CA4,trained,,no visual confirmation of punch,7/18/15,,MK,RMH,300,250,Centered on cell layer,,,,,,,144C,
NR,15-144C,3,CA4,trained,,,7/18/15,,MK,RMH,300,250,Centered on cell layer,,,,,,,144C,
NM,15-144C,1,DG,trained,,,7/18/15,,MK,RMH,300,250,Centered on cell layer,,,,,,,144C,
NO,15-144C,3,DG,trained,,,7/18/15,,MK,RMH,300,250,Centered on cell layer,,,,,,,144C,
MQ,15-144D,1,CA1,yoked to trained,,CYRSTALS,7/17/15,,MK,RMH,300,250,Centered on cell layer,,,,,,,144D,
MS,15-144D,3,CA1,yoked to trained,,CYRSTALS,7/17/15,,MK,RMH,300,250,Centered on cell layer,,,,,,,144D,
MY,15-144D,2,CA2,yoked to trained,,CYRSTALS,7/17/15,,MK,RMH,300,250,Centered on cell layer,,,,2,,,144D,
MX,15-144D,1,CA2,yoked to trained,,CYRSTALS,7/17/15,,MK,RMH,300,250,Centered on cell layer,,,,,,,144D,
MZ,15-144D,3,CA2,yoked to trained,,CYRSTALS,7/17/15,,MK,RMH,300,250,Centered on cell layer,,,,,,,144D,
MT,15-144D,1,CA3,yoked to trained,,CYRSTALS,7/17/15,,MK,RMH,300,250,Centered on cell layer,,,,,,,144D,
MV,15-144D,3,CA3,yoked to trained,,CYRSTALS,7/17/15,,MK,RMH,300,250,Centered on cell layer,,,,,,,144D,
NE,15-144D,2,CA4,yoked to trained,,CYRSTALS,7/17/15,,MK,RMH,300,250,Centered on cell layer,,,,2,,,144D,
ND,15-144D,1,CA4,yoked to trained,,CYRSTALS,7/17/15,,MK,RMH,300,250,Centered on cell layer,,,,,,,144D,
NF,15-144D,3,CA4,yoked to trained,,CYRSTALS may have lost it,7/17/15,,MK,RMH,300,250,Centered on cell layer,,,,,,,144D,
NA,15-144D,1,DG,yoked to trained,,CYRSTALS,7/17/15,,MK,RMH,300,250,Centered on cell layer,,,,,,,144D,
NC,15-144D,3,DG,yoked to trained,,CYRSTALS,7/17/15,,MK,RMH,300,250,Centered on cell layer,,,,,,,144D,
GS,15-144E,1,CA1,mouse not used for ephys,,,6/30/15,,MK,RMH,300,250,Centered on cell layer,6/30/15,RMH,,,,,144E,
HC,15-144E,3,CA1,mouse not used for ephys,,,6/30/15,,MK,RMH,300,250,Centered on cell layer,6/30/15,RMH,,,,,144E,
GV,15-144E,1,CA2,mouse not used for ephys,,,6/30/15,,MK,RMH,300,250,Centered on cell layer,6/30/15,RMH,,,,,144E,
HE,15-144E,3,CA2,mouse not used for ephys,,,6/30/15,,MK,RMH,300,250,Centered on cell layer,6/30/15,RMH,,,,,144E,
GU,15-144E,1,CA3,mouse not used for ephys,,,6/30/15,,MK,RMH,300,250,Centered on cell layer,6/30/15,RMH,,,,,144E,
HA,15-144E,3,CA3,mouse not used for ephys,,,6/30/15,,MK,RMH,300,250,Centered on cell layer,6/30/15,RMH,,,,,144E,
HB,15-144E,2,CA3,mouse not used for ephys,,Bad! Gooey and dried out,6/30/15,,MK,RMH,300,250,Centered on cell layer,6/30/15,RMH,,,,,144E,
GW,15-144E,1,CA4,mouse not used for ephys,,,6/30/15,,MK,RMH,300,250,Centered on cell layer,6/30/15,RMH,,,,,144E,
HD,15-144E,3,CA4,mouse not used for ephys,,,6/30/15,,MK,RMH,300,250,Centered on cell layer,6/30/15,RMH,,,,,144E,
GT,15-144E,1,DG,mouse not used for ephys,,,6/30/15,,MK,RMH,300,250,Centered on cell layer,6/30/15,RMH,,,,,144E,
GX,15-144E,2,DG,mouse not used for ephys,,,6/30/15,,MK,RMH,300,250,Centered on cell layer,6/30/15,RMH,,,,,144E,
GY,15-144E,3,DG,mouse not used for ephys,,,6/30/15,,MK,RMH,300,250,Centered on cell layer,6/30/15,RMH,,,,,144E,
GZ,15-144E,4,DG,mouse not used for ephys,,,6/30/15,,MK,RMH,300,250,Centered on cell layer,6/30/15,RMH,,,,,144E,
OC,15-145A,1,CA1,trained conflict,,collected 3.5 hours late!!!! Slice recovering for very long time,7/18/15,,MK,RMH,300,250,Centered on cell layer,,,,,,,145A,
OE,15-145A,3,CA1,trained conflict,,collected 3.5 hours late!!!! Slice recovering for very long time,7/18/15,,MK,RMH,300,250,Centered on cell layer,,,,,,,145A,
OJ,15-145A,2,CA2,trained conflict,,collected 3.5 hours late!!!! Slice recovering for very long time,7/18/15,,MK,RMH,300,250,Centered on cell layer,,,,2,,,145A,
OI,15-145A,1,CA2,trained conflict,,collected 3.5 hours late!!!! Slice recovering for very long time,7/18/15,,MK,RMH,300,250,Centered on cell layer,,,,,,,145A,
OK,15-145A,3,CA2,trained conflict,,collected 3.5 hours late!!!! Slice recovering for very long time,7/18/15,,MK,RMH,300,250,Centered on cell layer,,,,,,,145A,
NV,15-145A,1,CA3,trained conflict,,collected 3.5 hours late!!!! Slice recovering for very long time,7/18/15,,MK,RMH,300,250,Centered on cell layer,,,,,,,145A,
NY,15-145A,3,CA3,trained conflict,,collected 3.5 hours late!!!! Slice recovering for very long time,7/18/15,,MK,RMH,300,250,Centered on cell layer,,,,,,,145A,
OG,15-145A,2,CA4,trained conflict,,collected 3.5 hours late!!!! Slice recovering for very long time,7/18/15,,MK,RMH,300,250,Centered on cell layer,,,,2,,,145A,
OF,15-145A,1,CA4,trained conflict,,no visual confirmation of punch,7/18/15,,MK,RMH,300,250,Centered on cell layer,,,,,,,145A,
OH,15-145A,3,CA4,trained conflict,,collected 3.5 hours late!!!! Slice recovering for very long time,7/18/15,,MK,RMH,300,250,Centered on cell layer,,,,,,,145A,
NZ,15-145A,1,DG,trained conflict,,no visual confirmation of punch,7/18/15,,MK,RMH,300,250,Centered on cell layer,,,,,,,145A,
OB,15-145A,3,DG,trained conflict,,collected 3.5 hours late!!!! Slice recovering for very long time,7/18/15,,MK,RMH,300,250,Centered on cell layer,,,,,,,145A,
OQ,15-145B,2,CA1,yoked to conflict,slice photos,,7/18/15,,MK,RMH,300,250,Centered on cell layer,,,77,,,,145B,
OR,15-145B,3,CA1,yoked to conflict,slice photos,,7/18/15,,MK,RMH,300,250,Centered on cell layer,,,74,,,,145B,
OL,15-145B,1,CA2,yoked to conflict,slice photos,,7/18/15,,MK,RMH,300,250,Centered on cell layer,,,75,75,,,145B,
OM,15-145B,2,CA2,yoked to conflict,slice photos,,7/18/15,,MK,RMH,300,250,Centered on cell layer,,,77,,,,145B,
ON,15-145B,3,CA2,yoked to conflict,slice photos,,7/18/15,,MK,RMH,300,250,Centered on cell layer,,,74,,,,145B,
OT,15-145B,2,CA3,yoked to conflict,slice photos,,7/18/15,,MK,RMH,300,250,Centered on cell layer,,,77,,,,145B,
OU,15-145B,3,CA3,yoked to conflict,slice photos,,7/18/15,,MK,RMH,300,250,Centered on cell layer,,,74,,,,145B,
OZ,15-145B,1,CA4,yoked to conflict,slice photos,,7/18/15,,MK,RMH,300,250,Centered on cell layer,,,75,75,,,145B,
PA,15-145B,2,CA4,yoked to conflict,slice photos,,7/18/15,,MK,RMH,300,250,Centered on cell layer,,,77,,,,145B,
PB,15-145B,3,CA4,yoked to conflict,slice photos,,7/18/15,,MK,RMH,300,250,Centered on cell layer,,,74,,,,145B,
OX,15-145B,2,DG,yoked to conflict,slice photos,,7/18/15,,MK,RMH,300,250,Centered on cell layer,,,77,,,,145B,
OY,15-145B,3,DG,yoked to conflict,slice photos,,7/18/15,,MK,RMH,300,250,Centered on cell layer,,,74,,,,145B,
PN,15-145C,3,CA1,trained,slice photos,no well defined,7/22/15,,MK,RMH,300,250,Centered on cell layer,,,75,75,,,145C,
PL,15-145C,1,CA1,trained,slice photos,,7/22/15,,MK,RMH,300,250,Centered on cell layer,,,72,,,,145C,
PM,15-145C,2,CA1,trained,slice photos,,7/22/15,,MK,RMH,300,250,Centered on cell layer,,,74,,,,145C,
PO,15-145C,4,CA1,trained,slice photos,no visual confirmation,7/22/15,,MK,RMH,300,250,Centered on cell layer,,,70,,,,145C,
PV,15-145C,3,CA2,trained,slice photos,,7/22/15,,MK,RMH,300,250,Centered on cell layer,,,75,75,,,145C,
PT,15-145C,1,CA2,trained,slice photos,,7/22/15,,MK,RMH,300,250,Centered on cell layer,,,72,,,,145C,
PU,15-145C,2,CA2,trained,slice photos,,7/22/15,,MK,RMH,300,250,Centered on cell layer,,,74,,,,145C,
PX,15-145C,4,CA2,trained,slice photos,may have floating random tissue,7/22/15,,MK,RMH,300,250,Centered on cell layer,,,70,,,,145C,
PE,15-145C,3,CA3,trained,slice photos,cell layer not very clear,7/22/15,,MK,RMH,300,250,Centered on cell layer,,,75,75,,,145C,
PC,15-145C,1,CA3,trained,slice photos,,7/22/15,,MK,RMH,300,250,Centered on cell layer,,,72,,,,145C,
PD,15-145C,2,CA3,trained,slice photos,,7/22/15,,MK,RMH,300,250,Centered on cell layer,,,74,,,,145C,
PF,15-145C,4,CA3,trained,slice photos,cell layer not very clear,7/22/15,,MK,RMH,300,250,Centered on cell layer,,,70,,,,145C,
PI,15-145C,3,CA4,trained,slice photos,,7/22/15,,MK,RMH,300,250,Centered on cell layer,,,75,75,,,145C,
PG,15-145C,1,CA4,trained,slice photos,,7/22/15,,MK,RMH,300,250,Centered on cell layer,,,72,,,,145C,
PH,15-145C,2,CA4,trained,slice photos,,7/22/15,,MK,RMH,300,250,Centered on cell layer,,,74,,,,145C,
PJ,15-145C,4,CA4,trained,slice photos,no visual confirmation,7/22/15,,MK,RMH,300,250,Centered on cell layer,,,70,,,,145C,
PR,15-145C,3,DG,trained,slice photos,no visual confirmation,7/22/15,,MK,RMH,300,250,Centered on cell layer,,,75,75,,,145C,
PP,15-145C,1,DG,trained,slice photos,,7/22/15,,MK,RMH,300,250,Centered on cell layer,,,72,,,,145C,
PS,15-145C,4,DG,trained,slice photos,,7/22/15,,MK,RMH,300,250,Centered on cell layer,,,70,,,,145C,
QD,15-145D,3,CA1,yoked to trained,slice photos,,7/22/15,,MK,RMH,300,250,Centered on cell layer,,,75,75,,,145D,
QB,15-145D,1,CA1,yoked to trained,slice photos,,7/22/15,,MK,RMH,300,250,Centered on cell layer,,,72,,,,145D,
QC,15-145D,2,CA1,yoked to trained,slice photos,,7/22/15,,MK,RMH,300,250,Centered on cell layer,,,77,,,,145D,
QM,15-145D,3,CA2,yoked to trained,slice photos,,7/22/15,,MK,RMH,300,250,Centered on cell layer,,,75,75,,,145D,
QK,15-145D,1,CA2,yoked to trained,slice photos,,7/22/15,,MK,RMH,300,250,Centered on cell layer,,,72,,,,145D,
QL,15-145D,2,CA2,yoked to trained,slice photos,,7/22/15,,MK,RMH,300,250,Centered on cell layer,,,77,,,,145D,
QG,15-145D,3,CA3,yoked to trained,slice photos,,7/22/15,,MK,RMH,300,250,Centered on cell layer,,,75,75,,,145D,
QE,15-145D,1,CA3,yoked to trained,slice photos,no visual confirmation,7/22/15,,MK,RMH,300,250,Centered on cell layer,,,72,,,,145D,
QF,15-145D,2,CA3,yoked to trained,slice photos,no visual confirmation,7/22/15,,MK,RMH,300,250,Centered on cell layer,,,77,,,,145D,
QA,15-145D,3,CA4,yoked to trained,slice photos,,7/22/15,,MK,RMH,300,250,Centered on cell layer,,,75,75,,,145D,
PY,15-145D,1,CA4,yoked to trained,slice photos,,7/22/15,,MK,RMH,300,250,Centered on cell layer,,,72,,,,145D,
PZ,15-145D,2,CA4,yoked to trained,slice photos,,7/22/15,,MK,RMH,300,250,Centered on cell layer,,,77,,,,145D,
QJ,15-145D,3,DG,yoked to trained,slice photos,,7/22/15,,MK,RMH,300,250,Centered on cell layer,,,75,75,,,145D,
QH,15-145D,1,DG,yoked to trained,slice photos,,7/22/15,,MK,RMH,300,250,Centered on cell layer,,,72,,,,145D,
QI,15-145D,2,DG,yoked to trained,slice photos,,7/22/15,,MK,RMH,300,250,Centered on cell layer,,,77,,,,145D,
RR,15-146A,1,CA1,trained conflict,slice photos,,7/23/15,4:30,MK,RMH,300,250,Centered on cell layer,,,76,,,,146A,
RT,15-146A,3,CA1,trained conflict,slice photos,,7/23/15,4:30,MK,RMH,300,250,Centered on cell layer,,,78,,,,146A,
RP,15-146A,2,CA2,trained conflict,slice photos,,7/23/15,4:30,MK,RMH,300,250,Centered on cell layer,,,75,75,,,146A,
RO,15-146A,1,CA2,trained conflict,slice photos,,7/23/15,4:30,MK,RMH,300,250,Centered on cell layer,,,76,,,,146A,
RQ,15-146A,3,CA2,trained conflict,slice photos,,7/23/15,4:30,MK,RMH,300,250,Centered on cell layer,,,78,,,,146A,
RL,15-146A,1,CA3,trained conflict,slice photos,,7/23/15,4:30,MK,RMH,300,250,Centered on cell layer,,,76,,,,146A,
RN,15-146A,3,CA3,trained conflict,slice photos,,7/23/15,4:30,MK,RMH,300,250,Centered on cell layer,,,78,,,,146A,
RV,15-146A,2,CA4,trained conflict,slice photos,,7/23/15,4:30,MK,RMH,300,250,Centered on cell layer,,,75,75,,,146A,
RU,15-146A,1,CA4,trained conflict,slice photos,,7/23/15,4:30,MK,RMH,300,250,Centered on cell layer,,,76,,,,146A,
RW,15-146A,3,CA4,trained conflict,slice photos,,7/23/15,4:30,MK,RMH,300,250,Centered on cell layer,,,78,,,,146A,
RI,15-146A,1,DG,trained conflict,slice photos,,7/23/15,4:30,MK,RMH,300,250,Centered on cell layer,,,76,,,,146A,
RK,15-146A,3,DG,trained conflict,slice photos,partial punch,7/23/15,4:30,MK,RMH,300,250,Centered on cell layer,,,78,,,,146A,
RA,15-146B,1,CA1,yoked to conflict,slice photos,,7/23/15,10:30,MK,RMH,300,250,Centered on cell layer,,,69,,,,146B,
RC,15-146B,3,CA1,yoked to conflict,slice photos,,7/23/15,10:30,MK,RMH,300,250,Centered on cell layer,,,76,,,,146B,
RD,15-146B,4,CA1,yoked to conflict,slice photos,,7/23/15,10:30,MK,RMH,300,250,Centered on cell layer,,,74,,,,146B,
QW,15-146B,2,CA2,yoked to conflict,slice photos,,7/23/15,10:30,MK,RMH,300,250,Centered on cell layer,,,75,75,,,146B,
QV,15-146B,1,CA2,yoked to conflict,slice photos,,7/23/15,10:30,MK,RMH,300,250,Centered on cell layer,,,69,,,,146B,
QX,15-146B,3,CA2,yoked to conflict,slice photos,,7/23/15,10:30,MK,RMH,300,250,below cell layer,,,76,,,,146B,
QY,15-146B,4,CA2,yoked to conflict,slice photos,,7/23/15,10:30,MK,RMH,300,250,Centered on cell layer,,,74,,,,146B,
QZ,15-146B,4,CA2,yoked to conflict,slice photos,,7/23/15,10:30,MK,RMH,300,250,Centered on cell layer,,,74,,,,146B,
QN,15-146B,1,CA3,yoked to conflict,slice photos,,7/23/15,10:30,MK,RMH,300,250,Centered on cell layer,,,69,,,,146B,
QP,15-146B,3,CA3,yoked to conflict,slice photos,,7/23/15,10:30,MK,RMH,300,250,Centered on cell layer,,,76,,,,146B,
QQ,15-146B,4,CA3,yoked to conflict,slice photos,,7/23/15,10:30,MK,RMH,300,250,Centered on cell layer,,,74,,,,146B,
QS,15-146B,2,CA4,yoked to conflict,slice photos,,7/23/15,10:30,MK,RMH,300,250,Centered on cell layer,,,75,75,,,146B,
QR,15-146B,1,CA4,yoked to conflict,slice photos,,7/23/15,10:30,MK,RMH,300,250,Centered on cell layer,,,69,,,,146B,
QT,15-146B,3,CA4,yoked to conflict,slice photos,,7/23/15,10:30,MK,RMH,300,250,Centered on cell layer,,,76,,,,146B,
QU,15-146B,4,CA4,yoked to conflict,slice photos,,7/23/15,10:30,MK,RMH,300,250,Centered on cell layer,,,74,,,,146B,
RE,15-146B,1,DG,yoked to conflict,slice photos,,7/23/15,10:30,MK,RMH,300,250,Centered on cell layer,,,69,,,,146B,
RG,15-146B,3,DG,yoked to conflict,slice photos,,7/23/15,10:30,MK,RMH,300,250,Centered on cell layer,,,76,,,,146B,
RH,15-146B,4,DG,yoked to conflict,slice photos,,7/23/15,10:30,MK,RMH,300,250,Centered on cell layer,,,74,,,,146B,
RX,15-146C,1,CA1,trained,slice photos,,7/24/15,10:45,MK,RMH,300,250,Centered on cell layer,,,70,,,,146C,
RZ,15-146C,2,CA1,trained,slice photos,,7/24/15,10:45,MK,RMH,300,250,Centered on cell layer,,,72,,,,146C,
SA,15-146C,3,CA1,trained,slice photos,,7/24/15,10:45,MK,RMH,300,250,Centered on cell layer,,,76,,,,146C,
SJ,15-146C,4,CA2,trained,slice photos,,7/24/15,10:45,MK,RMH,300,250,Centered on cell layer,,,74,74,,,146C,
SG,15-146C,1,CA2,trained,slice photos,,7/24/15,10:45,MK,RMH,300,250,Centered on cell layer,,,70,,,,146C,
SH,15-146C,2,CA2,trained,slice photos,,7/24/15,10:45,MK,RMH,300,250,Centered on cell layer,,,72,,,,146C,
SI,15-146C,3,CA2,trained,slice photos,,7/24/15,10:45,MK,RMH,300,250,Centered on cell layer,,,76,,,,146C,
SC,15-146C,1,CA3,trained,slice photos,no visual,7/24/15,10:45,MK,RMH,300,250,Centered on cell layer,,,70,,,,146C,
SD,15-146C,2,CA3,trained,slice photos,,7/24/15,10:45,MK,RMH,300,250,Centered on cell layer,,,72,,,,146C,
SE,15-146C,3,CA3,trained,slice photos,,7/24/15,10:45,MK,RMH,300,250,Centered on cell layer,,,76,,,,146C,
SN,15-146C,4,CA4,trained,slice photos,no visual,7/24/15,10:45,MK,RMH,300,250,Centered on cell layer,,,74,74,,,146C,
SK,15-146C,1,CA4,trained,slice photos,,7/24/15,10:45,MK,RMH,300,250,Centered on cell layer,,,70,,,,146C,
SL,15-146C,2,CA4,trained,slice photos,,7/24/15,10:45,MK,RMH,300,250,Centered on cell layer,,,72,,,,146C,
SM,15-146C,3,CA4,trained,slice photos,,7/24/15,10:45,MK,RMH,300,250,Centered on cell layer,,,76,,,,146C,
SO,15-146C,1,DG,trained,slice photos,no visual,7/24/15,10:45,MK,RMH,300,250,Centered on cell layer,,,70,,,,146C,
SP,15-146C,2,DG,trained,slice photos,,7/24/15,10:45,MK,RMH,300,250,Centered on cell layer,,,72,,,,146C,
SQ,15-146C,3,DG,trained,slice photos,,7/24/15,10:45,MK,RMH,300,250,Centered on cell layer,,,76,,,,146C,
TA,15-146D,1,CA1,yoked to trained,slice photos,,7/24/15,4:30,MK,RMH,300,250,Centered on cell layer,,,78,,,,146D,
TB,15-146D,2,CA1,yoked to trained,slice photos,,7/24/15,4:30,MK,RMH,300,250,Centered on cell layer,,,75,,,,146D,
TD,15-146D,4,CA1,yoked to trained,slice photos,,7/24/15,4:30,MK,RMH,300,250,Centered on cell layer,,,72,,,,146D,
SY,15-146D,3,CA2,yoked to trained,slice photos,,7/24/15,4:30,MK,RMH,300,250,Centered on cell layer,,,74,74,,,146D,
SW,15-146D,1,CA2,yoked to trained,slice photos,,7/24/15,4:30,MK,RMH,300,250,Centered on cell layer,,,78,,,,146D,
SX,15-146D,2,CA2,yoked to trained,slice photos,,7/24/15,4:30,MK,RMH,300,250,Centered on cell layer,,,75,,,,146D,
SZ,15-146D,4,CA2,yoked to trained,slice photos,,7/24/15,4:30,MK,RMH,300,250,Centered on cell layer,,,72,,,,146D,
SS,15-146D,1,CA3,yoked to trained,slice photos,,7/24/15,4:30,MK,RMH,300,250,Centered on cell layer,,,78,,,,146D,
ST,15-146D,2,CA3,yoked to trained,slice photos,,7/24/15,4:30,MK,RMH,300,250,Centered on cell layer,,,75,,,,146D,
SV,15-146D,4,CA3,yoked to trained,slice photos,,7/24/15,4:30,MK,RMH,300,250,Centered on cell layer,,,72,,,,146D,
TK,15-146D,3,CA4,yoked to trained,slice photos,,7/24/15,4:30,MK,RMH,300,250,Centered on cell layer,,,74,74,,,146D,
TI,15-146D,1,CA4,yoked to trained,slice photos,,7/24/15,4:30,MK,RMH,300,250,Centered on cell layer,,,78,,,,146D,
TJ,15-146D,2,CA4,yoked to trained,slice photos,*not certain this punch is in TJ. Could be in TF,7/24/15,4:30,MK,RMH,300,250,Centered on cell layer,,,75,,,,146D,
TL,15-146D,4,CA4,yoked to trained,slice photos,,7/24/15,4:30,MK,RMH,300,250,Centered on cell layer,,,72,,,,146D,
TE,15-146D,1,DG,yoked to trained,slice photos,,7/24/15,4:30,MK,RMH,300,250,Centered on cell layer,,,78,,,,146D,
TF,15-146D,2,DG,yoked to trained,slice photos,*could have punch TJ in it,7/24/15,4:30,MK,RMH,300,250,Centered on cell layer,,,75,,,,146D,
TH,15-146D,4,DG,yoked to trained,slice photos,,7/24/15,4:30,MK,RMH,300,250,Centered on cell layer,,,72,,,,146D,
VJ,15-147,1,CA1,homecage,slice photos,,7/27/15,,MK,RMH,300,250,Centered on cell layer,,,82,,,,147,
VK,15-147,2,CA1,homecage,slice photos,,7/27/15,,MK,RMH,300,250,Centered on cell layer,,,74,,,,147,
VL,15-147,3,CA1,homecage,slice photos,,7/27/15,,MK,RMH,300,250,Centered on cell layer,,,70,,,,147,
VY,15-147,4,CA2,homecage,slice photos,,7/27/15,,MK,RMH,300,250,Centered on cell layer,,,75,75,,,147,
VV,15-147,1,CA2,homecage,slice photos,,7/27/15,,MK,RMH,300,250,Centered on cell layer,,,82,,,,147,
VW,15-147,2,CA2,homecage,slice photos,,7/27/15,,MK,RMH,300,250,Centered on cell layer,,,74,,,,147,
VX,15-147,3,CA2,homecage,slice photos,,7/27/15,,MK,RMH,300,250,Centered on cell layer,,,70,,,,147,
VZ,15-147,1,CA3,homecage,slice photos,,7/27/15,,MK,RMH,300,250,Centered on cell layer,,,82,,,,147,
WA,15-147,2,CA3,homecage,slice photos,no visual confirmation,7/27/15,,MK,RMH,300,250,Centered on cell layer,,,74,,,,147,
WB,15-147,3,CA3,homecage,slice photos,,7/27/15,,MK,RMH,300,250,Centered on cell layer,,,70,,,,147,
VR,15-147,1,CA4,homecage,slice photos,,7/27/15,,MK,RMH,300,250,Centered on cell layer,,,82,,,,147,
VS,15-147,2,CA4,homecage,slice photos,,7/27/15,,MK,RMH,300,250,Centered on cell layer,,,74,,,,147,
VT,15-147,3,CA4,homecage,slice photos,"has some DG, I think",7/27/15,,MK,RMH,300,250,Centered on cell layer,,,70,,,,147,
VN,15-147,1,DG,homecage,slice photos,,7/27/15,,MK,RMH,300,250,Centered on cell layer,,,82,,,,147,
VO,15-147,2,DG,homecage,slice photos,,7/27/15,,MK,RMH,300,250,Centered on cell layer,,,74,,,,147,
VP,15-147,3,DG,homecage,slice photos,,7/27/15,,MK,RMH,300,250,Centered on cell layer,,,70,,,,147,
TN,15-147A,2,CA1,trained conflict,slice photos,,7/25/15,10:30,MK,RMH,300,250,Centered on cell layer,,,75,75,,,147A,
TM,15-147A,1,CA1,trained conflict,slice photos,,7/25/15,10:30,MK,RMH,300,250,Centered on cell layer,,,77,,,,147A,
TO,15-147A,3,CA1,trained conflict,slice photos,,7/25/15,10:30,MK,RMH,300,250,Centered on cell layer,,,69,,,,147A,
TP,15-147A,4,CA1,trained conflict,slice photos,no visual confirmation (maybe too much light to see),7/25/15,10:30,MK,RMH,300,250,Centered on cell layer,,,72,,,,147A,
UE,15-147A,2,CA2,trained conflict,slice photos,no visual confirmation (maybe too much light to see),7/25/15,10:30,MK,RMH,300,250,Centered on cell layer,,,75,75,,,147A,
UD,15-147A,1,CA2,trained conflict,slice photos,no visual confirmation (maybe too much light to see),7/25/15,10:30,MK,RMH,300,250,Centered on cell layer,,,77,,,,147A,
UF,15-147A,3,CA2,trained conflict,slice photos,no visual confirmation (maybe too much light to see),7/25/15,10:30,MK,RMH,300,250,Centered on cell layer,,,69,,,,147A,
UG,15-147A,4,CA2,trained conflict,slice photos,no visual confirmation (maybe too much light to see),7/25/15,10:30,MK,RMH,300,250,Centered on cell layer,,,72,,,,147A,
UA,15-147A,2,CA3,trained conflict,slice photos,,7/25/15,10:30,MK,RMH,300,250,Centered on cell layer,,,75,75,,,147A,
TZ,15-147A,1,CA3,trained conflict,slice photos,,7/25/15,10:30,MK,RMH,300,250,Centered on cell layer,,,77,,,,147A,
UB,15-147A,3,CA3,trained conflict,slice photos,no visual confirmation (maybe too much light to see),7/25/15,10:30,MK,RMH,300,250,Centered on cell layer,,,69,,,,147A,
UC,15-147A,4,CA3,trained conflict,slice photos,no visual confirmation (maybe too much light to see),7/25/15,10:30,MK,RMH,300,250,Centered on cell layer,,,72,,,,147A,
TW,15-147A,2,CA4,trained conflict,slice photos,no visual confirmation (maybe too much light to see),7/25/15,10:30,MK,RMH,300,250,Centered on cell layer,,,75,75,,,147A,
TV,15-147A,1,CA4,trained conflict,slice photos,no visual confirmation (maybe too much light to see),7/25/15,10:30,MK,RMH,300,250,Centered on cell layer,,,77,,,,147A,
TX,15-147A,3,CA4,trained conflict,slice photos,no visual confirmation (maybe too much light to see),7/25/15,10:30,MK,RMH,300,250,Centered on cell layer,,,69,,,,147A,
TY,15-147A,4,CA4,trained conflict,slice photos,mangled it!!,7/25/15,10:30,MK,RMH,300,250,Centered on cell layer,,,72,,,,147A,
TR,15-147A,2,DG,trained conflict,slice photos,no visual confirmation (maybe too much light to see),7/25/15,10:30,MK,RMH,300,250,Centered on cell layer,,,75,75,,,147A,
TQ,15-147A,1,DG,trained conflict,slice photos,no visual confirmation (maybe too much light to see),7/25/15,10:30,MK,RMH,300,250,Centered on cell layer,,,77,,,,147A,
TS,15-147A,3,DG,trained conflict,slice photos,no visual confirmation (maybe too much light to see),7/25/15,10:30,MK,RMH,300,250,Centered on cell layer,,,69,,,,147A,
TU,15-147A,4,DG,trained conflict,slice photos,no visual confirmation (maybe too much light to see),7/25/15,10:30,MK,RMH,300,250,Centered on cell layer,,,72,,,,147A,
UW,15-147B,4,CA1,yoked to conflict,slice photos,,7/25/15,4:30,MK,RMH,300,250,Centered on cell layer,,,75,75,,,147B,
UT,15-147B,1,CA1,yoked to conflict,slice photos,,7/25/15,4:30,MK,RMH,300,250,Centered on cell layer,,,78,,,,147B,
UU,15-147B,2,CA1,yoked to conflict,slice photos,,7/25/15,4:30,MK,RMH,300,250,Centered on cell layer,,,73,,,,147B,
UV,15-147B,3,CA1,yoked to conflict,slice photos,,7/25/15,4:30,MK,RMH,300,250,Centered on cell layer,,,76,,,,147B,
VA,15-147B,4,CA2,yoked to conflict,slice photos,no visual confirmation,7/25/15,4:30,MK,RMH,300,250,Centered on cell layer,,,75,75,,,147B,
UX,15-147B,1,CA2,yoked to conflict,slice photos,,7/25/15,4:30,MK,RMH,300,250,Centered on cell layer,,,78,,,,147B,
UY,15-147B,2,CA2,yoked to conflict,slice photos,,7/25/15,4:30,MK,RMH,300,250,Centered on cell layer,,,73,,,,147B,
UZ,15-147B,3,CA2,yoked to conflict,slice photos,has 2 punches,7/25/15,4:30,MK,RMH,300,250,Centered on cell layer,,,76,,,,147B,
UK,15-147B,4,CA3,yoked to conflict,slice photos,,7/25/15,4:30,MK,RMH,300,250,Centered on cell layer,,,75,75,,,147B,
UH,15-147B,1,CA3,yoked to conflict,slice photos,,7/25/15,4:30,MK,RMH,300,250,Centered on cell layer,,,78,,,,147B,
UI,15-147B,2,CA3,yoked to conflict,slice photos,,7/25/15,4:30,MK,RMH,300,250,Centered on cell layer,,,73,,,,147B,
UJ,15-147B,3,CA3,yoked to conflict,slice photos,cell layer not very clear,7/25/15,4:30,MK,RMH,300,250,Centered on cell layer,,,76,,,,147B,
UO,15-147B,4,CA4,yoked to conflict,slice photos,,7/25/15,4:30,MK,RMH,300,250,Centered on cell layer,,,75,75,,,147B,
UL,15-147B,1,CA4,yoked to conflict,slice photos,no visual confirmation (maybe too much light to see),7/25/15,4:30,MK,RMH,300,250,Centered on cell layer,,,78,,,,147B,
UM,15-147B,2,CA4,yoked to conflict,slice photos,no visual confirmation (maybe too much light to see),7/25/15,4:30,MK,RMH,300,250,Centered on cell layer,,,73,,,,147B,
UN,15-147B,3,CA4,yoked to conflict,slice photos,,7/25/15,4:30,MK,RMH,300,250,Centered on cell layer,,,76,,,,147B,
US,15-147B,4,DG,yoked to conflict,slice photos,,7/25/15,4:30,MK,RMH,300,250,Centered on cell layer,,,75,75,,,147B,
UP,15-147B,1,DG,yoked to conflict,slice photos,,7/25/15,4:30,MK,RMH,300,250,Centered on cell layer,,,78,,,,147B,
UQ,15-147B,2,DG,yoked to conflict,slice photos,mangled it!!,7/25/15,4:30,MK,RMH,300,250,Centered on cell layer,,,73,,,,147B,
UR,15-147B,3,DG,yoked to conflict,slice photos,,7/25/15,4:30,MK,RMH,300,250,Centered on cell layer,,,76,,,,147B,
VB,15-147B,1,Pr,yoked to conflict,slice photos,piroform cortex. Control huntington region,7/25/15,4:30,MK,RMH,300,250,Centered on cell layer,,,78,,,,147B,
VC,15-147B,2,Pr,yoked to conflict,slice photos,piroform cortex. Control huntington region,7/25/15,4:30,MK,RMH,300,250,Centered on cell layer,,,73,,,,147B,
VD,15-147B,3,Pr,yoked to conflict,slice photos,piroform cortex. Control huntington region,7/25/15,4:30,MK,RMH,300,250,Centered on cell layer,,,76,,,,147B,
VE,15-147B,4,Pr,yoked to conflict,slice photos,piroform cortex. Control huntington region,7/25/15,4:30,MK,RMH,300,250,Centered on cell layer,,,,,,,147B,
XK,15-147C,2,CA1,trained,slice photos,,7/29/15,11:21,MK,RMH,300,500,Centered on cell layer,,,78,,,,147C,
XM,15-147C,4,CA1,trained,slice photos,,7/29/15,11:21,MK,RMH,300,500,Centered on cell layer,,,72,,,,147C,
XO,15-147C,3,CA2,trained,slice photos,,7/29/15,11:21,MK,RMH,300,500,Centered on cell layer,,,75,75,,,147C,
XN,15-147C,2,CA2,trained,slice photos,,7/29/15,11:21,MK,RMH,300,500,Centered on cell layer,,,78,,,,147C,
XP,15-147C,4,CA2,trained,slice photos,,7/29/15,11:21,MK,RMH,300,500,Centered on cell layer,,,72,,,,147C,
XG,15-147C,1,CA3,trained,slice photos,,7/29/15,11:21,MK,RMH,300,500,Centered on cell layer,,,68,,,,147C,
XH,15-147C,2,CA3,trained,slice photos,,7/29/15,11:21,MK,RMH,300,500,Centered on cell layer,,,78,,,,147C,
XJ,15-147C,4,CA3,trained,slice photos,,7/29/15,11:21,MK,RMH,300,500,Centered on cell layer,,,72,,,,147C,
XR,15-147C,3,CA4,trained,slice photos,,7/29/15,11:21,MK,RMH,300,500,Centered on cell layer,,,75,75,,,147C,
XQ,15-147C,2,CA4,trained,slice photos,,7/29/15,11:21,MK,RMH,300,500,Centered on cell layer,,,78,,,,147C,
XC,15-147C,1,DG,trained,slice photos,,7/29/15,11:21,MK,RMH,300,500,Centered on cell layer,,,68,,,,147C,
XD,15-147C,2,DG,trained,slice photos,no visual confirmation,7/29/15,11:21,MK,RMH,300,500,Centered on cell layer,,,78,,,,147C,
XF,15-147C,4,DG,trained,slice photos,no visual confirmation,7/29/15,11:21,MK,RMH,300,500,Centered on cell layer,,,72,,,,147C,
YR,15-147D,2,CA1,yoked to trained,slice photos,,7/29/15,,MK,RMH,300,250,Centered on cell layer,,,70,,,,147D,
YS,15-147D,4,CA1,yoked to trained,slice photos,,7/29/15,,MK,RMH,300,250,Centered on cell layer,,,78,,,,147D,
YT,15-147D,5,CA1,yoked to trained,slice photos,,7/29/15,,MK,RMH,300,250,Centered on cell layer,,,76,,,,147D,
YU,15-147D,1,CA2,yoked to trained,slice photos,,7/29/15,,MK,RMH,300,250,Centered on cell layer,,,74,74,,,147D,
YV,15-147D,2,CA2,yoked to trained,slice photos,,7/29/15,,MK,RMH,300,250,Centered on cell layer,,,70,,,,147D,
YZ,15-147D,4,CA2,yoked to trained,slice photos,,7/29/15,,MK,RMH,300,250,Centered on cell layer,,,78,,,,147D,
ZA,15-147D,5,CA2,yoked to trained,slice photos,,7/29/15,,MK,RMH,300,250,Centered on cell layer,,,76,,,,147D,
YJ,15-147D,2,CA3,yoked to trained,slice photos,,7/29/15,,MK,RMH,300,250,Centered on cell layer,,,70,,,,147D,
YK,15-147D,4,CA3,yoked to trained,slice photos,,7/29/15,,MK,RMH,300,250,Centered on cell layer,,,78,,,,147D,
YL,15-147D,5,CA3,yoked to trained,slice photos,,7/29/15,,MK,RMH,300,250,Centered on cell layer,,,76,,,,147D,
ZB,15-147D,1,CA4,yoked to trained,slice photos,,7/29/15,,MK,RMH,300,250,Centered on cell layer,,,74,74,,,147D,
ZC,15-147D,2,CA4,yoked to trained,slice photos,,7/29/15,,MK,RMH,300,250,Centered on cell layer,,,70,,,,147D,
ZD,15-147D,4,CA4,yoked to trained,slice photos,,7/29/15,,MK,RMH,300,250,Centered on cell layer,,,78,,,,147D,
ZE,15-147D,5,CA4,yoked to trained,slice photos,,7/29/15,,MK,RMH,300,250,Centered on cell layer,,,76,,,,147D,
YN,15-147D,2,DG,yoked to trained,slice photos,,7/29/15,,MK,RMH,300,250,Centered on cell layer,,,70,,,,147D,
YO,15-147D,4,DG,yoked to trained,slice photos,,7/29/15,,MK,RMH,300,250,Centered on cell layer,,,78,,,,147D,
YP,15-147D,5,DG,yoked to trained,slice photos,,7/29/15,,MK,RMH,300,250,Centered on cell layer,,,76,,,,147D,
WQ,15-148,1,CA1,homecage,slice photos,no visual confirmation,7/28/15,,MK,RMH,300,250,Centered on cell layer,,,72,,,,148,
WR,15-148,1,CA1,homecage,slice photos,2nd punch is a little to the right of first,7/28/15,,MK,RMH,300,250,Centered on cell layer,,,72,,,,148,
WT,15-148,4,CA1,homecage,slice photos,,7/28/15,,MK,RMH,300,250,Centered on cell layer,,,79,,,,148,
WU,15-148,3,CA1,homecage,slice photos,,7/28/15,,MK,RMH,300,250,Centered on cell layer,,,85,,,,148,
WN,15-148,2,CA2,homecage,slice photos,,7/28/15,,MK,RMH,300,250,Centered on cell layer,,,77,77,,,148,
WM,15-148,1,CA2,homecage,slice photos,,7/28/15,,MK,RMH,300,250,Centered on cell layer,,,72,,,,148,
WO,15-148,3,CA2,homecage,slice photos,,7/28/15,,MK,RMH,300,250,Centered on cell layer,,,79,,,,148,
WP,15-148,4,CA2,homecage,slice photos,,7/28/15,,MK,RMH,300,250,Centered on cell layer,,,85,,,,148,
WH,15-148,1,CA3,homecage,slice photos,,7/28/15,,MK,RMH,300,250,Centered on cell layer,,,72,,,,148,
WJ,15-148,3,CA3,homecage,slice photos,,7/28/15,,MK,RMH,300,250,Centered on cell layer,,,79,,,,148,
WK,15-148,4,CA3,homecage,slice photos,,7/28/15,,MK,RMH,300,250,Centered on cell layer,,,85,,,,148,
WE,15-148,2,CA4,homecage,slice photos,,7/28/15,,MK,RMH,300,250,Centered on cell layer,,,77,77,,,148,
WD,15-148,1,CA4,homecage,slice photos,no visual confirmation,7/28/15,,MK,RMH,300,250,Centered on cell layer,,,72,,,,148,
WF,15-148,3,CA4,homecage,slice photos,no visual confirmation,7/28/15,,MK,RMH,300,250,Centered on cell layer,,,79,,,,148,
WG,15-148,4,CA4,homecage,slice photos,,7/28/15,,MK,RMH,300,250,Centered on cell layer,,,85,,,,148,
WV,15-148,1,DG,homecage,slice photos,no visual confirmation,7/28/15,,MK,RMH,300,250,Centered on cell layer,,,72,,,,148,
WX,15-148,3,DG,homecage,slice photos,no visual confirmation,7/28/15,,MK,RMH,300,250,Centered on cell layer,,,79,,,,148,
WY,15-148,4,DG,homecage,slice photos,,7/28/15,,MK,RMH,300,250,Centered on cell layer,,,85,,,,148,
WZ,15-148,2,Pr,homecage,slice photos,,7/28/15,,MK,RMH,300,250,Centered on cell layer,,,,,,,148,
XA,15-148,3,Pr,homecage,slice photos,,7/28/15,,MK,RMH,300,250,Centered on cell layer,,,79,,,,148,
XB,15-148,4,Pr,homecage,slice photos,,7/28/15,,MK,RMH,300,250,Centered on cell layer,,,85,,,,148,
AAB,15-148A,1,CA1,trained conflict,slice photos,,7/30/15,,MK,RMH,300,250,Centered on cell layer,,,79,,,,148A,
AAC,15-148A,2,CA1,trained conflict,slice photos,,7/30/15,,MK,RMH,300,250,Centered on cell layer,,,69,,,,148A,
ZK,15-148A,3,CA2,trained conflict,slice photos,,7/30/15,,MK,RMH,300,250,Centered on cell layer,,,75,75,,,148A,
ZI,15-148A,1,CA2,trained conflict,slice photos,,7/30/15,,MK,RMH,300,250,Centered on cell layer,,,79,,,,148A,
ZJ,15-148A,2,CA2,trained conflict,slice photos,,7/30/15,,MK,RMH,300,250,Centered on cell layer,,,69,,,,148A,
ZL,15-148A,1,CA3,trained conflict,slice photos,,7/30/15,,MK,RMH,300,250,Centered on cell layer,,,79,,,,148A,
ZM,15-148A,2,CA3,trained conflict,slice photos,,7/30/15,,MK,RMH,300,250,Centered on cell layer,,,69,,,,148A,
ZH,15-148A,3,CA4,trained conflict,slice photos,,7/30/15,,MK,RMH,300,250,Centered on cell layer,,,75,75,,,148A,
ZF,15-148A,1,CA4,trained conflict,slice photos,,7/30/15,,MK,RMH,300,250,Centered on cell layer,,,79,,,,148A,
ZG,15-148A,2,CA4,trained conflict,slice photos,,7/30/15,,MK,RMH,300,250,Centered on cell layer,,,69,,,,148A,
ZO,15-148A,1,DG,trained conflict,slice photos,,7/30/15,,MK,RMH,300,250,Centered on cell layer,,,79,,,,148A,
ZP,15-148A,2,DG,trained conflict,slice photos,,7/30/15,,MK,RMH,300,250,Centered on cell layer,,,69,,,,148A,
ABB,15-148B,1,CA1,yoked to conflict,slice photos,,7/30/15,,MK,RMH,300,250,Centered on cell layer,,,83,,,,148B,
ABC,15-148B,2,CA1,yoked to conflict,slice photos,,7/30/15,,MK,RMH,300,250,Centered on cell layer,,,77,,,,148B,
ABD,15-148B,3,CA1,yoked to conflict,slice photos,,7/30/15,,MK,RMH,300,250,Centered on cell layer,,,73,,,,148B,
ABI,15-148B,4,CA2,yoked to conflict,slice photos,,7/30/15,,MK,RMH,300,250,Centered on cell layer,,,75,75,,,148B,
ABF,15-148B,1,CA2,yoked to conflict,slice photos,,7/30/15,,MK,RMH,300,250,Centered on cell layer,,,83,,,,148B,
ABG,15-148B,2,CA2,yoked to conflict,slice photos,,7/30/15,,MK,RMH,300,250,Centered on cell layer,,,77,,,,148B,
ABH,15-148B,3,CA2,yoked to conflict,slice photos,,7/30/15,,MK,RMH,300,250,Centered on cell layer,,,73,,,,148B,
AAX,15-148B,1,CA3,yoked to conflict,slice photos,,7/30/15,,MK,RMH,300,250,Centered on cell layer,,,83,,,,148B,
AAY,15-148B,2,CA3,yoked to conflict,slice photos,,7/30/15,,MK,RMH,300,250,Centered on cell layer,,,77,,,,148B,
AAZ,15-148B,3,CA3,yoked to conflict,slice photos,,7/30/15,,MK,RMH,300,250,Centered on cell layer,,,73,,,,148B,
AAW,15-148B,4,CA4,yoked to conflict,slice photos,,7/30/15,,MK,RMH,300,250,Centered on cell layer,,,75,75,,,148B,
AAT,15-148B,1,CA4,yoked to conflict,slice photos,,7/30/15,,MK,RMH,300,250,Centered on cell layer,,,83,,,,148B,
AAU,15-148B,2,CA4,yoked to conflict,slice photos,,7/30/15,,MK,RMH,300,250,Centered on cell layer,,,77,,,,148B,
AAV,15-148B,3,CA4,yoked to conflict,slice photos,,7/30/15,,MK,RMH,300,250,Centered on cell layer,,,73,,,,148B,
ABJ,15-148B,1,DG,yoked to conflict,slice photos,,7/30/15,,MK,RMH,300,250,Centered on cell layer,,,83,,,,148B,
ABK,15-148B,2,DG,yoked to conflict,slice photos,,7/30/15,,MK,RMH,300,250,Centered on cell layer,,,77,,,,148B,
ABL,15-148B,3,DG,yoked to conflict,slice photos,,7/30/15,,MK,RMH,300,250,Centered on cell layer,,,73,,,,148B,
ABX,15-148C,3,CA1,trained,slice photos,,7/31/15,,MK,RMH,300,250,Centered on cell layer,,,74,74,,,148C,
ABV,15-148C,1,CA1,trained,slice photos,,7/31/15,,MK,RMH,300,250,Centered on cell layer,,,72,,,,148C,
ABW,15-148C,2,CA1,trained,slice photos,,7/31/15,,MK,RMH,300,250,Centered on cell layer,,,78,,,,148C,
ABY,15-148C,4,CA1,trained,slice photos,,7/31/15,,MK,RMH,300,250,Centered on cell layer,,,69,,,,148C,
ABP,15-148C,3,CA2,trained,slice photos,,7/31/15,,MK,RMH,300,250,Centered on cell layer,,,74,74,,,148C,
ABN,15-148C,1,CA2,trained,slice photos,,7/31/15,,MK,RMH,300,250,Centered on cell layer,,,72,,,,148C,
ABO,15-148C,2,CA2,trained,slice photos,,7/31/15,,MK,RMH,300,250,Centered on cell layer,,,78,,,,148C,
ABQ,15-148C,4,CA2,trained,slice photos,,7/31/15,,MK,RMH,300,250,Centered on cell layer,,,69,,,,148C,
ACB,15-148C,3,CA3,trained,slice photos,,7/31/15,,MK,RMH,300,250,Centered on cell layer,,,74,74,,,148C,
ABZ,15-148C,1,CA3,trained,slice photos,,7/31/15,,MK,RMH,300,250,Centered on cell layer,,,72,,,,148C,
ACA,15-148C,2,CA3,trained,slice photos,,7/31/15,,MK,RMH,300,250,Centered on cell layer,,,78,,,,148C,
ACD,15-148C,4,CA3,trained,slice photos,,7/31/15,,MK,RMH,300,250,Centered on cell layer,,,69,,,,148C,
ABT,15-148C,3,CA4,trained,slice photos,,7/31/15,,MK,RMH,300,250,Centered on cell layer,,,74,74,,,148C,
ABR,15-148C,1,CA4,trained,slice photos,,7/31/15,,MK,RMH,300,250,Centered on cell layer,,,72,,,,148C,
ABS,15-148C,2,CA4,trained,slice photos,,7/31/15,,MK,RMH,300,250,Centered on cell layer,,,78,,,,148C,
ABU,15-148C,4,CA4,trained,slice photos,,7/31/15,,MK,RMH,300,250,Centered on cell layer,,,69,,,,148C,
ACG,15-148C,3,DG,trained,slice photos,,7/31/15,,MK,RMH,300,250,Centered on cell layer,,,74,74,,,148C,
ACE,15-148C,1,DG,trained,slice photos,,7/31/15,,MK,RMH,300,250,Centered on cell layer,,,72,,,,148C,
ACF,15-148C,2,DG,trained,slice photos,,7/31/15,,MK,RMH,300,250,Centered on cell layer,,,78,,,,148C,
ACH,15-148C,4,DG,trained,slice photos,,7/31/15,,MK,RMH,300,250,Centered on cell layer,,,69,,,,148C,
ADD,15-148D,3,CA1,yoked to trained,slice photos,,7/31/15,,MK,RMH,300,250,Centered on cell layer,,,74,74,,,148D,
ADB,15-148D,1,CA1,yoked to trained,slice photos,,7/31/15,,MK,RMH,300,250,Centered on cell layer,,,78,,,,148D,
ADC,15-148D,2,CA1,yoked to trained,slice photos,,7/31/15,,MK,RMH,300,250,Centered on cell layer,,,70,,,,148D,
ADE,15-148D,4,CA1,yoked to trained,slice photos,,7/31/15,,MK,RMH,300,250,Centered on cell layer,,,76,,,,148D,
ADO,15-148D,5,CA1,yoked to trained,slice photos,,7/31/15,,MK,RMH,300,250,Centered on cell layer,,,69,,,,148D,
ADH,15-148D,3,CA2,yoked to trained,slice photos,,7/31/15,,MK,RMH,300,250,Centered on cell layer,,,74,74,,,148D,
ADF,15-148D,1,CA2,yoked to trained,slice photos,,7/31/15,,MK,RMH,300,250,Centered on cell layer,,,78,,,,148D,
ADG,15-148D,2,CA2,yoked to trained,slice photos,,7/31/15,,MK,RMH,300,250,Centered on cell layer,,,70,,,,148D,
ADI,15-148D,4,CA2,yoked to trained,slice photos,,7/31/15,,MK,RMH,300,250,Centered on cell layer,,,76,,,,148D,
ADP,15-148D,5,CA2,yoked to trained,slice photos,,7/31/15,,MK,RMH,300,250,Centered on cell layer,,,69,,,,148D,
ADK,15-148D,3,CA3,yoked to trained,slice photos,,7/31/15,,MK,RMH,300,250,Centered on cell layer,,,74,74,,,148D,
ADJ,15-148D,2,CA3,yoked to trained,slice photos,,7/31/15,,MK,RMH,300,250,Centered on cell layer,,,70,,,,148D,
ADL,15-148D,4,CA3,yoked to trained,slice photos,,7/31/15,,MK,RMH,300,250,Centered on cell layer,,,76,,,,148D,
ADM,15-148D,5,CA3,yoked to trained,slice photos,,7/31/15,,MK,RMH,300,250,Centered on cell layer,,,69,,,,148D,
ADS,15-148D,3,CA4,yoked to trained,slice photos,,7/31/15,,MK,RMH,300,250,Centered on cell layer,,,74,74,,,148D,
ADQ,15-148D,5,CA4,yoked to trained,slice photos,,7/31/15,,MK,RMH,300,250,Centered on cell layer,,,69,,,,148D,
ADR,15-148D,2,CA4,yoked to trained,slice photos,,7/31/15,,MK,RMH,300,250,Centered on cell layer,,,70,,,,148D,
ADT,15-148D,4,CA4,yoked to trained,slice photos,,7/31/15,,MK,RMH,300,250,Centered on cell layer,,,76,,,,148D,
ACZ,15-148D,3,DG,yoked to trained,slice photos,,7/31/15,,MK,RMH,300,250,Centered on cell layer,,,74,74,,,148D,
ACX,15-148D,1,DG,yoked to trained,slice photos,,7/31/15,,MK,RMH,300,250,Centered on cell layer,,,78,,,,148D,
ACY,15-148D,2,DG,yoked to trained,slice photos,,7/31/15,,MK,RMH,300,250,Centered on cell layer,,,70,,,,148D,
ADA,15-148D,4,DG,yoked to trained,slice photos,,7/31/15,,MK,RMH,300,250,Centered on cell layer,,,76,,,,148D,
ADN,15-148D,5,DG,yoked to trained,slice photos,,7/31/15,,MK,RMH,300,250,Centered on cell layer,,,69,,,,148D,
YA,15-310,2,CA1,,slice photos,,7/29/15,,JMA,RMH,??,250,Centered on cell layer,,,79,,,,310,
XZ,15-310,1,CA1?,,slice photos,,7/29/15,,JMA,RMH,??,250,Centered on cell layer,,,72,,,,310,
YB,15-310,3,CA1?,,slice photos,,7/29/15,,JMA,RMH,??,250,Centered on cell layer,,,,,,,310,
XY,15-310,3,CA2,,slice photos,,7/29/15,,JMA,RMH,??,250,Centered on cell layer,,,78,78,,,310,
XW,15-310,1,CA2,,slice photos,,7/29/15,,JMA,RMH,??,250,Centered on cell layer,,,72,,,,310,
XX,15-310,2,CA2,,slice photos,,7/29/15,,JMA,RMH,??,250,Centered on cell layer,,,79,,,,310,
XV,15-310,3,CA3,,slice photos,,7/29/15,,JMA,RMH,??,250,Centered on cell layer,,,78,78,,,310,
XT,15-310,1,CA3,,slice photos,,7/29/15,,JMA,RMH,??,250,Centered on cell layer,,,72,,,,310,
XU,15-310,2,CA3,,slice photos,,7/29/15,,JMA,RMH,??,250,Centered on cell layer,,,79,,,,310,
YH,15-310,3,CA4,,slice photos,,7/29/15,,JMA,RMH,??,250,Centered on cell layer,,,78,78,,,310,
YF,15-310,1,CA4,,slice photos,,7/29/15,,JMA,RMH,??,250,Centered on cell layer,,,72,,,,310,
YG,15-310,2,CA4,,slice photos,,7/29/15,,JMA,RMH,??,250,Centered on cell layer,,,79,,,,310,
YE,15-310,3,DG,,slice photos,,7/29/15,,JMA,RMH,??,250,Centered on cell layer,,,78,78,,,310,
YC,15-310,1,DG,,slice photos,,7/29/15,,JMA,RMH,??,250,Centered on cell layer,,,72,,,,310,
YD,15-310,2,DG,,slice photos,,7/29/15,,JMA,RMH,??,250,Centered on cell layer,,,79,,,,310,
VI,15-321,1,CA1,,slice photos,"very ventral,",7/27/15,,JMA,RMH,??,250,Centered on cell layer,,,87,87,,,321,
VH,15-321,2,CA1,,,"very ventral,",7/27/15,,JMA,RMH,??,250,Centered on cell layer,,,88,,,,321,
VG,15-321,2,DG,,slice photos,"very ventral, 2 punches, part of first lost",7/27/15,,JMA,RMH,??,250,Centered on cell layer,,,87,87,,,321,
VF,15-321,1,DG,,,"very ventral,",7/27/15,,JMA,RMH,??,250,Centered on cell layer,,,88,,,,321,
AAE,15-331,1,CA1,,slice photos,,7/30/15,,JMA,RMH,??,250,Centered on cell layer,,,78,,,,331,
AAF,15-331,2,CA1,,slice photos,,7/30/15,,JMA,RMH,??,250,Centered on cell layer,,,73,,,,331,
AAG,15-331,3,CA1,,slice photos,,7/30/15,,JMA,RMH,??,250,Centered on cell layer,,,79,,,,331,
AAN,15-331,1,CA2,,slice photos,,7/30/15,,JMA,RMH,??,250,Centered on cell layer,,,78,78,,,331,
AAO,15-331,2,CA2,,slice photos,,7/30/15,,JMA,RMH,??,250,Centered on cell layer,,,73,,,,331,
AAP,15-331,3,CA2,,slice photos,,7/30/15,,JMA,RMH,??,250,Centered on cell layer,,,79,,,,331,
AAK,15-331,1,CA3,,slice photos,,7/30/15,,JMA,RMH,??,250,Centered on cell layer,,,78,78,,,331,
AAL,15-331,2,CA3,,slice photos,,7/30/15,,JMA,RMH,??,250,Centered on cell layer,,,73,,,,331,
AAM,15-331,3,CA3,,slice photos,,7/30/15,,JMA,RMH,??,250,Centered on cell layer,,,79,,,,331,
AAQ,15-331,1,CA4,,slice photos,,7/30/15,,JMA,RMH,??,250,Centered on cell layer,,,78,78,,,331,
AAR,15-331,2,CA4,,slice photos,,7/30/15,,JMA,RMH,??,250,Centered on cell layer,,,73,,,,331,
AAS,15-331,3,CA4,,slice photos,,7/30/15,,JMA,RMH,??,250,Centered on cell layer,,,79,,,,331,
AAH,15-331,1,DG,,slice photos,,7/30/15,,JMA,RMH,??,250,Centered on cell layer,,,78,78,,,331,
AAI,15-331,2,DG,,slice photos,,7/30/15,,JMA,RMH,??,250,Centered on cell layer,,,73,,,,331,
AAJ,15-331,3,DG,,slice photos,,7/30/15,,JMA,RMH,??,250,Centered on cell layer,,,79,,,,331,
,,,,,,,,,,,,,,,,,,,,,
,,,,,,,,,,,,,,,,,,,,,
,,,,,,,,,,,,,,,,,,,,,
,,,,,,,,,,,,,,,,,,,,,
,,,,,,,,,,,,,,,,,,,,,
,,,,,,,,,,,,,,,,,,,,,
,,,,,,,,,,,,,,,,,,,,,
,,,,,,,,,,,,,,,,,,,,,
,,,,,,,,,,,,,,,,,,,,,
,,,,,,,,,,,,,,,,,,,,,
,,,,,,,,,,,,,,,,,,,,,
,,,,,,,,,,,,,,,,,,,,,