"ID","Genotype","APA","Year","TrainSessionCombo","NumEntrances","NumShock","TimeTarget","Time1stEntr","Time1stShock","entranceshockequal","firstentranceshockequal"
"15140C","WT","trained_trained","2015","T6_C3",0,0,0,599.97,599.97,"equal","equal"
"15142C","WT","trained_trained","2015","T4_C1",0,0,0,599.97,599.97,"equal","equal"
"15142C","WT","trained_trained","2015","T5_C2",0,0,0,599.97,599.97,"equal","equal"
"15142C","WT","trained_trained","2015","T6_C3",0,0,0,599.97,599.97,"equal","equal"
"15143C","WT","trained_trained","2015","T4_C1",0,0,0,599.97,599.97,"equal","equal"
"15143C","WT","trained_trained","2015","T6_C3",0,0,0,599.97,599.97,"equal","equal"
"15144C","WT","trained_trained","2015","T5_C2",0,0,0,599.97,599.97,"equal","equal"
"15144C","WT","trained_trained","2015","Retention",0,0,0,599.97,599.97,"equal","equal"
"15147C","WT","trained_trained","2015","T6_C3",0,0,0,599.97,599.97,"equal","equal"
"15145A","WT","trained_conflict","2015","Retention",0,0,0,600,600,"equal","equal"
"15146A","WT","trained_conflict","2015","Retention",0,0,0,599.97,599.97,"equal","equal"
"15148A","WT","trained_conflict","2015","Retest",0,0,0,599.97,599.97,"equal","equal"
"16-123A","WT","trained_trained","2016","T+_C+",0,0,0,600,600,"equal","equal"
"16-357C","WT","trained_trained","2016","T6_C3",0,0,0,600,600,"equal","equal"
"16-116A","FMR1-KO","trained_trained","2016","T6_C3",0,0,0,599.97,599.97,"equal","equal"
"16-118B","FMR1-KO","trained_trained","2016","T4_C1",0,0,0,600,600,"equal","equal"
"16-118B","FMR1-KO","trained_trained","2016","T5_C2",0,0,0,599.97,599.97,"equal","equal"
"16-118B","FMR1-KO","trained_trained","2016","T6_C3",0,0,0,599.97,599.97,"equal","equal"
"16-121D","FMR1-KO","trained_conflict","2016","T6_C3",0,0,0.033,599.97,599.97,"equal","equal"
"15144A","WT","trained_conflict","2015","Retention",0,0,0.034,599.97,599.97,"equal","equal"
"16-118C","FMR1-KO","trained_conflict","2016","T6_C3",0,0,0.066,599.97,599.97,"equal","equal"
"15142A","WT","trained_conflict","2015","Retest",0,0,0.067,599.97,599.97,"equal","equal"
"15140C","WT","trained_trained","2015","Retention",0,0,0.833,599.97,599.97,"equal","equal"
"16-357D","WT","yoked_conflict","2016","T2",0,0,37.466,599.97,599.97,"equal","equal"
"16-357D","WT","yoked_conflict","2016","T1",0,0,45.632,599.97,599.97,"equal","equal"
"16-357A","WT","yoked_trained","2016","Retest",0,0,52.071,599.97,599.97,"equal","equal"
"16-357A","WT","yoked_trained","2016","T4_C1",0,0,62.135,599.97,599.97,"equal","equal"
"16-357D","WT","yoked_conflict","2016","Retest",0,0,64.001,599.97,599.97,"equal","equal"
"16-357D","WT","yoked_conflict","2016","T3",0,0,73.465,599.97,599.97,"equal","equal"
"16-357A","WT","yoked_trained","2016","T1",0,0,74.799,599.97,599.97,"equal","equal"
"16-357A","WT","yoked_trained","2016","T6_C3",0,0,76.131,599.97,599.97,"equal","equal"
"16-357B","WT","yoked_trained","2016","T6_C3",0,0,79.933,599.97,599.97,"equal","equal"
"16-357B","WT","yoked_trained","2016","T4_C1",0,0,85.501,599.97,599.97,"equal","equal"
"16-357A","WT","yoked_trained","2016","T2",0,0,87.734,599.97,599.97,"equal","equal"
"16-357A","WT","yoked_trained","2016","T5_C2",0,0,92.602,599.97,599.97,"equal","equal"
"16-357A","WT","yoked_trained","2016","T3",0,0,98.032,599.97,599.97,"equal","equal"
"16-357B","WT","yoked_trained","2016","T2",0,0,100.001,599.97,599.97,"equal","equal"
"16-357B","WT","yoked_trained","2016","Retest",0,0,100.101,599.97,599.97,"equal","equal"
"16-357B","WT","yoked_trained","2016","T3",0,0,111.799,599.97,599.97,"equal","equal"
"16-357B","WT","yoked_trained","2016","T5_C2",0,0,113.499,599.97,599.97,"equal","equal"
"16-357D","WT","yoked_conflict","2016","T5_C2",0,0,113.533,599.97,599.97,"equal","equal"
"16-357D","WT","yoked_conflict","2016","T6_C3",0,0,113.831,599.97,599.97,"equal","equal"
"16-357B","WT","yoked_trained","2016","T1",0,0,118.435,599.97,599.97,"equal","equal"
"16-357D","WT","yoked_conflict","2016","T4_C1",0,0,144.732,599.97,599.97,"equal","equal"
"15146A","WT","trained_conflict","2015","Retest",1,1,0.533,400.37,400.37,"equal","equal"
"15147A","WT","trained_conflict","2015","T3",1,1,0.533,180.6,180.6,"equal","equal"
"15146C","WT","trained_trained","2015","T3",1,1,0.6,526.87,526.87,"equal","equal"
"15147C","WT","trained_trained","2015","Retest",1,1,0.6,433.5,433.5,"equal","equal"
"15148A","WT","trained_conflict","2015","T3",1,1,0.6,69.07,69.07,"equal","equal"
"16-124A","WT","trained_trained","2016","T5_C2",1,1,0.6,385.53,385.53,"equal","equal"
"15143A","WT","trained_conflict","2015","T3",1,1,0.633,585.8,585.8,"equal","equal"
"15145A","WT","trained_conflict","2015","T3",1,1,0.633,324.37,324.37,"equal","equal"
"16-119A","FMR1-KO","trained_trained","2016","T6_C3",1,1,0.633,410.23,410.23,"equal","equal"
"15146A","WT","trained_conflict","2015","T5_C2",1,1,0.634,542.4,542.4,"equal","equal"
"16-116A","FMR1-KO","trained_trained","2016","T4_C1",1,1,0.634,74.2,74.2,"equal","equal"
"16-121B","FMR1-KO","trained_trained","2016","T6_C3",1,1,0.634,570.7,570.7,"equal","equal"
"15144C","WT","trained_trained","2015","T6_C3",1,1,0.667,46.53,46.53,"equal","equal"
"15142A","WT","trained_conflict","2015","T+_C+",1,1,0.667,353.27,353.27,"equal","equal"
"15142C","WT","trained_trained","2015","T2",1,1,0.7,454.63,454.63,"equal","equal"
"16-118B","FMR1-KO","trained_trained","2016","T2",1,1,0.7,462.57,462.57,"equal","equal"
"16-121C","FMR1-KO","trained_conflict","2016","Retest",1,1,0.7,579.67,579.67,"equal","equal"
"15142C","WT","trained_trained","2015","Retest",1,1,0.701,148.13,148.13,"equal","equal"
"15143C","WT","trained_trained","2015","T3",1,1,0.733,306.87,306.87,"equal","equal"
"16-116A","FMR1-KO","trained_trained","2016","T5_C2",1,1,0.733,380.93,380.93,"equal","equal"
"15142C","WT","trained_trained","2015","T3",1,1,0.767,64.83,64.83,"equal","equal"
"15146C","WT","trained_trained","2015","T2",1,1,0.767,327.4,327.4,"equal","equal"
"16-120A","FMR1-KO","trained_trained","2016","T6_C3",1,1,0.767,99.9,99.9,"equal","equal"
"15147C","WT","trained_trained","2015","T5_C2",1,1,0.866,91.23,91.23,"equal","equal"
"16-116C","FMR1-KO","trained_conflict","2016","T+_C+",1,1,0.867,378.5,378.5,"equal","equal"
"15143A","WT","trained_conflict","2015","T6_C3",1,1,0.9,487.9,487.9,"equal","equal"
"16-123C","WT","trained_conflict","2016","Retention",1,1,0.9,248.2,248.2,"equal","equal"
"15146A","WT","trained_conflict","2015","T3",1,1,0.901,473.43,473.43,"equal","equal"
"15144C","WT","trained_trained","2015","Retest",1,1,0.934,593.9,593.9,"equal","equal"
"15144A","WT","trained_conflict","2015","T6_C3",1,1,0.934,388.47,388.47,"equal","equal"
"15148A","WT","trained_conflict","2015","T2",1,1,0.999,454.03,454.03,"equal","equal"
"16-119A","FMR1-KO","trained_trained","2016","T5_C2",1,1,1.033,84.33,84.33,"equal","equal"
"16-124A","WT","trained_trained","2016","Retest",1,1,1.034,324.3,324.3,"equal","equal"
"15147C","WT","trained_trained","2015","T3",1,1,1.067,445.53,445.53,"equal","equal"
"15140A","WT","trained_conflict","2015","Retest",1,1,1.067,432.07,432.07,"equal","equal"
"15146A","WT","trained_conflict","2015","T6_C3",1,1,1.133,372.7,372.7,"equal","equal"
"16-117A","FMR1-KO","trained_trained","2016","T+_C+",1,1,1.133,475.3,475.3,"equal","equal"
"15143C","WT","trained_trained","2015","T5_C2",1,1,1.233,18.77,18.77,"equal","equal"
"15142C","WT","trained_trained","2015","T+_C+",1,1,1.234,317.13,317.13,"equal","equal"
"15144A","WT","trained_conflict","2015","T3",1,1,1.3,400.93,400.93,"equal","equal"
"15144A","WT","trained_conflict","2015","Retest",1,1,1.3,375.97,375.97,"equal","equal"
"16-117A","FMR1-KO","trained_trained","2016","T6_C3",1,1,1.333,374.93,374.93,"equal","equal"
"16-118B","FMR1-KO","trained_trained","2016","Retest",1,1,1.334,347.03,347.03,"equal","equal"
"15144C","WT","trained_trained","2015","T+_C+",1,1,1.433,504.63,504.63,"equal","equal"
"16-357C","WT","trained_trained","2016","T3",1,1,1.5,578.33,578.33,"equal","equal"
"15143C","WT","trained_trained","2015","Retention",1,1,1.633,516.47,516.47,"equal","equal"
"16-118B","FMR1-KO","trained_trained","2016","Retention",1,1,1.866,478.47,478.47,"equal","equal"
"16-119A","FMR1-KO","trained_trained","2016","Retention",1,1,1.867,442.87,442.87,"equal","equal"
"16-118C","FMR1-KO","trained_conflict","2016","T2",1,2,2.233,430.8,430.8,"not equal","equal"
"16-124C","WT","trained_conflict","2016","Retest",1,2,3.1,167.53,167.53,"not equal","equal"
"15147C","WT","trained_trained","2015","T2",2,2,1.267,82.37,82.37,"equal","equal"
"16-119A","FMR1-KO","trained_trained","2016","T4_C1",2,2,1.267,113.4,113.4,"equal","equal"
"15143A","WT","trained_conflict","2015","Retest",2,2,1.299,98.2,98.2,"equal","equal"
"15143C","WT","trained_trained","2015","Retest",2,2,1.3,275.53,275.53,"equal","equal"
"16-125A","WT","trained_trained","2016","T+_C+",2,2,1.3,46.47,46.47,"equal","equal"
"16-120A","FMR1-KO","trained_trained","2016","T3",2,2,1.3,29.33,29.33,"equal","equal"
"15144C","WT","trained_trained","2015","T3",2,2,1.4,28.97,28.97,"equal","equal"
"15147C","WT","trained_trained","2015","T4_C1",2,2,1.4,297.17,297.17,"equal","equal"
"16-121A","FMR1-KO","yoked_trained","2016","T2",2,2,1.433,25.8,25.8,"equal","equal"
"16-117C","FMR1-KO","trained_conflict","2016","T6_C3",2,2,1.433,82.87,82.87,"equal","equal"
"16-125A","WT","trained_trained","2016","T6_C3",2,2,1.533,46,46,"equal","equal"
"16-116C","FMR1-KO","trained_conflict","2016","T3",2,2,1.533,57.43,57.43,"equal","equal"
"16-121C","FMR1-KO","trained_conflict","2016","T5_C2",2,2,1.599,206.43,206.43,"equal","equal"
"15140A","WT","trained_conflict","2015","T6_C3",2,2,1.633,428.83,428.83,"equal","equal"
"16-120A","FMR1-KO","trained_trained","2016","T4_C1",2,2,1.633,0.53,0.53,"equal","equal"
"16-120C","FMR1-KO","trained_conflict","2016","Retest",2,2,1.634,380.9,380.9,"equal","equal"
"16-117A","FMR1-KO","trained_trained","2016","T5_C2",2,2,1.666,23.77,23.77,"equal","equal"
"16-121C","FMR1-KO","trained_conflict","2016","T3",2,2,1.666,102.6,102.6,"equal","equal"
"16-119C","FMR1-KO","trained_conflict","2016","T2",2,2,1.801,200.97,200.97,"equal","equal"
"16-124A","WT","trained_trained","2016","T6_C3",2,2,1.834,107.5,107.5,"equal","equal"
"16-120A","FMR1-KO","trained_trained","2016","T5_C2",2,2,1.835,423.17,423.17,"equal","equal"
"16-119C","FMR1-KO","trained_conflict","2016","T6_C3",2,2,1.867,362.8,362.8,"equal","equal"
"16-116C","FMR1-KO","trained_conflict","2016","T6_C3",2,2,1.932,0.53,0.53,"equal","equal"
"16-121C","FMR1-KO","trained_conflict","2016","T6_C3",2,2,1.933,328.13,328.13,"equal","equal"
"16-116C","FMR1-KO","trained_conflict","2016","T+_C+",2,2,1.967,234.1,234.1,"equal","equal"
"16-125D","WT","trained_conflict","2016","T5_C2",2,2,1.999,0.53,0.53,"equal","equal"
"16-125D","WT","trained_conflict","2016","Retest",2,2,2.001,97.7,97.7,"equal","equal"
"15143A","WT","trained_conflict","2015","T5_C2",2,2,2.1,278.13,278.13,"equal","equal"
"16-120C","FMR1-KO","trained_conflict","2016","T3",2,2,2.134,46.63,46.63,"equal","equal"
"16-116C","FMR1-KO","trained_conflict","2016","Retest",2,2,2.2,125.43,125.43,"equal","equal"
"16-124A","WT","trained_trained","2016","T3",2,2,2.233,34.67,34.67,"equal","equal"
"16-117A","FMR1-KO","trained_trained","2016","T4_C1",2,2,2.334,66.53,66.53,"equal","equal"
"15146A","WT","trained_conflict","2015","T2",2,2,2.369,8.47,8.47,"equal","equal"
"15142A","WT","trained_conflict","2015","T3",2,2,2.798,94.27,94.27,"equal","equal"
"16-121D","FMR1-KO","trained_conflict","2016","T5_C2",2,2,2.867,115.1,115.1,"equal","equal"
"16-119D","FMR1-KO","trained_conflict","2016","Retention",2,2,3.067,547.87,547.87,"equal","equal"
"16-116C","FMR1-KO","trained_conflict","2016","T+_C+",2,2,3.199,379.93,379.93,"equal","equal"
"16-119D","FMR1-KO","trained_conflict","2016","T3",2,2,3.801,45.03,45.03,"equal","equal"
"15145A","WT","trained_conflict","2015","T2",2,2,3.867,51.63,51.63,"equal","equal"
"15140A","WT","trained_conflict","2015","T2",2,3,3.366,118.37,118.37,"not equal","equal"
"15144C","WT","trained_trained","2015","T4_C1",2,3,4.601,249.4,249.4,"not equal","equal"
"15140C","WT","trained_trained","2015","T+_C+",2,3,4.934,201.37,201.37,"not equal","equal"
"16-118B","FMR1-KO","trained_trained","2016","T3",2,4,5.4,458.17,458.17,"not equal","equal"
"15146C","WT","trained_trained","2015","Retention",2,4,11.1,83.33,83.33,"not equal","equal"
"15147C","WT","trained_trained","2015","Retention",2,5,11.399,492.5,492.5,"not equal","equal"
"15146C","WT","trained_trained","2015","Retest",3,3,1.8,273.37,273.37,"equal","equal"
"15148C","WT","trained_conflict","2015","T2",3,3,1.968,46.07,46.07,"equal","equal"
"16-124C","WT","trained_conflict","2016","T4_C1",3,3,2.001,74.97,74.97,"equal","equal"
"16-357C","WT","trained_trained","2016","T5_C2",3,3,2.133,91.47,91.47,"equal","equal"
"16-119C","FMR1-KO","trained_conflict","2016","Retest",3,3,2.167,174.8,174.8,"equal","equal"
"15143A","WT","trained_conflict","2015","T2",3,3,2.301,27,27,"equal","equal"
"16-124C","WT","trained_conflict","2016","T2",3,3,2.332,19.93,19.93,"equal","equal"
"16-121D","FMR1-KO","trained_conflict","2016","Retest",3,3,2.333,87.9,87.9,"equal","equal"
"16-124C","WT","trained_conflict","2016","T3",3,3,2.366,19.27,19.27,"equal","equal"
"16-122C","WT","trained_conflict","2016","T6_C3",3,3,2.401,79.53,79.53,"equal","equal"
"15147A","WT","trained_conflict","2015","T2",3,3,2.433,26.77,26.77,"equal","equal"
"15140A","WT","trained_conflict","2015","T3",3,3,2.498,256.53,256.53,"equal","equal"
"15143C","WT","trained_trained","2015","T2",3,3,2.499,25.37,25.37,"equal","equal"
"16-118C","FMR1-KO","trained_conflict","2016","T5_C2",3,3,2.566,32.17,32.17,"equal","equal"
"15144A","WT","trained_conflict","2015","T5_C2",3,3,2.567,48.6,48.6,"equal","equal"
"16-116A","FMR1-KO","trained_trained","2016","T3",3,3,2.601,7.6,7.6,"equal","equal"
"16-123C","WT","trained_conflict","2016","T+_C+",3,3,2.633,408.67,408.67,"equal","equal"
"16-119D","FMR1-KO","trained_conflict","2016","Retest",3,3,2.665,13.33,13.33,"equal","equal"
"16-123C","WT","trained_conflict","2016","T+_C+",3,3,2.768,353.3,353.3,"equal","equal"
"16-119C","FMR1-KO","trained_conflict","2016","T5_C2",3,3,2.866,23.2,23.2,"equal","equal"
"15142A","WT","trained_conflict","2015","T6_C3",3,3,2.867,322.7,322.7,"equal","equal"
"16-121B","FMR1-KO","trained_trained","2016","T5_C2",3,3,2.933,241.93,241.93,"equal","equal"
"15144C","WT","trained_trained","2015","T2",3,3,2.965,57.33,57.33,"equal","equal"
"16-122A","WT","trained_trained","2016","T5_C2",3,3,3.034,37.3,37.3,"equal","equal"
"15142A","WT","trained_conflict","2015","T5_C2",3,3,3.067,5.1,5.1,"equal","equal"
"16-124B","WT","trained_trained","2016","T3",3,3,3.1,15.27,15.27,"equal","equal"
"16-357C","WT","trained_trained","2016","Retest",3,3,3.134,243.5,243.5,"equal","equal"
"16-123A","WT","trained_trained","2016","Retest",3,3,3.633,13.33,13.33,"equal","equal"
"16-125D","WT","trained_conflict","2016","T6_C3",3,3,3.968,102.23,102.23,"equal","equal"
"15140C","WT","trained_trained","2015","T4_C1",3,3,4.5,257.83,257.83,"equal","equal"
"16-123C","WT","trained_conflict","2016","T5_C2",3,3,5.001,412.03,412.03,"equal","equal"
"15142A","WT","trained_conflict","2015","T2",3,4,4.434,8.17,8.17,"not equal","equal"
"16-122A","WT","trained_trained","2016","T6_C3",3,4,5.067,188.6,188.6,"not equal","equal"
"16-117A","FMR1-KO","trained_trained","2016","Retest",3,4,5.368,169.5,169.5,"not equal","equal"
"16-118C","FMR1-KO","trained_conflict","2016","Retention",3,4,5.999,131.73,131.73,"not equal","equal"
"16-357C","WT","trained_trained","2016","Retention",3,4,7,460.17,460.17,"not equal","equal"
"16-357C","WT","trained_trained","2016","T4_C1",3,6,8.834,7.8,7.8,"not equal","equal"
"15142A","WT","trained_conflict","2015","Retention",3,6,11.268,140.2,140.2,"not equal","equal"
"15142C","WT","trained_trained","2015","Retention",3,8,18.1,482.43,482.43,"not equal","equal"
"16-122C","WT","trained_conflict","2016","Retention",3,14,27.135,196.97,196.97,"not equal","equal"
"15142B","WT","yoked_conflict","2015","T2",3,16,32.301,11.73,11.73,"not equal","equal"
"15148C","WT","trained_conflict","2015","Retest",4,4,2.932,226.2,226.2,"equal","equal"
"16-121B","FMR1-KO","trained_trained","2016","Retest",4,4,2.967,97.77,97.77,"equal","equal"
"16-119C","FMR1-KO","trained_conflict","2016","T3",4,4,3.099,39.53,39.53,"equal","equal"
"15147C","WT","trained_trained","2015","T1",4,4,3.167,13.13,13.13,"equal","equal"
"16-120A","FMR1-KO","trained_trained","2016","T2",4,4,3.333,33,33,"equal","equal"
"16-121B","FMR1-KO","trained_trained","2016","T3",4,4,3.433,82.53,82.53,"equal","equal"
"16-124A","WT","trained_trained","2016","T4_C1",4,4,3.468,40.1,40.1,"equal","equal"
"15145A","WT","trained_conflict","2015","T5_C2",4,4,3.534,102.37,102.37,"equal","equal"
"15146C","WT","trained_trained","2015","T5_C2",4,4,3.633,24.37,24.37,"equal","equal"
"16-125D","WT","trained_conflict","2016","T3",4,4,3.967,45.8,45.8,"equal","equal"
"16-117D","FMR1-KO","trained_conflict","2016","Retest",4,4,4.134,176.9,176.9,"equal","equal"
"15144A","WT","trained_conflict","2015","T2",4,4,4.2,7.7,7.7,"equal","equal"
"16-117D","FMR1-KO","trained_conflict","2016","T6_C3",4,4,4.7,84.5,84.5,"equal","equal"
"15145A","WT","trained_conflict","2015","T6_C3",4,4,5.834,183.37,183.37,"equal","equal"
"15145C","WT","trained_trained","2015","T4_C1",4,5,4.599,135.2,135.2,"not equal","equal"
"16-124A","WT","trained_trained","2016","T2",4,5,7.833,15.2,15.2,"not equal","equal"
"16-118D","FMR1-KO","yoked_conflict","2016","Retest",4,5,10.8,124,124,"not equal","equal"
"16-117D","FMR1-KO","trained_conflict","2016","T3",4,6,6.498,30.63,30.63,"not equal","equal"
"16-122C","WT","trained_conflict","2016","T5_C2",4,6,9.236,177.27,177.27,"not equal","equal"
"16-121D","FMR1-KO","trained_conflict","2016","T4_C1",4,6,9.268,113.23,113.23,"not equal","equal"
"16-124A","WT","trained_trained","2016","Retention",4,6,10.7,289.83,289.83,"not equal","equal"
"16-125A","WT","trained_trained","2016","T2",4,7,10.334,24.63,24.63,"not equal","equal"
"15140A","WT","trained_conflict","2015","Retention",4,9,16.466,102.43,102.43,"not equal","equal"
"16-121C","FMR1-KO","trained_conflict","2016","Retention",4,13,23.632,104.27,104.27,"not equal","equal"
"16-118C","FMR1-KO","trained_conflict","2016","T1",5,5,3.632,9.43,9.43,"equal","equal"
"15147A","WT","trained_conflict","2015","Retest",5,5,3.667,47.77,47.77,"equal","equal"
"16-357C","WT","trained_trained","2016","T2",5,5,3.933,20.7,20.7,"equal","equal"
"16-119D","FMR1-KO","trained_conflict","2016","T1",5,5,4.235,12.3,12.3,"equal","equal"
"16-119D","FMR1-KO","trained_conflict","2016","T2",5,5,4.467,10.3,10.3,"equal","equal"
"16-119A","FMR1-KO","trained_trained","2016","Retest",5,5,4.632,111.77,111.77,"equal","equal"
"15146C","WT","trained_trained","2015","T1",5,5,4.668,5.63,5.63,"equal","equal"
"15147A","WT","trained_conflict","2015","T5_C2",5,5,4.965,13.63,13.63,"equal","equal"
"16-123A","WT","trained_trained","2016","T+_C+",5,5,4.967,5.27,5.27,"equal","equal"
"15142C","WT","trained_trained","2015","T1",5,5,4.998,5.43,5.43,"equal","equal"
"15145C","WT","trained_trained","2015","T3",5,5,5.033,18.03,18.03,"equal","equal"
"16-125D","WT","trained_conflict","2016","T2",5,5,5.168,10.6,10.6,"equal","equal"
"15148A","WT","trained_conflict","2015","T5_C2",5,5,5.201,6.83,6.83,"equal","equal"
"16-116C","FMR1-KO","trained_conflict","2016","T2",5,5,5.301,43.97,43.97,"equal","equal"
"16-123A","WT","trained_trained","2016","T5_C2",5,5,5.367,55.13,55.13,"equal","equal"
"16-122A","WT","trained_trained","2016","T4_C1",5,5,5.667,31.47,31.47,"equal","equal"
"16-120C","FMR1-KO","trained_conflict","2016","T2",5,5,6.1,57,57,"equal","equal"
"15147A","WT","trained_conflict","2015","T1",5,6,6.132,4.33,4.33,"not equal","equal"
"15140A","WT","trained_conflict","2015","T5_C2",5,6,7.334,170.4,170.4,"not equal","equal"
"15145C","WT","trained_trained","2015","Retest",5,6,7.368,28,28,"not equal","equal"
"16-116C","FMR1-KO","trained_conflict","2016","T5_C2",5,6,7.498,2.2,2.2,"not equal","equal"
"16-117A","FMR1-KO","trained_trained","2016","T3",5,7,8.067,64.37,64.37,"not equal","equal"
"16-120C","FMR1-KO","trained_conflict","2016","T6_C3",5,7,12.833,0.53,0.53,"not equal","equal"
"16-117A","FMR1-KO","trained_trained","2016","Retention",5,13,24.934,214.27,214.27,"not equal","equal"
"15142B","WT","yoked_conflict","2015","T3",5,15,33,94.37,94.37,"not equal","equal"
"16-121D","FMR1-KO","trained_conflict","2016","T2",6,6,4.032,56.67,56.67,"equal","equal"
"15145A","WT","trained_conflict","2015","T1",6,6,4.798,17.5,17.5,"equal","equal"
"16-121D","FMR1-KO","trained_conflict","2016","T1",6,6,4.832,9.1,9.1,"equal","equal"
"15145A","WT","trained_conflict","2015","Retest",6,6,4.834,50,50,"equal","equal"
"16-119D","FMR1-KO","trained_conflict","2016","T5_C2",6,6,4.9,213.37,213.37,"equal","equal"
"16-121B","FMR1-KO","trained_trained","2016","T4_C1",6,6,4.965,0.83,0.83,"equal","equal"
"16-123A","WT","trained_trained","2016","T4_C1",6,6,5.131,126.23,126.23,"equal","equal"
"16-119A","FMR1-KO","trained_trained","2016","T3",6,6,5.499,63.97,63.97,"equal","equal"
"15140C","WT","trained_trained","2015","T1",6,6,6.333,1.73,1.73,"equal","equal"
"16-117C","FMR1-KO","trained_conflict","2016","T1",6,6,6.533,59.2,59.2,"equal","equal"
"16-123A","WT","trained_trained","2016","T1",6,6,6.598,7.77,7.77,"equal","equal"
"15141A","WT","trained_conflict","2015","T1",6,6,6.631,2.57,2.57,"equal","equal"
"16-126A","WT","trained_trained","2016","T1",6,6,9.799,6.97,6.97,"equal","equal"
"16-126A","WT","trained_trained","2016","T4_C1",6,6,10.268,13.63,13.63,"equal","equal"
"15145C","WT","trained_trained","2015","T2",6,7,8,14.83,14.83,"not equal","equal"
"15140A","WT","trained_conflict","2015","T1",6,7,8.433,9.83,9.83,"not equal","equal"
"16-119C","FMR1-KO","trained_conflict","2016","T1",6,7,8.464,0.53,0.53,"not equal","equal"
"16-117C","FMR1-KO","trained_conflict","2016","T3",6,7,9.166,59.67,59.67,"not equal","equal"
"16-122C","WT","trained_conflict","2016","T2",6,7,9.767,39.63,39.63,"not equal","equal"
"15140C","WT","trained_trained","2015","T3",6,8,10.334,4.27,4.27,"not equal","equal"
"16-120A","FMR1-KO","trained_trained","2016","Retention",6,12,31.398,244.53,244.53,"not equal","equal"
"16-125A","WT","trained_trained","2016","Retention",6,14,27.632,238.63,238.63,"not equal","equal"
"16-116C","FMR1-KO","trained_conflict","2016","Retention",6,15,25.601,83.9,83.9,"not equal","equal"
"16-126B","WT","yoked_trained","2016","T6_C3",6,17,37.767,33.4,33.4,"not equal","equal"
"15142B","WT","yoked_conflict","2015","Retest",6,17,73.032,88.6,88.6,"not equal","equal"
"16-122A","WT","trained_trained","2016","Retention",6,18,37.101,291.2,291.2,"not equal","equal"
"15141C","WT","trained_trained","2015","T5_C2",7,7,3.901,0.33,0.33,"equal","equal"
"15142A","WT","trained_conflict","2015","T1",7,7,4.668,3.83,3.83,"equal","equal"
"16-121D","FMR1-KO","trained_conflict","2016","T3",7,7,5.133,27.13,27.13,"equal","equal"
"15140C","WT","trained_trained","2015","T2",7,7,5.766,9.8,9.8,"equal","equal"
"16-125C","WT","trained_conflict","2016","T2",7,7,6.235,15.1,15.1,"equal","equal"
"15148C","WT","trained_conflict","2015","T1",7,7,6.666,0.87,0.87,"equal","equal"
"16-120A","FMR1-KO","trained_trained","2016","Retest",7,7,7.134,19.53,19.53,"equal","equal"
"16-120B","FMR1-KO","trained_trained","2016","T3",7,7,7.166,60.97,60.97,"equal","equal"
"16-357C","WT","trained_trained","2016","T1",7,7,7.234,14.13,14.13,"equal","equal"
"15148A","WT","trained_conflict","2015","T1",7,7,7.266,8.73,8.73,"equal","equal"
"15141C","WT","trained_trained","2015","Retest",7,7,8.133,41.17,41.17,"equal","equal"
"16-124B","WT","trained_trained","2016","T2",7,7,8.299,28.3,28.3,"equal","equal"
"15142A","WT","trained_conflict","2015","T4_C1",7,7,8.499,33.77,33.77,"equal","equal"
"16-120B","FMR1-KO","trained_trained","2016","T1",7,8,8.198,0.5,0.5,"not equal","equal"
"16-123A","WT","trained_trained","2016","T3",7,8,9.033,90.07,90.07,"not equal","equal"
"15140C","WT","trained_trained","2015","T5_C2",7,8,9.968,71.33,71.33,"not equal","equal"
"16-118A","FMR1-KO","trained_trained","2016","T6_C3",7,8,10.8,60.63,60.63,"not equal","equal"
"16-122C","WT","trained_conflict","2016","T4_C1",7,9,10.402,5.03,5.03,"not equal","equal"
"16-122A","WT","trained_trained","2016","T2",7,9,13.034,19.47,19.47,"not equal","equal"
"15140C","WT","trained_trained","2015","Retest",7,10,12.901,17.57,17.57,"not equal","equal"
"16-125A","WT","trained_trained","2016","Retest",7,10,18.299,224.3,224.3,"not equal","equal"
"16-120B","FMR1-KO","trained_trained","2016","Retest",7,11,19.565,3.27,3.27,"not equal","equal"
"16-125C","WT","trained_conflict","2016","T6_C3",7,12,18.366,6.97,6.97,"not equal","equal"
"16-119C","FMR1-KO","trained_conflict","2016","Retention",7,12,22.398,314.17,314.17,"not equal","equal"
"16-125A","WT","trained_trained","2016","T3",7,16,27.566,206.63,206.63,"not equal","equal"
"15142B","WT","yoked_conflict","2015","T5_C2",7,16,31.368,1.03,1.03,"not equal","equal"
"16-126B","WT","yoked_trained","2016","T1",7,25,52.768,42.5,42.5,"not equal","equal"
"16-117C","FMR1-KO","trained_conflict","2016","T5_C2",8,8,6.333,8.7,8.7,"equal","equal"
"16-123C","WT","trained_conflict","2016","T4_C1",8,8,7.601,147.67,147.67,"equal","equal"
"16-121C","FMR1-KO","trained_conflict","2016","T2",8,8,7.801,13.1,13.1,"equal","equal"
"15146C","WT","trained_trained","2015","T6_C3",8,8,7.833,62.4,62.4,"equal","equal"
"15141C","WT","trained_trained","2015","T1",8,8,8.001,1.37,1.37,"equal","equal"
"16-117C","FMR1-KO","trained_conflict","2016","T4_C1",8,8,8.269,18.5,18.5,"equal","equal"
"16-117A","FMR1-KO","trained_trained","2016","T1",8,8,8.601,5.17,5.17,"equal","equal"
"16-121A","FMR1-KO","yoked_trained","2016","T1",8,9,8.065,41,41,"not equal","equal"
"16-117D","FMR1-KO","trained_conflict","2016","T5_C2",8,9,8.599,45.33,45.33,"not equal","equal"
"16-116A","FMR1-KO","trained_trained","2016","Retest",8,9,10.732,26.97,26.97,"not equal","equal"
"16-122A","WT","trained_trained","2016","T3",8,9,11.168,52.53,52.53,"not equal","equal"
"16-126A","WT","trained_trained","2016","T2",8,9,14.097,15.7,15.7,"not equal","equal"
"16-117C","FMR1-KO","trained_conflict","2016","T2",8,9,18.202,11.27,11.27,"not equal","equal"
"16-119A","FMR1-KO","trained_trained","2016","T1",8,10,12.565,3.9,3.9,"not equal","equal"
"16-126A","WT","trained_trained","2016","Retention",8,16,28.432,110.43,110.43,"not equal","equal"
"15141C","WT","trained_trained","2015","Retention",8,21,35.798,30.53,30.53,"not equal","equal"
"16-125B","WT","yoked_trained","2016","T2",8,21,48.606,38.37,38.37,"not equal","equal"
"15140D","WT","yoked_trained","2015","T3",8,22,41.531,66.5,66.5,"not equal","equal"
"16-125B","WT","yoked_trained","2016","T5_C2",8,22,46.53,88.3,88.3,"not equal","equal"
"16-123D","WT","yoked_conflict","2016","T5_C2",8,23,42.368,16.87,16.87,"not equal","equal"
"16-123B","WT","yoked_trained","2016","T1",8,24,48.565,16.67,16.67,"not equal","equal"
"15143D","WT","yoked_trained","2015","T2",8,24,54.271,82.33,82.33,"not equal","equal"
"16-124C","WT","trained_conflict","2016","Retention",8,25,49.832,234.6,234.6,"not equal","equal"
"16-122C","WT","trained_conflict","2016","Retention",8,28,57.97,226.77,226.77,"not equal","equal"
"15143A","WT","trained_conflict","2015","Retention",8,33,61.634,44.2,44.2,"not equal","equal"
"15142D","WT","yoked_trained","2015","T5_C2",8,39,77.899,21.1,21.1,"not equal","equal"
"15148A","WT","trained_conflict","2015","T6_C3",9,9,6,54.43,54.43,"equal","equal"
"15145C","WT","trained_trained","2015","T5_C2",9,9,7.2,0.53,0.53,"equal","equal"
"16-119A","FMR1-KO","trained_trained","2016","T2",9,9,7.468,41.43,41.43,"equal","equal"
"15147A","WT","trained_conflict","2015","T6_C3",9,9,7.869,32.03,32.03,"equal","equal"
"16-125C","WT","trained_conflict","2016","T1",9,9,8.233,45.6,45.6,"equal","equal"
"16-119D","FMR1-KO","trained_conflict","2016","T6_C3",9,9,8.334,0.5,0.5,"equal","equal"
"16-116C","FMR1-KO","trained_conflict","2016","T1",9,9,8.602,15.67,15.67,"equal","equal"
"15144C","WT","trained_trained","2015","T1",9,9,8.767,2.8,2.8,"equal","equal"
"16-123C","WT","trained_conflict","2016","T1",9,9,10.366,2.77,2.77,"equal","equal"
"16-125C","WT","trained_conflict","2016","T5_C2",9,10,9.301,0.53,0.53,"not equal","equal"
"16-126A","WT","trained_trained","2016","T6_C3",9,10,10.966,22.03,22.03,"not equal","equal"
"16-124C","WT","trained_conflict","2016","T1",9,10,10.966,15.67,15.67,"not equal","equal"
"16-122C","WT","trained_conflict","2016","T1",9,10,15.4,15.97,15.97,"not equal","equal"
"16-118A","FMR1-KO","trained_trained","2016","T2",9,10,15.766,39.6,39.6,"not equal","equal"
"16-118A","FMR1-KO","trained_trained","2016","T3",9,11,14.902,40,40,"not equal","equal"
"16-116A","FMR1-KO","trained_trained","2016","T2",9,12,12.698,0.53,0.53,"not equal","equal"
"16-125A","WT","trained_trained","2016","T4_C1",9,17,38.631,63.23,63.23,"not equal","equal"
"16-121B","FMR1-KO","trained_trained","2016","Retention",9,21,42.401,411.97,411.97,"not equal","equal"
"16-125B","WT","yoked_trained","2016","T6_C3",9,27,58.83,23.87,23.87,"not equal","equal"
"16-125C","WT","trained_conflict","2016","Retention",9,29,55.565,29.67,29.67,"not equal","equal"
"15140B","WT","yoked_conflict","2015","T2",9,30,57.765,31.1,31.1,"not equal","equal"
"15140B","WT","yoked_conflict","2015","T6_C3",9,32,62.799,61.77,61.77,"not equal","equal"
"15148C","WT","trained_conflict","2015","Retention",9,37,78.035,21.37,21.37,"not equal","equal"
"15141C","WT","trained_trained","2015","T4_C1",10,10,8.064,39.7,39.7,"equal","equal"
"15143A","WT","trained_conflict","2015","T1",10,10,8.202,3.67,3.67,"equal","equal"
"16-123C","WT","trained_conflict","2016","T2",10,10,8.765,0.87,0.87,"equal","equal"
"16-118B","FMR1-KO","trained_trained","2016","T1",10,10,8.8,0.63,0.63,"equal","equal"
"15143C","WT","trained_trained","2015","T1",10,10,9.198,4.13,4.13,"equal","equal"
"15145C","WT","trained_trained","2015","T1",10,10,9.601,2.9,2.9,"equal","equal"
"16-119D","FMR1-KO","trained_conflict","2016","T4_C1",10,10,10.2,16.83,16.83,"equal","equal"
"16-117C","FMR1-KO","trained_conflict","2016","Retest",10,10,11.17,102.13,102.13,"equal","equal"
"16-123C","WT","trained_conflict","2016","T3",10,10,11.533,37.47,37.47,"equal","equal"
"16-118C","FMR1-KO","trained_conflict","2016","Retest",10,10,12.833,12.5,12.5,"equal","equal"
"15141C","WT","trained_trained","2015","T3",10,11,9.433,32,32,"not equal","equal"
"15141A","WT","trained_conflict","2015","T2",10,12,13.567,38.83,38.83,"not equal","equal"
"15140A","WT","trained_conflict","2015","T4_C1",10,13,17.735,0.87,0.87,"not equal","equal"
"16-125C","WT","trained_conflict","2016","T3",10,14,16.834,87.8,87.8,"not equal","equal"
"15147B","WT","yoked_conflict","2015","T4_C1",10,18,37.068,22.73,22.73,"not equal","equal"
"16-119B","FMR1-KO","yoked_trained","2016","T4_C1",10,26,44.332,69.37,69.37,"not equal","equal"
"15145C","WT","trained_trained","2015","Retention",10,28,52.701,68.53,68.53,"not equal","equal"
"16-125B","WT","yoked_trained","2016","Retest",10,29,66.133,94.67,94.67,"not equal","equal"
"16-120D","FMR1-KO","yoked_conflict","2016","T1",10,30,55.367,27.73,27.73,"not equal","equal"
"15144B","WT","yoked_conflict","2015","T2",10,31,60.734,1.57,1.57,"not equal","equal"
"15142B","WT","yoked_conflict","2015","T4_C1",10,31,64.264,9.63,9.63,"not equal","equal"
"15147B","WT","yoked_conflict","2015","Retention",10,32,60.599,19.57,19.57,"not equal","equal"
"16-126B","WT","yoked_trained","2016","T2",10,32,75.002,31.77,31.77,"not equal","equal"
"16-120D","FMR1-KO","yoked_conflict","2016","T3",10,43,82.134,11.17,11.17,"not equal","equal"
"16-117B","FMR1-KO","yoked_trained","2016","T4_C1",10,44,83.935,130.57,130.57,"not equal","equal"
"16-118D","FMR1-KO","yoked_conflict","2016","T1",10,44,86.333,18,18,"not equal","equal"
"16-120B","FMR1-KO","trained_trained","2016","T6_C3",11,11,11.098,34.83,34.83,"equal","equal"
"16-124B","WT","trained_trained","2016","T5_C2",11,11,13.865,49.67,49.67,"equal","equal"
"16-121C","FMR1-KO","trained_conflict","2016","T4_C1",11,12,10.264,0.53,0.53,"not equal","equal"
"16-120A","FMR1-KO","trained_trained","2016","T1",11,12,11.235,9.53,9.53,"not equal","equal"
"16-121C","FMR1-KO","trained_conflict","2016","T1",11,12,12.198,37.97,37.97,"not equal","equal"
"16-122A","WT","trained_trained","2016","T1",11,12,12.599,33.77,33.77,"not equal","equal"
"16-118C","FMR1-KO","trained_conflict","2016","T3",11,12,14.167,39.43,39.43,"not equal","equal"
"16-124B","WT","trained_trained","2016","T6_C3",11,12,14.964,0.53,0.53,"not equal","equal"
"16-124B","WT","trained_trained","2016","T4_C1",11,13,16.1,7.37,7.37,"not equal","equal"
"16-125D","WT","trained_conflict","2016","Retention",11,21,41.701,158.93,120.97,"not equal","not equal"
"16-116A","FMR1-KO","trained_trained","2016","Retention",11,22,47.432,197.6,197.6,"not equal","equal"
"16-116D","FMR1-KO","yoked_conflict","2016","T5_C2",11,24,44.036,0.53,0.53,"not equal","equal"
"16-357A","WT","yoked_trained","2016","Retention",11,24,46.502,190.3,190.3,"not equal","equal"
"15141D","WT","yoked_trained","2015","T3",11,27,57.465,43.47,43.47,"not equal","equal"
"16-119B","FMR1-KO","yoked_trained","2016","T6_C3",11,30,57.666,19.63,19.63,"not equal","equal"
"16-125B","WT","yoked_trained","2016","T3",11,31,59.232,0.53,0.53,"not equal","equal"
"16-121A","FMR1-KO","yoked_trained","2016","T3",11,35,65.596,42,42,"not equal","equal"
"16-117B","FMR1-KO","yoked_trained","2016","Retest",11,39,75.834,28.33,28.33,"not equal","equal"
"15148A","WT","trained_conflict","2015","Retention",11,40,73.8,75.37,75.37,"not equal","equal"
"15146B","WT","yoked_conflict","2015","T6_C3",11,43,85.67,0.53,0.53,"not equal","equal"
"15146B","WT","yoked_conflict","2015","Retention",11,43,86,16.8,16.8,"not equal","equal"
"15147B","WT","yoked_conflict","2015","T6_C3",11,44,83.533,62.93,62.93,"not equal","equal"
"15148B","WT","yoked_conflict","2015","Retention",11,44,89.331,45.93,45.93,"not equal","equal"
"16-117B","FMR1-KO","yoked_trained","2016","T1",11,47,89.433,7.23,7.23,"not equal","equal"
"16-122B","WT","yoked_trained","2016","T1",11,50,91.334,40.33,40.33,"not equal","equal"
"15147D","WT","yoked_trained","2015","T5_C2",11,50,103.302,11.23,11.23,"not equal","equal"
"15147D","WT","yoked_trained","2015","T6_C3",11,51,97.565,30.03,30.03,"not equal","equal"
"15146B","WT","yoked_conflict","2015","T5_C2",11,63,121.667,0.57,0.57,"not equal","equal"
"15141C","WT","trained_trained","2015","T6_C3",12,12,6,3.13,3.13,"equal","equal"
"15144A","WT","trained_conflict","2015","T1",12,12,9.498,7.97,7.97,"equal","equal"
"16-125C","WT","trained_conflict","2016","T4_C1",12,13,12.1,15.77,15.77,"not equal","equal"
"16-124B","WT","trained_trained","2016","Retest",12,13,15.201,12.17,12.17,"not equal","equal"
"15143A","WT","trained_conflict","2015","T4_C1",12,14,16.098,0.5,0.5,"not equal","equal"
"16-124A","WT","trained_trained","2016","T1",12,15,17.399,6.27,6.27,"not equal","equal"
"15148C","WT","trained_conflict","2015","T3",12,15,18.833,18.5,18.5,"not equal","equal"
"16-120C","FMR1-KO","trained_conflict","2016","T1",12,17,22.5,5.87,5.87,"not equal","equal"
"16-123A","WT","trained_trained","2016","T6_C3",12,17,22.768,50.87,50.87,"not equal","equal"
"16-120B","FMR1-KO","trained_trained","2016","T4_C1",12,17,24.6,5.8,5.8,"not equal","equal"
"16-118A","FMR1-KO","trained_trained","2016","T1",12,25,40.667,1.9,1.9,"not equal","equal"
"15146D","WT","yoked_trained","2015","T4_C1",12,25,54.497,46.2,46.2,"not equal","equal"
"16-117B","FMR1-KO","yoked_trained","2016","T2",12,28,53.668,114.03,114.03,"not equal","equal"
"16-117D","FMR1-KO","trained_conflict","2016","Retention",12,30,57.736,40.57,40.57,"not equal","equal"
"15140D","WT","yoked_trained","2015","T2",12,32,55.268,33.7,33.7,"not equal","equal"
"16-119B","FMR1-KO","yoked_trained","2016","Retest",12,32,61.933,20.37,20.37,"not equal","equal"
"15140B","WT","yoked_conflict","2015","Retention",12,33,59.036,65.8,65.8,"not equal","equal"
"16-120D","FMR1-KO","yoked_conflict","2016","Retest",12,35,64.532,36.9,36.9,"not equal","equal"
"15143B","WT","yoked_conflict","2015","T4_C1",12,35,66.133,44.8,44.8,"not equal","equal"
"16-123D","WT","yoked_conflict","2016","Retention",12,36,75.467,16.63,16.63,"not equal","equal"
"16-120D","FMR1-KO","yoked_conflict","2016","T2",12,37,69.366,12.07,12.07,"not equal","equal"
"16-125A","WT","trained_trained","2016","T1",12,37,74.77,103.43,103.43,"not equal","equal"
"16-118D","FMR1-KO","yoked_conflict","2016","T2",12,38,73.298,40.87,40.87,"not equal","equal"
"15142B","WT","yoked_conflict","2015","Retention",12,38,77.468,157.7,157.7,"not equal","equal"
"15142D","WT","yoked_trained","2015","T1",12,38,97.802,58.43,58.43,"not equal","equal"
"16-126A","WT","trained_trained","2016","Retention",12,39,73.571,3.33,3.33,"not equal","equal"
"15146D","WT","yoked_trained","2015","T5_C2",12,43,85.434,12.07,12.07,"not equal","equal"
"15142D","WT","yoked_trained","2015","T4_C1",12,47,90.399,54.77,54.77,"not equal","equal"
"15146B","WT","yoked_conflict","2015","T3",12,47,96.832,29.87,29.87,"not equal","equal"
"15146D","WT","yoked_trained","2015","T3",12,47,99.1,33.03,33.03,"not equal","equal"
"16-117B","FMR1-KO","yoked_trained","2016","T6_C3",12,49,93.1,0.53,0.53,"not equal","equal"
"15146D","WT","yoked_trained","2015","Retention",12,49,106.564,37.03,37.03,"not equal","equal"
"15147D","WT","yoked_trained","2015","T3",12,49,109.592,15.3,15.3,"not equal","equal"
"15147D","WT","yoked_trained","2015","T4_C1",12,50,93.932,31.8,31.8,"not equal","equal"
"15144D","WT","yoked_trained","2015","T3",12,50,103.066,34.37,34.37,"not equal","equal"
"15143D","WT","yoked_trained","2015","T6_C3",12,50,103.236,49.87,49.87,"not equal","equal"
"15147D","WT","yoked_trained","2015","Retention",12,52,98.271,45.87,45.87,"not equal","equal"
"16-122B","WT","yoked_trained","2016","T2",12,53,103.533,18.47,18.47,"not equal","equal"
"15143B","WT","yoked_conflict","2015","T2",12,57,117.163,30.93,30.93,"not equal","equal"
"15145C","WT","trained_trained","2015","T6_C3",13,13,9.401,31.9,31.9,"equal","equal"
"15146C","WT","trained_trained","2015","T4_C1",13,13,10.632,49.37,49.37,"equal","equal"
"16-120B","FMR1-KO","trained_trained","2016","T5_C2",13,13,10.935,26.37,26.37,"equal","equal"
"16-118C","FMR1-KO","trained_conflict","2016","T4_C1",13,14,14.101,9.43,9.43,"not equal","equal"
"16-124C","WT","trained_conflict","2016","T6_C3",13,14,14.531,0.53,0.53,"not equal","equal"
"16-124B","WT","trained_trained","2016","T1",13,16,16.333,4,4,"not equal","equal"
"16-120B","FMR1-KO","trained_trained","2016","T2",13,16,17.5,24,24,"not equal","equal"
"16-118A","FMR1-KO","trained_trained","2016","T4_C1",13,20,25.235,15.3,15.3,"not equal","equal"
"16-123A","WT","trained_trained","2016","T2",13,20,33.266,48.3,48.3,"not equal","equal"
"16-117D","FMR1-KO","trained_conflict","2016","T1",13,24,39.338,4.4,4.4,"not equal","equal"
"16-121D","FMR1-KO","trained_conflict","2016","Retention",13,33,60.065,100.13,100.13,"not equal","equal"
"15142B","WT","yoked_conflict","2015","T+_C+",13,33,63.598,12.83,12.83,"not equal","equal"
"16-122D","WT","yoked_conflict","2016","T6_C3",13,34,64.164,4.2,4.2,"not equal","equal"
"15141D","WT","yoked_trained","2015","T6_C3",13,34,75.6,41.1,41.1,"not equal","equal"
"16-121B","FMR1-KO","trained_trained","2016","T1",13,35,64.668,14.17,14.17,"not equal","equal"
"16-116D","FMR1-KO","yoked_conflict","2016","T+_C+",13,38,75.793,1.97,1.97,"not equal","equal"
"16-126B","WT","yoked_trained","2016","T5_C2",13,38,77.367,6.33,6.33,"not equal","equal"
"16-123D","WT","yoked_conflict","2016","T1",13,39,75.937,24.7,24.7,"not equal","equal"
"15148D","WT","yoked_conflict","2015","Retention",13,41,83.498,9.2,9.2,"not equal","equal"
"15148D","WT","yoked_conflict","2015","Retest",13,41,83.668,90.47,90.47,"not equal","equal"
"16-123D","WT","yoked_conflict","2016","T4_C1",13,41,87.433,13.33,13.33,"not equal","equal"
"16-123D","WT","yoked_conflict","2016","T+_C+",13,42,87.634,10.43,10.43,"not equal","equal"
"16-117B","FMR1-KO","yoked_trained","2016","T3",13,43,93.167,36.57,36.57,"not equal","equal"
"16-116D","FMR1-KO","yoked_conflict","2016","T6_C3",13,44,77.737,19.27,19.27,"not equal","equal"
"15146B","WT","yoked_conflict","2015","Retest",13,44,84.732,0.53,0.53,"not equal","equal"
"15144D","WT","yoked_trained","2015","T5_C2",13,56,113.267,19.33,19.33,"not equal","equal"
"15144D","WT","yoked_trained","2015","T6_C3",13,59,120.931,0.53,0.53,"not equal","equal"
"15143D","WT","yoked_trained","2015","T4_C1",13,70,140.201,29.27,29.27,"not equal","equal"
"16-125D","WT","trained_conflict","2016","T1",14,15,14.665,28.83,28.83,"not equal","equal"
"15147A","WT","trained_conflict","2015","T4_C1",14,15,15.033,3.4,3.4,"not equal","equal"
"16-117A","FMR1-KO","trained_trained","2016","T2",14,15,15.533,24.13,24.13,"not equal","equal"
"16-117D","FMR1-KO","trained_conflict","2016","T4_C1",14,15,17.601,42.53,42.53,"not equal","equal"
"16-118A","FMR1-KO","trained_trained","2016","T5_C2",14,17,18.235,29.4,29.4,"not equal","equal"
"16-122C","WT","trained_conflict","2016","T3",14,20,30.034,0.53,0.53,"not equal","equal"
"16-123A","WT","trained_trained","2016","Retention",14,24,41.301,21.27,21.27,"not equal","equal"
"16-122D","WT","yoked_conflict","2016","Retention",14,24,45.3,31.5,31.5,"not equal","equal"
"16-125A","WT","trained_trained","2016","T5_C2",14,25,41.269,32.53,32.53,"not equal","equal"
"15147A","WT","trained_conflict","2015","Retention",14,30,50.534,18.8,18.8,"not equal","equal"
"16-125B","WT","yoked_trained","2016","T4_C1",14,31,69.431,29.9,29.9,"not equal","equal"
"15144B","WT","yoked_conflict","2015","T4_C1",14,33,67.968,12.07,12.07,"not equal","equal"
"16-116D","FMR1-KO","yoked_conflict","2016","T4_C1",14,34,63.132,4.33,4.33,"not equal","equal"
"16-123D","WT","yoked_conflict","2016","T2",14,36,65.331,2.57,2.57,"not equal","equal"
"15145B","WT","yoked_conflict","2015","Retention",14,36,68.462,20.17,20.17,"not equal","equal"
"15146D","WT","yoked_trained","2015","T2",14,38,70.431,34.27,34.27,"not equal","equal"
"16-119B","FMR1-KO","yoked_trained","2016","T3",14,38,76.733,64,64,"not equal","equal"
"16-122D","WT","yoked_conflict","2016","T1",14,39,73.333,20.8,20.8,"not equal","equal"
"15140D","WT","yoked_trained","2015","Retention",14,41,82.302,48.93,48.93,"not equal","equal"
"16-121A","FMR1-KO","yoked_trained","2016","T5_C2",14,43,77.332,166.5,166.5,"not equal","equal"
"16-124D","WT","yoked_conflict","2016","T2",14,43,84.831,89.47,89.47,"not equal","equal"
"16-123B","WT","yoked_trained","2016","T2",14,47,90.033,120.27,120.27,"not equal","equal"
"15141D","WT","yoked_trained","2015","T4_C1",14,47,95.93,48.2,48.2,"not equal","equal"
"15140D","WT","yoked_trained","2015","T6_C3",14,48,103.202,36.43,36.43,"not equal","equal"
"15140D","WT","yoked_trained","2015","T5_C2",14,54,109.5,40.27,40.27,"not equal","equal"
"16-122B","WT","yoked_trained","2016","T4_C1",14,55,105.738,44.63,44.63,"not equal","equal"
"16-117B","FMR1-KO","yoked_trained","2016","T+_C+",14,56,103.235,36.2,36.2,"not equal","equal"
"16-123B","WT","yoked_trained","2016","T4_C1",14,59,116.536,42.33,42.33,"not equal","equal"
"15145B","WT","yoked_conflict","2015","T6_C3",14,65,123.635,30.47,30.47,"not equal","equal"
"16-122B","WT","yoked_trained","2016","T6_C3",14,68,128.698,42.07,42.07,"not equal","equal"
"15146A","WT","trained_conflict","2015","T1",15,25,35.934,9.17,9.17,"not equal","equal"
"16-126A","WT","trained_trained","2016","T3",15,25,39.234,22.77,22.77,"not equal","equal"
"16-119B","FMR1-KO","yoked_trained","2016","T5_C2",15,30,54.199,9.43,9.43,"not equal","equal"
"15140B","WT","yoked_conflict","2015","T5_C2",15,31,58.601,31.03,31.03,"not equal","equal"
"15140D","WT","yoked_trained","2015","T4_C1",15,32,79.828,53.23,53.23,"not equal","equal"
"16-120D","FMR1-KO","yoked_conflict","2016","Hab",15,33,59.164,9.87,9.87,"not equal","equal"
"15140D","WT","yoked_trained","2015","Retest",15,34,83.503,14.97,14.97,"not equal","equal"
"16-123B","WT","yoked_trained","2016","T3",15,35,67.567,35.6,35.6,"not equal","equal"
"16-120C","FMR1-KO","trained_conflict","2016","Retention",15,35,76.767,31.97,31.97,"not equal","equal"
"15148B","WT","yoked_conflict","2015","T3",15,39,75.198,24.8,24.8,"not equal","equal"
"15148B","WT","yoked_conflict","2015","T4_C1",15,40,70.166,41,41,"not equal","equal"
"15148D","WT","yoked_conflict","2015","T5_C2",15,40,76.501,13.13,13.13,"not equal","equal"
"15143D","WT","yoked_trained","2015","T5_C2",15,41,85.102,6.83,6.83,"not equal","equal"
"16-117B","FMR1-KO","yoked_trained","2016","T5_C2",15,44,86.304,10.57,10.57,"not equal","equal"
"16-116D","FMR1-KO","yoked_conflict","2016","T3",15,47,91.399,2.47,2.47,"not equal","equal"
"15147B","WT","yoked_conflict","2015","T5_C2",15,48,88.767,10.83,10.83,"not equal","equal"
"15141D","WT","yoked_trained","2015","Retest",15,50,106.466,35.43,35.43,"not equal","equal"
"15142D","WT","yoked_trained","2015","T6_C3",15,54,112.938,29.93,29.93,"not equal","equal"
"15142B","WT","yoked_conflict","2015","T6_C3",15,55,108.367,3.47,3.47,"not equal","equal"
"15142D","WT","yoked_trained","2015","Retest",15,58,115.436,21.23,21.23,"not equal","equal"
"15146B","WT","yoked_conflict","2015","T4_C1",15,59,113.202,15.1,15.1,"not equal","equal"
"15142D","WT","yoked_trained","2015","T3",15,61,115.302,34.17,34.17,"not equal","equal"
"15147B","WT","yoked_conflict","2015","T3",15,61,119.369,18,18,"not equal","equal"
"15146D","WT","yoked_trained","2015","T6_C3",15,61,120.901,23.77,23.77,"not equal","equal"
"16-121B","FMR1-KO","trained_trained","2016","T2",15,62,125.264,2.87,2.87,"not equal","equal"
"15146B","WT","yoked_conflict","2015","T2",15,62,131.034,22,22,"not equal","equal"
"15145D","WT","yoked_trained","2015","Retention",15,63,127.67,19.43,19.43,"not equal","equal"
"16-116A","FMR1-KO","trained_trained","2016","T1",16,16,17.298,8.43,8.43,"equal","equal"
"16-116C","FMR1-KO","trained_conflict","2016","T4_C1",16,17,18.464,0.53,0.53,"not equal","equal"
"15148D","WT","yoked_conflict","2015","T1",16,34,55.166,11.07,11.07,"not equal","equal"
"15141D","WT","yoked_trained","2015","T5_C2",16,36,69.502,28.77,28.77,"not equal","equal"
"15147D","WT","yoked_trained","2015","T2",16,39,78.605,22.9,22.9,"not equal","equal"
"16-357D","WT","yoked_conflict","2016","Hab",16,40,78.162,0.53,0.53,"not equal","equal"
"16-118A","FMR1-KO","trained_trained","2016","Retention",16,41,78.937,29.47,29.47,"not equal","equal"
"16-116D","FMR1-KO","yoked_conflict","2016","T+_C+",16,45,78.634,22.23,22.23,"not equal","equal"
"16-124D","WT","yoked_conflict","2016","T6_C3",16,46,83.767,0.53,0.53,"not equal","equal"
"15141D","WT","yoked_trained","2015",NA,16,47,109.634,4.8,4.8,"not equal","equal"
"16-121A","FMR1-KO","yoked_trained","2016","T4_C1",16,48,88.464,0.53,0.53,"not equal","equal"
"15142D","WT","yoked_trained","2015","T2",16,48,98.433,9.6,9.6,"not equal","equal"
"15145B","WT","yoked_conflict","2015","T2",16,48,105.634,77.8,77.8,"not equal","equal"
"15143B","WT","yoked_conflict","2015","T3",16,50,99.7,19.23,19.23,"not equal","equal"
"16-124D","WT","yoked_conflict","2016","T5_C2",16,51,103.301,2.63,2.63,"not equal","equal"
"16-121A","FMR1-KO","yoked_trained","2016","T6_C3",16,51,105.172,69.27,69.27,"not equal","equal"
"15143B","WT","yoked_conflict","2015","T5_C2",16,52,99.234,10.4,10.4,"not equal","equal"
"15145D","WT","yoked_trained","2015","Retest",16,52,99.998,0.53,0.53,"not equal","equal"
"15145B","WT","yoked_conflict","2015","Retest",16,52,115.799,13.53,13.53,"not equal","equal"
"16-122D","WT","yoked_conflict","2016","T2",16,53,97.4,9.53,9.53,"not equal","equal"
"16-123D","WT","yoked_conflict","2016","T+_C+",16,56,107.268,36.27,36.27,"not equal","equal"
"15148D","WT","yoked_conflict","2015","T6_C3",16,57,111.132,143.13,143.13,"not equal","equal"
"15143D","WT","yoked_trained","2015","Retest",16,60,120.099,23.07,23.07,"not equal","equal"
"15143B","WT","yoked_conflict","2015","Retest",16,60,126.597,25.1,25.1,"not equal","equal"
"15145B","WT","yoked_conflict","2015","T5_C2",16,64,128.033,13.43,13.43,"not equal","equal"
"15141A","WT","trained_conflict","2015","T3",17,17,18.067,17.03,17.03,"equal","equal"
"15148A","WT","trained_conflict","2015","T4_C1",17,24,28.402,6.43,6.43,"not equal","equal"
"15148D","WT","yoked_conflict","2015","T4_C1",17,38,71.634,3.2,3.2,"not equal","equal"
"16-126B","WT","yoked_trained","2016","T3",17,38,72.367,86.57,86.57,"not equal","equal"
"16-116D","FMR1-KO","yoked_conflict","2016","Retest",17,44,81.401,0.53,0.53,"not equal","equal"
"15146D","WT","yoked_trained","2015","T1",17,44,89.267,5.53,5.53,"not equal","equal"
"16-116B","FMR1-KO","yoked_trained","2016","Retest",17,45,91.267,6.3,6.3,"not equal","equal"
"16-123D","WT","yoked_conflict","2016","T6_C3",17,47,86.035,23.63,23.63,"not equal","equal"
"16-122D","WT","yoked_conflict","2016","T4_C1",17,47,87.535,13.7,13.7,"not equal","equal"
"15147B","WT","yoked_conflict","2015","T1",17,47,96.338,2.4,2.4,"not equal","equal"
"16-123D","WT","yoked_conflict","2016","T3",17,50,95.799,30.97,30.97,"not equal","equal"
"15147D","WT","yoked_trained","2015","Retest",17,52,102.338,0.53,0.53,"not equal","equal"
"16-122A","WT","trained_trained","2016","Retention",17,54,100.634,72.83,72.83,"not equal","equal"
"15147D","WT","yoked_trained","2015","T1",17,55,116.764,0.53,0.53,"not equal","equal"
"16-122D","WT","yoked_conflict","2016","T5_C2",17,56,109.6,19.67,19.67,"not equal","equal"
"15147B","WT","yoked_conflict","2015","T2",17,56,114.067,74.9,74.9,"not equal","equal"
"15142B","WT","yoked_conflict","2015","T1",17,59,115.865,2.87,2.87,"not equal","equal"
"16-122B","WT","yoked_trained","2016","T5_C2",17,61,119.164,10.73,10.73,"not equal","equal"
"16-116B","FMR1-KO","yoked_trained","2016","T1",17,62,119.764,8.6,8.6,"not equal","equal"
"15148D","WT","yoked_conflict","2015","T2",17,64,123.634,74.77,74.77,"not equal","equal"
"15144D","WT","yoked_trained","2015","T4_C1",17,64,125.6,26.83,26.83,"not equal","equal"
"15144B","WT","yoked_conflict","2015","T3",17,66,131.365,1.17,1.17,"not equal","equal"
"15148B","WT","yoked_conflict","2015","T5_C2",17,68,129.666,6.77,6.77,"not equal","equal"
"15147B","WT","yoked_conflict","2015","Retest",17,70,158.432,19.9,19.9,"not equal","equal"
"16-124C","WT","trained_conflict","2016","T5_C2",18,21,24.934,0.53,0.53,"not equal","equal"
"16-119C","FMR1-KO","trained_conflict","2016","T4_C1",18,22,25.701,6.3,6.3,"not equal","equal"
"16-120C","FMR1-KO","trained_conflict","2016","T5_C2",18,23,36.195,0.53,0.53,"not equal","equal"
"16-124B","WT","trained_trained","2016","Retention",18,35,61.406,126.2,126.2,"not equal","equal"
"15145B","WT","yoked_conflict","2015","T4_C1",18,40,73.268,14.57,14.57,"not equal","equal"
"16-119B","FMR1-KO","yoked_trained","2016","T1",18,42,74.032,0.53,0.53,"not equal","equal"
"16-126B","WT","yoked_trained","2016","Retention",18,45,86.768,16.43,16.43,"not equal","equal"
"16-119B","FMR1-KO","yoked_trained","2016","Retention",18,45,89.866,4.63,4.63,"not equal","equal"
"15148B","WT","yoked_conflict","2015","Retest",18,49,105.865,15,15,"not equal","equal"
"16-125B","WT","yoked_trained","2016","Retention",18,51,94.265,7.9,7.9,"not equal","equal"
"16-124D","WT","yoked_conflict","2016","Retention",18,56,104.637,0.53,0.53,"not equal","equal"
"16-119B","FMR1-KO","yoked_trained","2016","T2",18,56,107.168,8.03,8.03,"not equal","equal"
"15148D","WT","yoked_conflict","2015","T3",18,63,120.003,18.37,18.37,"not equal","equal"
"15145D","WT","yoked_trained","2015","T2",18,63,144.063,100.9,100.9,"not equal","equal"
"16-120D","FMR1-KO","yoked_conflict","2016","T6_C3",18,69,128.767,0.53,0.53,"not equal","equal"
"16-120D","FMR1-KO","yoked_conflict","2016","Retention",18,69,130.934,20.3,20.3,"not equal","equal"
"16-118D","FMR1-KO","yoked_conflict","2016","T6_C3",18,69,135.534,0.5,0.5,"not equal","equal"
"15144B","WT","yoked_conflict","2015","T5_C2",18,70,138.605,13.6,13.6,"not equal","equal"
"16-123B","WT","yoked_trained","2016","Retest",18,74,148.398,54.47,54.47,"not equal","equal"
"15141C","WT","trained_trained","2015","T2",19,19,18.398,33.1,33.1,"equal","equal"
"16-126A","WT","trained_trained","2016","T5_C2",19,21,25.229,14.63,14.63,"not equal","equal"
"16-118A","FMR1-KO","trained_trained","2016","Retest",19,23,26.67,20.63,20.63,"not equal","equal"
"16-125C","WT","trained_conflict","2016","Retest",19,24,31.467,46.17,46.17,"not equal","equal"
"16-117D","FMR1-KO","trained_conflict","2016","T2",19,26,35.303,23.97,23.97,"not equal","equal"
"16-126B","WT","yoked_trained","2016","T4_C1",19,45,87.235,64.6,64.6,"not equal","equal"
"15141D","WT","yoked_trained","2015","T2",19,48,109.302,16.23,16.23,"not equal","equal"
"15142D","WT","yoked_trained","2015","Hab",19,52,105.467,24.33,24.33,"not equal","equal"
"15141D","WT","yoked_trained","2015","Retention",19,52,133.5,19.13,19.13,"not equal","equal"
"16-116B","FMR1-KO","yoked_trained","2016","T2",19,58,110.33,1.17,1.17,"not equal","equal"
"16-124D","WT","yoked_conflict","2016","T4_C1",19,58,112.335,16.83,16.83,"not equal","equal"
"16-116D","FMR1-KO","yoked_conflict","2016","T2",19,60,108.037,31.97,31.97,"not equal","equal"
"15144D","WT","yoked_trained","2015","Retest",19,60,123.568,24.57,24.57,"not equal","equal"
"15146B","WT","yoked_conflict","2015","T1",19,64,124.134,34.33,34.33,"not equal","equal"
"16-124D","WT","yoked_conflict","2016","T1",19,71,144.095,14.77,14.77,"not equal","equal"
"16-116B","FMR1-KO","yoked_trained","2016","T4_C1",19,74,149.97,4,4,"not equal","equal"
"16-123C","WT","trained_conflict","2016","T6_C3",20,23,25.233,74.33,74.33,"not equal","equal"
"16-125D","WT","trained_conflict","2016","T4_C1",20,23,29.2,0.53,0.53,"not equal","equal"
"16-116D","FMR1-KO","yoked_conflict","2016","Retention",20,46,84.732,0.53,0.53,"not equal","equal"
"16-122D","WT","yoked_conflict","2016","T3",20,47,86.2,13.53,13.53,"not equal","equal"
"15140D","WT","yoked_trained","2015","T+_C+",20,48,106.401,0.67,0.67,"not equal","equal"
"15144B","WT","yoked_conflict","2015","Retention",20,52,107.065,67.2,67.2,"not equal","equal"
"16-118D","FMR1-KO","yoked_conflict","2016","T3",20,54,102.602,148.87,148.87,"not equal","equal"
"15141D","WT","yoked_trained","2015","T1",20,54,106.666,1.07,1.07,"not equal","equal"
"16-121B","FMR1-KO","trained_trained","2016","Hab",20,54,109.735,15.5,15.5,"not equal","equal"
"15145B","WT","yoked_conflict","2015","T3",20,61,118.933,11.47,11.47,"not equal","equal"
"16-124D","WT","yoked_conflict","2016","T3",20,63,119.471,19.8,19.8,"not equal","equal"
"15143D","WT","yoked_trained","2015","Retention",20,67,131.1,23.13,23.13,"not equal","equal"
"15144B","WT","yoked_conflict","2015","T6_C3",20,69,130.833,16.03,16.03,"not equal","equal"
"16-116B","FMR1-KO","yoked_trained","2016","T3",20,70,127.898,24.8,24.8,"not equal","equal"
"16-122B","WT","yoked_trained","2016","Retention",20,74,147.395,37.17,37.17,"not equal","equal"
"16-120B","FMR1-KO","trained_trained","2016","Retention",20,74,158.632,25.93,25.93,"not equal","equal"
"15144D","WT","yoked_trained","2015","T2",20,80,156.436,31.83,31.83,"not equal","equal"
"16-118D","FMR1-KO","yoked_conflict","2016","T4_C1",20,88,170.231,0.53,0.53,"not equal","equal"
"15141B","WT","yoked_conflict","2015","T1",21,40,115.171,90.93,90.93,"not equal","equal"
"16-122D","WT","yoked_conflict","2016","Hab",21,41,81.099,31.67,31.67,"not equal","equal"
"16-357D","WT","yoked_conflict","2016","Retention",21,49,88.566,13.47,13.47,"not equal","equal"
"16-123B","WT","yoked_trained","2016","T+_C+",21,56,115.935,4.67,4.67,"not equal","equal"
"16-121A","FMR1-KO","yoked_trained","2016","Retest",21,59,114.533,0.53,0.53,"not equal","equal"
"16-123B","WT","yoked_trained","2016","T6_C3",21,65,133.835,25.9,25.9,"not equal","equal"
"16-120D","FMR1-KO","yoked_conflict","2016","T5_C2",21,67,128.001,0.53,0.53,"not equal","equal"
"15143D","WT","yoked_trained","2015","T3",21,68,146.434,0.53,0.53,"not equal","equal"
"16-123B","WT","yoked_trained","2016","T5_C2",21,71,147.702,3.33,3.33,"not equal","equal"
"16-123C","WT","trained_conflict","2016","Hab",22,42,85.234,27.73,2.2,"not equal","not equal"
"16-126B","WT","yoked_trained","2016","Retention",22,43,81.434,1,1,"not equal","equal"
"16-125C","WT","trained_conflict","2016","Hab",22,49,87.366,39.47,39.47,"not equal","equal"
"15142D","WT","yoked_trained","2015","Retention",22,51,96.399,7.93,7.93,"not equal","equal"
"16-124D","WT","yoked_conflict","2016","Retest",22,51,103.931,45.23,45.23,"not equal","equal"
"16-117B","FMR1-KO","yoked_trained","2016","Retention",22,52,104.463,19.43,19.43,"not equal","equal"
"15146D","WT","yoked_trained","2015","Retest",22,54,102.131,0.53,0.53,"not equal","equal"
"15144B","WT","yoked_conflict","2015","Retest",22,57,106.532,49.07,49.07,"not equal","equal"
"15144D","WT","yoked_trained","2015","Retention",22,57,111.768,0.53,0.53,"not equal","equal"
"16-116D","FMR1-KO","yoked_conflict","2016","T+_C+",22,58,118.368,10.5,10.5,"not equal","equal"
"16-123B","WT","yoked_trained","2016","T+_C+",22,61,122.535,23.67,4.5,"not equal","not equal"
"15144B","WT","yoked_conflict","2015","T1",22,62,117.771,20.13,20.13,"not equal","equal"
"16-121A","FMR1-KO","yoked_trained","2016","Retention",22,65,133.801,12.77,12.77,"not equal","equal"
"16-116D","FMR1-KO","yoked_conflict","2016","T1",22,68,129.501,7.27,7.27,"not equal","equal"
"15148B","WT","yoked_conflict","2015","T1",22,77,150.899,0.53,0.53,"not equal","equal"
"16-122B","WT","yoked_trained","2016","T3",22,87,168.597,39.2,39.2,"not equal","equal"
"15145D","WT","yoked_trained","2015","T5_C2",22,93,188.667,16.07,16.07,"not equal","equal"
"15148C","WT","trained_conflict","2015","T6_C3",23,23,15.599,21.8,21.8,"equal","equal"
"15144A","WT","trained_conflict","2015","T4_C1",23,26,27.469,7.73,7.73,"not equal","equal"
"16-122D","WT","yoked_conflict","2016","Retention",23,43,81.301,26.53,26.53,"not equal","equal"
"15141C","WT","trained_trained","2015","Hab",23,44,83.731,14.3,14.3,"not equal","equal"
"15145B","WT","yoked_conflict","2015","T1",23,55,102.293,6.43,6.43,"not equal","equal"
"16-118D","FMR1-KO","yoked_conflict","2016","Retention",23,57,111.666,11.43,2.1,"not equal","not equal"
"15148B","WT","yoked_conflict","2015","T2",23,61,118.57,50.57,50.57,"not equal","equal"
"16-120D","FMR1-KO","yoked_conflict","2016","T4_C1",23,63,113.865,2.97,2.97,"not equal","equal"
"15140B","WT","yoked_conflict","2015","T3",23,71,127.233,22.93,22.93,"not equal","equal"
"15143B","WT","yoked_conflict","2015","Retention",23,77,153.8,94.93,94.93,"not equal","equal"
"15140B","WT","yoked_conflict","2015","T4_C1",23,87,164.066,21.83,21.83,"not equal","equal"
"15146A","WT","trained_conflict","2015","T4_C1",24,26,24.033,0.53,0.53,"not equal","equal"
"16-125B","WT","yoked_trained","2016","Hab",24,41,80.033,0.5,0.5,"not equal","equal"
"16-119D","FMR1-KO","trained_conflict","2016","Hab",24,48,90.099,12.3,12.3,"not equal","equal"
"16-125D","WT","trained_conflict","2016","Hab",24,48,92.371,1.73,1.73,"not equal","equal"
"15142D","WT","yoked_trained","2015","T+_C+",24,50,95.131,0.53,0.53,"not equal","equal"
"15140B","WT","yoked_conflict","2015","Retest",24,71,133.164,0.53,0.53,"not equal","equal"
"16-116B","FMR1-KO","yoked_trained","2016","T5_C2",24,75,147.568,16.7,16.7,"not equal","equal"
"16-116B","FMR1-KO","yoked_trained","2016","Retention",24,84,161.47,13.13,13.13,"not equal","equal"
"15143B","WT","yoked_conflict","2015","T6_C3",24,112,220.395,35.93,35.93,"not equal","equal"
"15148C","WT","trained_conflict","2015","T+_C+",25,27,23.769,19.47,19.47,"not equal","equal"
"15141B","WT","yoked_conflict","2015","Hab",25,38,78.835,16.63,16.63,"not equal","equal"
"16-357A","WT","yoked_trained","2016","Hab",25,47,88.733,0.57,0.57,"not equal","equal"
"16-119B","FMR1-KO","yoked_trained","2016","Hab",25,48,87.033,12.33,12.33,"not equal","equal"
"15147C","WT","trained_trained","2015","Hab",25,49,88.002,6.87,6.87,"not equal","equal"
"15148C","WT","trained_conflict","2015","Hab",25,50,97.966,2.73,2.73,"not equal","equal"
"15146D","WT","yoked_trained","2015","Hab",25,51,98.338,1.83,1.83,"not equal","equal"
"16-124D","WT","yoked_conflict","2016","Hab",25,53,108.835,20.27,20.27,"not equal","equal"
"15140D","WT","yoked_trained","2015","T1",25,58,97.999,21.8,21.8,"not equal","equal"
"16-118B","FMR1-KO","trained_trained","2016","Hab",25,60,110.769,7.6,7.6,"not equal","equal"
"15148D","WT","yoked_conflict","2015","Hab",25,61,126.207,12.5,12.5,"not equal","equal"
"15145D","WT","yoked_trained","2015","T3",25,69,151.999,22,22,"not equal","equal"
"15145D","WT","yoked_trained","2015","T4_C1",25,88,180.968,48.1,48.1,"not equal","equal"
"15140B","WT","yoked_conflict","2015","T1",25,96,188.835,10.37,10.37,"not equal","equal"
"15143D","WT","yoked_trained","2015","T1",26,49,92.534,2.13,2.13,"not equal","equal"
"15145D","WT","yoked_trained","2015","T6_C3",26,58,117.532,19.53,19.53,"not equal","equal"
"16-123A","WT","trained_trained","2016","Hab",26,60,110.066,13.03,13.03,"not equal","equal"
"15145D","WT","yoked_trained","2015","T1",26,60,118.369,40,40,"not equal","equal"
"16-123D","WT","yoked_conflict","2016","Retest",26,72,140.332,12.8,12.8,"not equal","equal"
"16-116B","FMR1-KO","yoked_trained","2016","T6_C3",26,95,183.437,6.57,6.57,"not equal","equal"
"15143B","WT","yoked_conflict","2015","T1",26,107,212.139,0.53,0.53,"not equal","equal"
"15145A","WT","trained_conflict","2015","T4_C1",27,29,30.201,0.53,0.53,"not equal","equal"
"16-120C","FMR1-KO","trained_conflict","2016","T4_C1",27,40,56.03,1,1,"not equal","equal"
"16-121A","FMR1-KO","yoked_trained","2016","Hab",27,40,67.602,6.83,6.83,"not equal","equal"
"16-121C","FMR1-KO","trained_conflict","2016","Hab",27,52,87.933,14.47,14.47,"not equal","equal"
"16-124B","WT","trained_trained","2016","Hab",27,56,99.138,1.03,1.03,"not equal","equal"
"16-121D","FMR1-KO","trained_conflict","2016","Hab",27,61,115.47,6.23,6.23,"not equal","equal"
"16-116A","FMR1-KO","trained_trained","2016","Hab",27,62,109.562,6,6,"not equal","equal"
"16-122B","WT","yoked_trained","2016","Retention",27,65,123.666,13.77,13.77,"not equal","equal"
"15148C","WT","trained_conflict","2015","T5_C2",28,28,20.163,15,15,"equal","equal"
"16-124C","WT","trained_conflict","2016","Hab",28,52,92.535,16.47,16.47,"not equal","equal"
"15140A","WT","trained_conflict","2015","Hab",28,52,94.665,24.63,24.63,"not equal","equal"
"16-123D","WT","yoked_conflict","2016","Hab",28,57,106.767,1.63,1.63,"not equal","equal"
"15148A","WT","trained_conflict","2015","Hab",28,61,117.834,0.5,0.5,"not equal","equal"
"15140C","WT","trained_trained","2015","Hab",28,62,114.934,0.53,0.53,"not equal","equal"
"16-116C","FMR1-KO","trained_conflict","2016","Hab",28,65,118.335,1.77,1.77,"not equal","equal"
"16-357B","WT","yoked_trained","2016","Retention",28,71,143.031,17.1,17.1,"not equal","equal"
"16-117C","FMR1-KO","trained_conflict","2016","Retention",28,75,142.264,6.73,6.73,"not equal","equal"
"15144D","WT","yoked_trained","2015","T1",28,97,198.165,2.8,2.8,"not equal","equal"
"16-120A","FMR1-KO","trained_trained","2016","Hab",29,46,76.732,6.87,6.87,"not equal","equal"
"16-118D","FMR1-KO","yoked_conflict","2016","Hab",29,49,87.266,15.53,15.53,"not equal","equal"
"16-120B","FMR1-KO","trained_trained","2016","Hab",29,51,90.802,3.37,3.37,"not equal","equal"
"16-118A","FMR1-KO","trained_trained","2016","Hab",29,52,99.028,19.37,19.37,"not equal","equal"
"15141D","WT","yoked_trained","2015","Hab",29,55,102.096,2.13,2.13,"not equal","equal"
"15143A","WT","trained_conflict","2015","Hab",29,56,105.065,12.43,12.43,"not equal","equal"
"15148B","WT","yoked_conflict","2015","T6_C3",29,113,224.426,8.87,8.87,"not equal","equal"
"15141A","WT","trained_conflict","2015","Hab",30,46,87.6,10.73,10.73,"not equal","equal"
"16-120C","FMR1-KO","trained_conflict","2016","Hab",30,49,83.837,1.1,1.1,"not equal","equal"
"16-117A","FMR1-KO","trained_trained","2016","Hab",30,49,84.1,3.43,3.43,"not equal","equal"
"16-118C","FMR1-KO","trained_conflict","2016","Hab",30,54,104.695,0.53,0.53,"not equal","equal"
"15147B","WT","yoked_conflict","2015","Hab",30,56,104.203,11.2,11.2,"not equal","equal"
"15142B","WT","yoked_conflict","2015","Hab",30,57,109.031,16.17,16.17,"not equal","equal"
"16-122C","WT","trained_conflict","2016","Hab",30,81,155.166,3.77,3.77,"not equal","equal"
"16-122A","WT","trained_trained","2016","Hab",31,48,84.571,2.8,2.8,"not equal","equal"
"16-125A","WT","trained_trained","2016","Hab",31,51,88.169,0.53,0.53,"not equal","equal"
"15143C","WT","trained_trained","2015","Hab",31,52,96.04,0.53,0.53,"not equal","equal"
"15145C","WT","trained_trained","2015","Hab",31,54,113.835,9.27,9.27,"not equal","equal"
"15148C","WT","trained_conflict","2015","T4_C1",32,33,27.201,18.17,18.17,"not equal","equal"
"15147A","WT","trained_conflict","2015","Hab",32,48,81.968,6.1,6.1,"not equal","equal"
"16-357C","WT","trained_trained","2016","Hab",32,49,85.668,0.53,0.53,"not equal","equal"
"16-357B","WT","yoked_trained","2016","Hab",32,51,88.734,7.93,7.93,"not equal","equal"
"16-117B","FMR1-KO","yoked_trained","2016","Hab",32,55,96.165,0.53,0.53,"not equal","equal"
"16-122B","WT","yoked_trained","2016","Hab",32,55,97.596,2.07,2.07,"not equal","equal"
"16-126B","WT","yoked_trained","2016","Hab",32,55,97.871,15.1,15.1,"not equal","equal"
"16-117D","FMR1-KO","trained_conflict","2016","Hab",32,55,100.366,15.1,15.1,"not equal","equal"
"16-124A","WT","trained_trained","2016","Hab",32,68,125.202,10.77,10.77,"not equal","equal"
"15144B","WT","yoked_conflict","2015","Hab",33,63,110.933,11.63,11.63,"not equal","equal"
"15144A","WT","trained_conflict","2015","Hab",33,64,122.296,20.23,20.23,"not equal","equal"
"15146B","WT","yoked_conflict","2015","Hab",33,65,116.636,3.4,3.4,"not equal","equal"
"16-116B","FMR1-KO","yoked_trained","2016","Hab",33,67,118.368,3.37,3.37,"not equal","equal"
"16-123B","WT","yoked_trained","2016","Retention",33,105,209.2,12.4,12.4,"not equal","equal"
"15145D","WT","yoked_trained","2015","Hab",34,55,105.238,23.33,23.33,"not equal","equal"
"15145B","WT","yoked_conflict","2015","Hab",34,55,108.667,0.53,0.53,"not equal","equal"
"15142C","WT","trained_trained","2015","Hab",34,57,96.867,0.5,0.5,"not equal","equal"
"16-119C","FMR1-KO","trained_conflict","2016","Hab",34,59,98.468,23.77,23.77,"not equal","equal"
"15147D","WT","yoked_trained","2015","Hab",34,59,109.605,8.33,8.33,"not equal","equal"
"15142A","WT","trained_conflict","2015","Hab",34,60,97.965,17.43,17.43,"not equal","equal"
"15148B","WT","yoked_conflict","2015","Hab",35,51,88.033,14.6,14.6,"not equal","equal"
"15140B","WT","yoked_conflict","2015","Hab",35,55,98.704,20.1,20.1,"not equal","equal"
"15146C","WT","trained_trained","2015","Hab",35,58,101.073,15.8,15.8,"not equal","equal"
"15140D","WT","yoked_trained","2015","Hab",35,61,107.802,8.8,8.8,"not equal","equal"
"15141B","WT","yoked_conflict","2015","T2",35,63,122.533,6.2,6.2,"not equal","equal"
"16-119A","FMR1-KO","trained_trained","2016","Hab",36,52,87.091,4.3,4.3,"not equal","equal"
"15143B","WT","yoked_conflict","2015","Hab",36,75,134.705,8.43,8.43,"not equal","equal"
"16-117C","FMR1-KO","trained_conflict","2016","Hab",37,61,110.761,4.5,4.5,"not equal","equal"
"15146A","WT","trained_conflict","2015","Hab",37,66,112.933,1.97,1.97,"not equal","equal"
"15144D","WT","yoked_trained","2015","Hab",37,71,135.666,0.57,0.57,"not equal","equal"
"15143D","WT","yoked_trained","2015","Hab",38,59,95.336,30.47,30.47,"not equal","equal"
"15145A","WT","trained_conflict","2015","Hab",39,59,116.634,3.1,3.1,"not equal","equal"
"16-116D","FMR1-KO","yoked_conflict","2016","Hab",39,76,140.867,8.8,8.8,"not equal","equal"
"16-126A","WT","trained_trained","2016","Hab",41,67,114.231,1.37,1.37,"not equal","equal"
"15144C","WT","trained_trained","2015","Hab",42,64,115.464,1.33,1.33,"not equal","equal"
