"yoked","trained.x","ID.x","Genotype.x","APA.x","Year.x","TrainGroup.x","TrainSequence.x","TrainSessionCombo.x","NumShock.x","NumEntrances.x","TimeTarget.x","Time1stEntr.x","Time1stShock.x","entranceshockequal.x","firstentranceshockequal.x","trained.y","ID.y","Genotype.y","APA.y","Year.y","TrainGroup.y","TrainSequence.y","TrainSessionCombo.y","NumShock.y","NumEntrances.y","TimeTarget.y","Time1stEntr.y","Time1stShock.y","entranceshockequal.y","firstentranceshockequal.y"
"16-357A_T1_1","16-124A_T1_1","16-357A","WT","yoked_trained","2016","yoked","train-train","T1",0,0,74.799,599.97,599.97,"equal","equal","16-124A_T1_1","16-124A","WT","trained_trained","2016","trained","train-train","T1",15,12,17.399,6.27,6.27,"not equal","equal"
"16-357A_T2_1","16-124A_T2_1","16-357A","WT","yoked_trained","2016","yoked","train-train","T2",0,0,87.734,599.97,599.97,"equal","equal","16-124A_T2_1","16-124A","WT","trained_trained","2016","trained","train-train","T2",5,4,7.833,15.2,15.2,"not equal","equal"
"16-357A_T3_1","16-124A_T3_1","16-357A","WT","yoked_trained","2016","yoked","train-train","T3",0,0,98.032,599.97,599.97,"equal","equal","16-124A_T3_1","16-124A","WT","trained_trained","2016","trained","train-train","T3",2,2,2.233,34.67,34.67,"equal","equal"
"16-357A_Retest_2","16-124A_Retest_2","16-357A","WT","yoked_trained","2016","yoked","train-train","Retest",0,0,52.071,599.97,599.97,"equal","equal","16-124A_Retest_2","16-124A","WT","trained_trained","2016","trained","train-train","Retest",1,1,1.034,324.3,324.3,"equal","equal"
"16-357A_T4_C1_2","16-124A_T4_C1_2","16-357A","WT","yoked_trained","2016","yoked","train-train","T4_C1",0,0,62.135,599.97,599.97,"equal","equal","16-124A_T4_C1_2","16-124A","WT","trained_trained","2016","trained","train-train","T4_C1",4,4,3.468,40.1,40.1,"equal","equal"
"16-357A_T5_C2_2","16-124A_T5_C2_2","16-357A","WT","yoked_trained","2016","yoked","train-train","T5_C2",0,0,92.602,599.97,599.97,"equal","equal","16-124A_T5_C2_2","16-124A","WT","trained_trained","2016","trained","train-train","T5_C2",1,1,0.6,385.53,385.53,"equal","equal"
"16-357A_T6_C3_2","16-124A_T6_C3_2","16-357A","WT","yoked_trained","2016","yoked","train-train","T6_C3",0,0,76.131,599.97,599.97,"equal","equal","16-124A_T6_C3_2","16-124A","WT","trained_trained","2016","trained","train-train","T6_C3",2,2,1.834,107.5,107.5,"equal","equal"
"16-357B_T1_1","16-124B_T1_1","16-357B","WT","yoked_trained","2016","yoked","train-train","T1",0,0,118.435,599.97,599.97,"equal","equal","16-124B_T1_1","16-124B","WT","trained_trained","2016","trained","train-train","T1",16,13,16.333,4,4,"not equal","equal"
"16-357B_T2_1","16-124B_T2_1","16-357B","WT","yoked_trained","2016","yoked","train-train","T2",0,0,100.001,599.97,599.97,"equal","equal","16-124B_T2_1","16-124B","WT","trained_trained","2016","trained","train-train","T2",7,7,8.299,28.3,28.3,"equal","equal"
"16-357B_T3_1","16-124B_T3_1","16-357B","WT","yoked_trained","2016","yoked","train-train","T3",0,0,111.799,599.97,599.97,"equal","equal","16-124B_T3_1","16-124B","WT","trained_trained","2016","trained","train-train","T3",3,3,3.1,15.27,15.27,"equal","equal"
"16-357B_Retest_2","16-124B_Retest_2","16-357B","WT","yoked_trained","2016","yoked","train-train","Retest",0,0,100.101,599.97,599.97,"equal","equal","16-124B_Retest_2","16-124B","WT","trained_trained","2016","trained","train-train","Retest",13,12,15.201,12.17,12.17,"not equal","equal"
"16-357B_T4_C1_2","16-124B_T4_C1_2","16-357B","WT","yoked_trained","2016","yoked","train-train","T4_C1",0,0,85.501,599.97,599.97,"equal","equal","16-124B_T4_C1_2","16-124B","WT","trained_trained","2016","trained","train-train","T4_C1",13,11,16.1,7.37,7.37,"not equal","equal"
"16-357B_T5_C2_2","16-124B_T5_C2_2","16-357B","WT","yoked_trained","2016","yoked","train-train","T5_C2",0,0,113.499,599.97,599.97,"equal","equal","16-124B_T5_C2_2","16-124B","WT","trained_trained","2016","trained","train-train","T5_C2",11,11,13.865,49.67,49.67,"equal","equal"
"16-357B_T6_C3_2","16-124B_T6_C3_2","16-357B","WT","yoked_trained","2016","yoked","train-train","T6_C3",0,0,79.933,599.97,599.97,"equal","equal","16-124B_T6_C3_2","16-124B","WT","trained_trained","2016","trained","train-train","T6_C3",12,11,14.964,0.53,0.53,"not equal","equal"
"16-357D_T1_1","16-125D_T1_1","16-357D","WT","yoked_conflict","2016","yoked","train-conflict","T1",0,0,45.632,599.97,599.97,"equal","equal","16-125D_T1_1","16-125D","WT","trained_conflict","2016","trained","train-conflict","T1",15,14,14.665,28.83,28.83,"not equal","equal"
"16-357D_T2_1","16-125D_T2_1","16-357D","WT","yoked_conflict","2016","yoked","train-conflict","T2",0,0,37.466,599.97,599.97,"equal","equal","16-125D_T2_1","16-125D","WT","trained_conflict","2016","trained","train-conflict","T2",5,5,5.168,10.6,10.6,"equal","equal"
"16-357D_T3_1","16-125D_T3_1","16-357D","WT","yoked_conflict","2016","yoked","train-conflict","T3",0,0,73.465,599.97,599.97,"equal","equal","16-125D_T3_1","16-125D","WT","trained_conflict","2016","trained","train-conflict","T3",4,4,3.967,45.8,45.8,"equal","equal"
"16-357D_Retest_2","16-125D_Retest_2","16-357D","WT","yoked_conflict","2016","yoked","train-conflict","Retest",0,0,64.001,599.97,599.97,"equal","equal","16-125D_Retest_2","16-125D","WT","trained_conflict","2016","trained","train-conflict","Retest",2,2,2.001,97.7,97.7,"equal","equal"
"16-357D_T4_C1_2","16-125D_T4_C1_2","16-357D","WT","yoked_conflict","2016","yoked","train-conflict","T4_C1",0,0,144.732,599.97,599.97,"equal","equal","16-125D_T4_C1_2","16-125D","WT","trained_conflict","2016","trained","train-conflict","T4_C1",23,20,29.2,0.53,0.53,"not equal","equal"
"16-357D_T5_C2_2","16-125D_T5_C2_2","16-357D","WT","yoked_conflict","2016","yoked","train-conflict","T5_C2",0,0,113.533,599.97,599.97,"equal","equal","16-125D_T5_C2_2","16-125D","WT","trained_conflict","2016","trained","train-conflict","T5_C2",2,2,1.999,0.53,0.53,"equal","equal"
"16-357D_T6_C3_2","16-125D_T6_C3_2","16-357D","WT","yoked_conflict","2016","yoked","train-conflict","T6_C3",0,0,113.831,599.97,599.97,"equal","equal","16-125D_T6_C3_2","16-125D","WT","trained_conflict","2016","trained","train-conflict","T6_C3",3,3,3.968,102.23,102.23,"equal","equal"
"16-121A_T2_1","16-121B_T2_1","16-121A","FMR1-KO","yoked_trained","2016","yoked","train-train","T2",2,2,1.433,25.8,25.8,"equal","equal","16-121B_T2_1","16-121B","FMR1-KO","trained_trained","2016","trained","train-train","T2",62,15,125.264,2.87,2.87,"not equal","equal"
"16-118D_Retest_2","16-118C_Retest_2","16-118D","FMR1-KO","yoked_conflict","2016","yoked","train-conflict","Retest",5,4,10.8,124,124,"not equal","equal","16-118C_Retest_2","16-118C","FMR1-KO","trained_conflict","2016","trained","train-conflict","Retest",10,10,12.833,12.5,12.5,"equal","equal"
"16-121A_T1_1","16-121B_T1_1","16-121A","FMR1-KO","yoked_trained","2016","yoked","train-train","T1",9,8,8.065,41,41,"not equal","equal","16-121B_T1_1","16-121B","FMR1-KO","trained_trained","2016","trained","train-train","T1",35,13,64.668,14.17,14.17,"not equal","equal"
"15142B_T3_1","15142A_T3_1","15142B","WT","yoked_conflict","2015","yoked","train-conflict","T3",15,5,33,94.37,94.37,"not equal","equal","15142A_T3_1","15142A","WT","trained_conflict","2015","trained","train-conflict","T3",2,2,2.798,94.27,94.27,"equal","equal"
"15142B_T2_1","15142A_T2_1","15142B","WT","yoked_conflict","2015","yoked","train-conflict","T2",16,3,32.301,11.73,11.73,"not equal","equal","15142A_T2_1","15142A","WT","trained_conflict","2015","trained","train-conflict","T2",4,3,4.434,8.17,8.17,"not equal","equal"
"15142B_T5_C2_2","15142A_T5_C2_2","15142B","WT","yoked_conflict","2015","yoked","train-conflict","T5_C2",16,7,31.368,1.03,1.03,"not equal","equal","15142A_T5_C2_2","15142A","WT","trained_conflict","2015","trained","train-conflict","T5_C2",3,3,3.067,5.1,5.1,"equal","equal"
"15142B_Retest_2","15142A_Retest_2","15142B","WT","yoked_conflict","2015","yoked","train-conflict","Retest",17,6,73.032,88.6,88.6,"not equal","equal","15142A_Retest_2","15142A","WT","trained_conflict","2015","trained","train-conflict","Retest",0,0,0.067,599.97,599.97,"equal","equal"
"16-126B_T6_C3_2","16-126A_T6_C3_2","16-126B","WT","yoked_trained","2016","yoked","train-train","T6_C3",17,6,37.767,33.4,33.4,"not equal","equal","16-126A_T6_C3_2","16-126A","WT","trained_trained","2016","trained","train-train","T6_C3",10,9,10.966,22.03,22.03,"not equal","equal"
"15147B_T4_C1_2","15147A_T4_C1_2","15147B","WT","yoked_conflict","2015","yoked","train-conflict","T4_C1",18,10,37.068,22.73,22.73,"not equal","equal","15147A_T4_C1_2","15147A","WT","trained_conflict","2015","trained","train-conflict","T4_C1",15,14,15.033,3.4,3.4,"not equal","equal"
"16-125B_T2_1","16-125A_T2_1","16-125B","WT","yoked_trained","2016","yoked","train-train","T2",21,8,48.606,38.37,38.37,"not equal","equal","16-125A_T2_1","16-125A","WT","trained_trained","2016","trained","train-train","T2",7,4,10.334,24.63,24.63,"not equal","equal"
"15140D_T3_1","15140C_T3_1","15140D","WT","yoked_trained","2015","yoked","train-train","T3",22,8,41.531,66.5,66.5,"not equal","equal","15140C_T3_1","15140C","WT","trained_trained","2015","trained","train-train","T3",8,6,10.334,4.27,4.27,"not equal","equal"
"16-125B_T5_C2_2","16-125A_T5_C2_2","16-125B","WT","yoked_trained","2016","yoked","train-train","T5_C2",22,8,46.53,88.3,88.3,"not equal","equal","16-125A_T5_C2_2","16-125A","WT","trained_trained","2016","trained","train-train","T5_C2",25,14,41.269,32.53,32.53,"not equal","equal"
"16-123D_T5_C2_2","16-123C_T5_C2_2","16-123D","WT","yoked_conflict","2016","yoked","train-conflict","T5_C2",23,8,42.368,16.87,16.87,"not equal","equal","16-123C_T5_C2_2","16-123C","WT","trained_conflict","2016","trained","train-conflict","T5_C2",3,3,5.001,412.03,412.03,"equal","equal"
"15143D_T2_1","15143C_T2_1","15143D","WT","yoked_trained","2015","yoked","train-train","T2",24,8,54.271,82.33,82.33,"not equal","equal","15143C_T2_1","15143C","WT","trained_trained","2015","trained","train-train","T2",3,3,2.499,25.37,25.37,"equal","equal"
"16-123B_T1_1","16-123A_T1_1","16-123B","WT","yoked_trained","2016","yoked","train-train","T1",24,8,48.565,16.67,16.67,"not equal","equal","16-123A_T1_1","16-123A","WT","trained_trained","2016","trained","train-train","T1",6,6,6.598,7.77,7.77,"equal","equal"
"16-357A_Retention_3","16-124A_Retention_3","16-357A","WT","yoked_trained","2016","yoked","train-train","Retention",24,11,46.502,190.3,190.3,"not equal","equal","16-124A_Retention_3","16-124A","WT","trained_trained","2016","trained","train-train","Retention",6,4,10.7,289.83,289.83,"not equal","equal"
"16-122D_Retention_2","16-122C_Retention_2","16-122D","WT","yoked_conflict","2016","yoked","train-conflict","Retention",24,14,45.3,31.5,31.5,"not equal","equal","16-122C_Retention_2","16-122C","WT","trained_conflict","2016","trained","train-conflict","Retention",28,8,57.97,226.77,226.77,"not equal","equal"
"16-116D_T5_C2_2","16-116C_T5_C2_2","16-116D","FMR1-KO","yoked_conflict","2016","yoked","train-conflict","T5_C2",24,11,44.036,0.53,0.53,"not equal","equal","16-116C_T5_C2_2","16-116C","FMR1-KO","trained_conflict","2016","trained","train-conflict","T5_C2",6,5,7.498,2.2,2.2,"not equal","equal"
"15146D_T4_C1_2","15146C_T4_C1_2","15146D","WT","yoked_trained","2015","yoked","train-train","T4_C1",25,12,54.497,46.2,46.2,"not equal","equal","15146C_T4_C1_2","15146C","WT","trained_trained","2015","trained","train-train","T4_C1",13,13,10.632,49.37,49.37,"equal","equal"
"16-126B_T1_1","16-126A_T1_1","16-126B","WT","yoked_trained","2016","yoked","train-train","T1",25,7,52.768,42.5,42.5,"not equal","equal","16-126A_T1_1","16-126A","WT","trained_trained","2016","trained","train-train","T1",6,6,9.799,6.97,6.97,"equal","equal"
"16-119B_T4_C1_2","16-119A_T4_C1_2","16-119B","FMR1-KO","yoked_trained","2016","yoked","train-train","T4_C1",26,10,44.332,69.37,69.37,"not equal","equal","16-119A_T4_C1_2","16-119A","FMR1-KO","trained_trained","2016","trained","train-train","T4_C1",2,2,1.267,113.4,113.4,"equal","equal"
"15141D_T3_1","15141C_T3_1","15141D","WT","yoked_trained","2015","yoked","train-train","T3",27,11,57.465,43.47,43.47,"not equal","equal","15141C_T3_1","15141C","WT","trained_trained","2015","trained","train-train","T3",11,10,9.433,32,32,"not equal","equal"
"16-125B_T6_C3_2","16-125A_T6_C3_2","16-125B","WT","yoked_trained","2016","yoked","train-train","T6_C3",27,9,58.83,23.87,23.87,"not equal","equal","16-125A_T6_C3_2","16-125A","WT","trained_trained","2016","trained","train-train","T6_C3",2,2,1.533,46,46,"equal","equal"
"16-117B_T2_1","16-117A_T2_1","16-117B","FMR1-KO","yoked_trained","2016","yoked","train-train","T2",28,12,53.668,114.03,114.03,"not equal","equal","16-117A_T2_1","16-117A","FMR1-KO","trained_trained","2016","trained","train-train","T2",15,14,15.533,24.13,24.13,"not equal","equal"
"16-125B_Retest_2","16-125A_Retest_2","16-125B","WT","yoked_trained","2016","yoked","train-train","Retest",29,10,66.133,94.67,94.67,"not equal","equal","16-125A_Retest_2","16-125A","WT","trained_trained","2016","trained","train-train","Retest",10,7,18.299,224.3,224.3,"not equal","equal"
"15140B_T2_1","15140A_T2_1","15140B","WT","yoked_conflict","2015","yoked","train-conflict","T2",30,9,57.765,31.1,31.1,"not equal","equal","15140A_T2_1","15140A","WT","trained_conflict","2015","trained","train-conflict","T2",3,2,3.366,118.37,118.37,"not equal","equal"
"16-119B_T5_C2_2","16-119A_T5_C2_2","16-119B","FMR1-KO","yoked_trained","2016","yoked","train-train","T5_C2",30,15,54.199,9.43,9.43,"not equal","equal","16-119A_T5_C2_2","16-119A","FMR1-KO","trained_trained","2016","trained","train-train","T5_C2",1,1,1.033,84.33,84.33,"equal","equal"
"16-119B_T6_C3_2","16-119A_T6_C3_2","16-119B","FMR1-KO","yoked_trained","2016","yoked","train-train","T6_C3",30,11,57.666,19.63,19.63,"not equal","equal","16-119A_T6_C3_2","16-119A","FMR1-KO","trained_trained","2016","trained","train-train","T6_C3",1,1,0.633,410.23,410.23,"equal","equal"
"16-120D_T1_1","16-120C_T1_1","16-120D","FMR1-KO","yoked_conflict","2016","yoked","train-conflict","T1",30,10,55.367,27.73,27.73,"not equal","equal","16-120C_T1_1","16-120C","FMR1-KO","trained_conflict","2016","trained","train-conflict","T1",17,12,22.5,5.87,5.87,"not equal","equal"
"15140B_T5_C2_2","15140A_T5_C2_2","15140B","WT","yoked_conflict","2015","yoked","train-conflict","T5_C2",31,15,58.601,31.03,31.03,"not equal","equal","15140A_T5_C2_2","15140A","WT","trained_conflict","2015","trained","train-conflict","T5_C2",6,5,7.334,170.4,170.4,"not equal","equal"
"15142B_T4_C1_2","15142A_T4_C1_2","15142B","WT","yoked_conflict","2015","yoked","train-conflict","T4_C1",31,10,64.264,9.63,9.63,"not equal","equal","15142A_T4_C1_2","15142A","WT","trained_conflict","2015","trained","train-conflict","T4_C1",7,7,8.499,33.77,33.77,"equal","equal"
"15144B_T2_1","15144A_T2_1","15144B","WT","yoked_conflict","2015","yoked","train-conflict","T2",31,10,60.734,1.57,1.57,"not equal","equal","15144A_T2_1","15144A","WT","trained_conflict","2015","trained","train-conflict","T2",4,4,4.2,7.7,7.7,"equal","equal"
"16-125B_T3_1","16-125A_T3_1","16-125B","WT","yoked_trained","2016","yoked","train-train","T3",31,11,59.232,0.53,0.53,"not equal","equal","16-125A_T3_1","16-125A","WT","trained_trained","2016","trained","train-train","T3",16,7,27.566,206.63,206.63,"not equal","equal"
"16-125B_T4_C1_2","16-125A_T4_C1_2","16-125B","WT","yoked_trained","2016","yoked","train-train","T4_C1",31,14,69.431,29.9,29.9,"not equal","equal","16-125A_T4_C1_2","16-125A","WT","trained_trained","2016","trained","train-train","T4_C1",17,9,38.631,63.23,63.23,"not equal","equal"
"15140D_T2_1","15140C_T2_1","15140D","WT","yoked_trained","2015","yoked","train-train","T2",32,12,55.268,33.7,33.7,"not equal","equal","15140C_T2_1","15140C","WT","trained_trained","2015","trained","train-train","T2",7,7,5.766,9.8,9.8,"equal","equal"
"15140D_T4_C1_2","15140C_T4_C1_2","15140D","WT","yoked_trained","2015","yoked","train-train","T4_C1",32,15,79.828,53.23,53.23,"not equal","equal","15140C_T4_C1_2","15140C","WT","trained_trained","2015","trained","train-train","T4_C1",3,3,4.5,257.83,257.83,"equal","equal"
"15140B_T6_C3_2","15140A_T6_C3_2","15140B","WT","yoked_conflict","2015","yoked","train-conflict","T6_C3",32,9,62.799,61.77,61.77,"not equal","equal","15140A_T6_C3_2","15140A","WT","trained_conflict","2015","trained","train-conflict","T6_C3",2,2,1.633,428.83,428.83,"equal","equal"
"15147B_Retention_3","15147A_Retention_3","15147B","WT","yoked_conflict","2015","yoked","train-conflict","Retention",32,10,60.599,19.57,19.57,"not equal","equal","15147A_Retention_3","15147A","WT","trained_conflict","2015","trained","train-conflict","Retention",30,14,50.534,18.8,18.8,"not equal","equal"
"16-126B_T2_1","16-126A_T2_1","16-126B","WT","yoked_trained","2016","yoked","train-train","T2",32,10,75.002,31.77,31.77,"not equal","equal","16-126A_T2_1","16-126A","WT","trained_trained","2016","trained","train-train","T2",9,8,14.097,15.7,15.7,"not equal","equal"
"16-119B_Retest_2","16-119A_Retest_2","16-119B","FMR1-KO","yoked_trained","2016","yoked","train-train","Retest",32,12,61.933,20.37,20.37,"not equal","equal","16-119A_Retest_2","16-119A","FMR1-KO","trained_trained","2016","trained","train-train","Retest",5,5,4.632,111.77,111.77,"equal","equal"
"15140B_Retention_3","15140A_Retention_3","15140B","WT","yoked_conflict","2015","yoked","train-conflict","Retention",33,12,59.036,65.8,65.8,"not equal","equal","15140A_Retention_3","15140A","WT","trained_conflict","2015","trained","train-conflict","Retention",9,4,16.466,102.43,102.43,"not equal","equal"
"15142B_T+_C+_2","15142A_T+_C+_2","15142B","WT","yoked_conflict","2015","yoked","train-conflict","T+_C+",33,13,63.598,12.83,12.83,"not equal","equal","15142A_T+_C+_2","15142A","WT","trained_conflict","2015","trained","train-conflict","T+_C+",1,1,0.667,353.27,353.27,"equal","equal"
"15144B_T4_C1_2","15144A_T4_C1_2","15144B","WT","yoked_conflict","2015","yoked","train-conflict","T4_C1",33,14,67.968,12.07,12.07,"not equal","equal","15144A_T4_C1_2","15144A","WT","trained_conflict","2015","trained","train-conflict","T4_C1",26,23,27.469,7.73,7.73,"not equal","equal"
"16-120D_Hab_1","16-120C_Hab_1","16-120D","FMR1-KO","yoked_conflict","2016","yoked","train-conflict","Hab",33,15,59.164,9.87,9.87,"not equal","equal","16-120C_Hab_1","16-120C","FMR1-KO","trained_conflict","2016","trained","train-conflict","Hab",49,30,83.837,1.1,1.1,"not equal","equal"
"15140D_Retest_2","15140C_Retest_2","15140D","WT","yoked_trained","2015","yoked","train-train","Retest",34,15,83.503,14.97,14.97,"not equal","equal","15140C_Retest_2","15140C","WT","trained_trained","2015","trained","train-train","Retest",10,7,12.901,17.57,17.57,"not equal","equal"
"15141D_T6_C3_2","15141C_T6_C3_2","15141D","WT","yoked_trained","2015","yoked","train-train","T6_C3",34,13,75.6,41.1,41.1,"not equal","equal","15141C_T6_C3_2","15141C","WT","trained_trained","2015","trained","train-train","T6_C3",12,12,6,3.13,3.13,"equal","equal"
"15148D_T1_1","15148C_T1_1","15148D","WT","yoked_conflict","2015","yoked","train-conflict","T1",34,16,55.166,11.07,11.07,"not equal","equal","15148C_T1_1","15148C","WT","trained_conflict","2015","trained","train-conflict","T1",7,7,6.666,0.87,0.87,"equal","equal"
"16-122D_T6_C3_2","16-122C_T6_C3_2","16-122D","WT","yoked_conflict","2016","yoked","train-conflict","T6_C3",34,13,64.164,4.2,4.2,"not equal","equal","16-122C_T6_C3_2","16-122C","WT","trained_conflict","2016","trained","train-conflict","T6_C3",3,3,2.401,79.53,79.53,"equal","equal"
"16-116D_T4_C1_2","16-116C_T4_C1_2","16-116D","FMR1-KO","yoked_conflict","2016","yoked","train-conflict","T4_C1",34,14,63.132,4.33,4.33,"not equal","equal","16-116C_T4_C1_2","16-116C","FMR1-KO","trained_conflict","2016","trained","train-conflict","T4_C1",17,16,18.464,0.53,0.53,"not equal","equal"
"15143B_T4_C1_2","15143A_T4_C1_2","15143B","WT","yoked_conflict","2015","yoked","train-conflict","T4_C1",35,12,66.133,44.8,44.8,"not equal","equal","15143A_T4_C1_2","15143A","WT","trained_conflict","2015","trained","train-conflict","T4_C1",14,12,16.098,0.5,0.5,"not equal","equal"
"16-123B_T3_1","16-123A_T3_1","16-123B","WT","yoked_trained","2016","yoked","train-train","T3",35,15,67.567,35.6,35.6,"not equal","equal","16-123A_T3_1","16-123A","WT","trained_trained","2016","trained","train-train","T3",8,7,9.033,90.07,90.07,"not equal","equal"
"16-121A_T3_1","16-121B_T3_1","16-121A","FMR1-KO","yoked_trained","2016","yoked","train-train","T3",35,11,65.596,42,42,"not equal","equal","16-121B_T3_1","16-121B","FMR1-KO","trained_trained","2016","trained","train-train","T3",4,4,3.433,82.53,82.53,"equal","equal"
"16-120D_Retest_2","16-120C_Retest_2","16-120D","FMR1-KO","yoked_conflict","2016","yoked","train-conflict","Retest",35,12,64.532,36.9,36.9,"not equal","equal","16-120C_Retest_2","16-120C","FMR1-KO","trained_conflict","2016","trained","train-conflict","Retest",2,2,1.634,380.9,380.9,"equal","equal"
"15141D_T5_C2_2","15141C_T5_C2_2","15141D","WT","yoked_trained","2015","yoked","train-train","T5_C2",36,16,69.502,28.77,28.77,"not equal","equal","15141C_T5_C2_2","15141C","WT","trained_trained","2015","trained","train-train","T5_C2",7,7,3.901,0.33,0.33,"equal","equal"
"15145B_Retention_3","15145A_Retention_3","15145B","WT","yoked_conflict","2015","yoked","train-conflict","Retention",36,14,68.462,20.17,20.17,"not equal","equal","15145A_Retention_3","15145A","WT","trained_conflict","2015","trained","train-conflict","Retention",0,0,0,600,600,"equal","equal"
"16-123D_T2_1","16-123C_T2_1","16-123D","WT","yoked_conflict","2016","yoked","train-conflict","T2",36,14,65.331,2.57,2.57,"not equal","equal","16-123C_T2_1","16-123C","WT","trained_conflict","2016","trained","train-conflict","T2",10,10,8.765,0.87,0.87,"equal","equal"
"16-123D_Retention_5","16-123C_Retention_5","16-123D","WT","yoked_conflict","2016","yoked","train-conflict","Retention",36,12,75.467,16.63,16.63,"not equal","equal","16-123C_Retention_5","16-123C","WT","trained_conflict","2016","trained","train-conflict","Retention",1,1,0.9,248.2,248.2,"equal","equal"
"16-120D_T2_1","16-120C_T2_1","16-120D","FMR1-KO","yoked_conflict","2016","yoked","train-conflict","T2",37,12,69.366,12.07,12.07,"not equal","equal","16-120C_T2_1","16-120C","FMR1-KO","trained_conflict","2016","trained","train-conflict","T2",5,5,6.1,57,57,"equal","equal"
"15142D_T1_1","15142C_T1_1","15142D","WT","yoked_trained","2015","yoked","train-train","T1",38,12,97.802,58.43,58.43,"not equal","equal","15142C_T1_1","15142C","WT","trained_trained","2015","trained","train-train","T1",5,5,4.998,5.43,5.43,"equal","equal"
"15146D_T2_1","15146C_T2_1","15146D","WT","yoked_trained","2015","yoked","train-train","T2",38,14,70.431,34.27,34.27,"not equal","equal","15146C_T2_1","15146C","WT","trained_trained","2015","trained","train-train","T2",1,1,0.767,327.4,327.4,"equal","equal"
"15141B_Hab_1","15141A_Hab_1","15141B","WT","yoked_conflict","2015","yoked","train-conflict","Hab",38,25,78.835,16.63,16.63,"not equal","equal","15141A_Hab_1","15141A","WT","trained_conflict","2015","trained","train-conflict","Hab",46,30,87.6,10.73,10.73,"not equal","equal"
"15142B_Retention_3","15142A_Retention_3","15142B","WT","yoked_conflict","2015","yoked","train-conflict","Retention",38,12,77.468,157.7,157.7,"not equal","equal","15142A_Retention_3","15142A","WT","trained_conflict","2015","trained","train-conflict","Retention",6,3,11.268,140.2,140.2,"not equal","equal"
"15148D_T4_C1_2","15148C_T4_C1_2","15148D","WT","yoked_conflict","2015","yoked","train-conflict","T4_C1",38,17,71.634,3.2,3.2,"not equal","equal","15148C_T4_C1_2","15148C","WT","trained_conflict","2015","trained","train-conflict","T4_C1",33,32,27.201,18.17,18.17,"not equal","equal"
"16-126B_T3_1","16-126A_T3_1","16-126B","WT","yoked_trained","2016","yoked","train-train","T3",38,17,72.367,86.57,86.57,"not equal","equal","16-126A_T3_1","16-126A","WT","trained_trained","2016","trained","train-train","T3",25,15,39.234,22.77,22.77,"not equal","equal"
"16-126B_T5_C2_2","16-126A_T5_C2_2","16-126B","WT","yoked_trained","2016","yoked","train-train","T5_C2",38,13,77.367,6.33,6.33,"not equal","equal","16-126A_T5_C2_2","16-126A","WT","trained_trained","2016","trained","train-train","T5_C2",21,19,25.229,14.63,14.63,"not equal","equal"
"16-119B_T3_1","16-119A_T3_1","16-119B","FMR1-KO","yoked_trained","2016","yoked","train-train","T3",38,14,76.733,64,64,"not equal","equal","16-119A_T3_1","16-119A","FMR1-KO","trained_trained","2016","trained","train-train","T3",6,6,5.499,63.97,63.97,"equal","equal"
"16-116D_T+_C+_3","16-116C_T+_C+_3","16-116D","FMR1-KO","yoked_conflict","2016","yoked","train-conflict","T+_C+",38,13,75.793,1.97,1.97,"not equal","equal","16-116C_T+_C+_3","16-116C","FMR1-KO","trained_conflict","2016","trained","train-conflict","T+_C+",2,2,1.967,234.1,234.1,"equal","equal"
"16-118D_T2_1","16-118C_T2_1","16-118D","FMR1-KO","yoked_conflict","2016","yoked","train-conflict","T2",38,12,73.298,40.87,40.87,"not equal","equal","16-118C_T2_1","16-118C","FMR1-KO","trained_conflict","2016","trained","train-conflict","T2",2,1,2.233,430.8,430.8,"not equal","equal"
"15142D_T5_C2_2","15142C_T5_C2_2","15142D","WT","yoked_trained","2015","yoked","train-train","T5_C2",39,8,77.899,21.1,21.1,"not equal","equal","15142C_T5_C2_2","15142C","WT","trained_trained","2015","trained","train-train","T5_C2",0,0,0,599.97,599.97,"equal","equal"
"15147D_T2_1","15147C_T2_1","15147D","WT","yoked_trained","2015","yoked","train-train","T2",39,16,78.605,22.9,22.9,"not equal","equal","15147C_T2_1","15147C","WT","trained_trained","2015","trained","train-train","T2",2,2,1.267,82.37,82.37,"equal","equal"
"15148B_T3_1","15148A_T3_1","15148B","WT","yoked_conflict","2015","yoked","train-conflict","T3",39,15,75.198,24.8,24.8,"not equal","equal","15148A_T3_1","15148A","WT","trained_conflict","2015","trained","train-conflict","T3",1,1,0.6,69.07,69.07,"equal","equal"
"16-122D_T1_1","16-122C_T1_1","16-122D","WT","yoked_conflict","2016","yoked","train-conflict","T1",39,14,73.333,20.8,20.8,"not equal","equal","16-122C_T1_1","16-122C","WT","trained_conflict","2016","trained","train-conflict","T1",10,9,15.4,15.97,15.97,"not equal","equal"
"16-123D_T1_1","16-123C_T1_1","16-123D","WT","yoked_conflict","2016","yoked","train-conflict","T1",39,13,75.937,24.7,24.7,"not equal","equal","16-123C_T1_1","16-123C","WT","trained_conflict","2016","trained","train-conflict","T1",9,9,10.366,2.77,2.77,"equal","equal"
"16-117B_Retest_2","16-117A_Retest_2","16-117B","FMR1-KO","yoked_trained","2016","yoked","train-train","Retest",39,11,75.834,28.33,28.33,"not equal","equal","16-117A_Retest_2","16-117A","FMR1-KO","trained_trained","2016","trained","train-train","Retest",4,3,5.368,169.5,169.5,"not equal","equal"
"15141B_T1_1","15141A_T1_1","15141B","WT","yoked_conflict","2015","yoked","train-conflict","T1",40,21,115.171,90.93,90.93,"not equal","equal","15141A_T1_1","15141A","WT","trained_conflict","2015","trained","train-conflict","T1",6,6,6.631,2.57,2.57,"equal","equal"
"15145B_T4_C1_2","15145A_T4_C1_2","15145B","WT","yoked_conflict","2015","yoked","train-conflict","T4_C1",40,18,73.268,14.57,14.57,"not equal","equal","15145A_T4_C1_2","15145A","WT","trained_conflict","2015","trained","train-conflict","T4_C1",29,27,30.201,0.53,0.53,"not equal","equal"
"15148B_T4_C1_2","15148A_T4_C1_2","15148B","WT","yoked_conflict","2015","yoked","train-conflict","T4_C1",40,15,70.166,41,41,"not equal","equal","15148A_T4_C1_2","15148A","WT","trained_conflict","2015","trained","train-conflict","T4_C1",24,17,28.402,6.43,6.43,"not equal","equal"
"15148D_T5_C2_2","15148C_T5_C2_2","15148D","WT","yoked_conflict","2015","yoked","train-conflict","T5_C2",40,15,76.501,13.13,13.13,"not equal","equal","15148C_T5_C2_2","15148C","WT","trained_conflict","2015","trained","train-conflict","T5_C2",28,28,20.163,15,15,"equal","equal"
"16-357D_Hab_1","16-125D_Hab_1","16-357D","WT","yoked_conflict","2016","yoked","train-conflict","Hab",40,16,78.162,0.53,0.53,"not equal","equal","16-125D_Hab_1","16-125D","WT","trained_conflict","2016","trained","train-conflict","Hab",48,24,92.371,1.73,1.73,"not equal","equal"
"16-121A_Hab_1","16-121B_Hab_1","16-121A","FMR1-KO","yoked_trained","2016","yoked","train-train","Hab",40,27,67.602,6.83,6.83,"not equal","equal","16-121B_Hab_1","16-121B","FMR1-KO","trained_trained","2016","trained","train-train","Hab",54,20,109.735,15.5,15.5,"not equal","equal"
"15140D_Retention_3","15140C_Retention_3","15140D","WT","yoked_trained","2015","yoked","train-train","Retention",41,14,82.302,48.93,48.93,"not equal","equal","15140C_Retention_3","15140C","WT","trained_trained","2015","trained","train-train","Retention",0,0,0.833,599.97,599.97,"equal","equal"
"15143D_T5_C2_2","15143C_T5_C2_2","15143D","WT","yoked_trained","2015","yoked","train-train","T5_C2",41,15,85.102,6.83,6.83,"not equal","equal","15143C_T5_C2_2","15143C","WT","trained_trained","2015","trained","train-train","T5_C2",1,1,1.233,18.77,18.77,"equal","equal"
"15148D_Retest_2","15148C_Retest_2","15148D","WT","yoked_conflict","2015","yoked","train-conflict","Retest",41,13,83.668,90.47,90.47,"not equal","equal","15148C_Retest_2","15148C","WT","trained_conflict","2015","trained","train-conflict","Retest",4,4,2.932,226.2,226.2,"equal","equal"
"15148D_Retention_3","15148C_Retention_3","15148D","WT","yoked_conflict","2015","yoked","train-conflict","Retention",41,13,83.498,9.2,9.2,"not equal","equal","15148C_Retention_3","15148C","WT","trained_conflict","2015","trained","train-conflict","Retention",37,9,78.035,21.37,21.37,"not equal","equal"
"16-125B_Hab_1","16-125A_Hab_1","16-125B","WT","yoked_trained","2016","yoked","train-train","Hab",41,24,80.033,0.5,0.5,"not equal","equal","16-125A_Hab_1","16-125A","WT","trained_trained","2016","trained","train-train","Hab",51,31,88.169,0.53,0.53,"not equal","equal"
"16-122D_Hab_1","16-122C_Hab_1","16-122D","WT","yoked_conflict","2016","yoked","train-conflict","Hab",41,21,81.099,31.67,31.67,"not equal","equal","16-122C_Hab_1","16-122C","WT","trained_conflict","2016","trained","train-conflict","Hab",81,30,155.166,3.77,3.77,"not equal","equal"
"16-123D_T4_C1_2","16-123C_T4_C1_2","16-123D","WT","yoked_conflict","2016","yoked","train-conflict","T4_C1",41,13,87.433,13.33,13.33,"not equal","equal","16-123C_T4_C1_2","16-123C","WT","trained_conflict","2016","trained","train-conflict","T4_C1",8,8,7.601,147.67,147.67,"equal","equal"
"16-123D_T+_C+_3","16-123C_T+_C+_3","16-123D","WT","yoked_conflict","2016","yoked","train-conflict","T+_C+",42,13,87.634,10.43,10.43,"not equal","equal","16-123C_T+_C+_3","16-123C","WT","trained_conflict","2016","trained","train-conflict","T+_C+",3,3,2.633,408.67,408.67,"equal","equal"
"16-119B_T1_1","16-119A_T1_1","16-119B","FMR1-KO","yoked_trained","2016","yoked","train-train","T1",42,18,74.032,0.53,0.53,"not equal","equal","16-119A_T1_1","16-119A","FMR1-KO","trained_trained","2016","trained","train-train","T1",10,8,12.565,3.9,3.9,"not equal","equal"
"15146D_T5_C2_2","15146C_T5_C2_2","15146D","WT","yoked_trained","2015","yoked","train-train","T5_C2",43,12,85.434,12.07,12.07,"not equal","equal","15146C_T5_C2_2","15146C","WT","trained_trained","2015","trained","train-train","T5_C2",4,4,3.633,24.37,24.37,"equal","equal"
"15146B_T6_C3_2","15146A_T6_C3_2","15146B","WT","yoked_conflict","2015","yoked","train-conflict","T6_C3",43,11,85.67,0.53,0.53,"not equal","equal","15146A_T6_C3_2","15146A","WT","trained_conflict","2015","trained","train-conflict","T6_C3",1,1,1.133,372.7,372.7,"equal","equal"
"15146B_Retention_3","15146A_Retention_3","15146B","WT","yoked_conflict","2015","yoked","train-conflict","Retention",43,11,86,16.8,16.8,"not equal","equal","15146A_Retention_3","15146A","WT","trained_conflict","2015","trained","train-conflict","Retention",0,0,0,599.97,599.97,"equal","equal"
"16-126B_Retention_3","16-126A_Retention_3","16-126B","WT","yoked_trained","2016","yoked","train-train","Retention",43,22,81.434,1,1,"not equal","equal","16-126A_Retention_3","16-126A","WT","trained_trained","2016","trained","train-train","Retention",16,8,28.432,110.43,110.43,"not equal","equal"
"16-122D_Retention_3","16-122C_Retention_3","16-122D","WT","yoked_conflict","2016","yoked","train-conflict","Retention",43,23,81.301,26.53,26.53,"not equal","equal","16-122C_Retention_3","16-122C","WT","trained_conflict","2016","trained","train-conflict","Retention",14,3,27.135,196.97,196.97,"not equal","equal"
"16-124D_T2_1","16-124C_T2_1","16-124D","WT","yoked_conflict","2016","yoked","train-conflict","T2",43,14,84.831,89.47,89.47,"not equal","equal","16-124C_T2_1","16-124C","WT","trained_conflict","2016","trained","train-conflict","T2",3,3,2.332,19.93,19.93,"equal","equal"
"16-117B_T3_1","16-117A_T3_1","16-117B","FMR1-KO","yoked_trained","2016","yoked","train-train","T3",43,13,93.167,36.57,36.57,"not equal","equal","16-117A_T3_1","16-117A","FMR1-KO","trained_trained","2016","trained","train-train","T3",7,5,8.067,64.37,64.37,"not equal","equal"
"16-121A_T5_C2_2","16-121B_T5_C2_2","16-121A","FMR1-KO","yoked_trained","2016","yoked","train-train","T5_C2",43,14,77.332,166.5,166.5,"not equal","equal","16-121B_T5_C2_2","16-121B","FMR1-KO","trained_trained","2016","trained","train-train","T5_C2",3,3,2.933,241.93,241.93,"equal","equal"
"16-120D_T3_1","16-120C_T3_1","16-120D","FMR1-KO","yoked_conflict","2016","yoked","train-conflict","T3",43,10,82.134,11.17,11.17,"not equal","equal","16-120C_T3_1","16-120C","FMR1-KO","trained_conflict","2016","trained","train-conflict","T3",2,2,2.134,46.63,46.63,"equal","equal"
"15146D_T1_1","15146C_T1_1","15146D","WT","yoked_trained","2015","yoked","train-train","T1",44,17,89.267,5.53,5.53,"not equal","equal","15146C_T1_1","15146C","WT","trained_trained","2015","trained","train-train","T1",5,5,4.668,5.63,5.63,"equal","equal"
"15146B_Retest_2","15146A_Retest_2","15146B","WT","yoked_conflict","2015","yoked","train-conflict","Retest",44,13,84.732,0.53,0.53,"not equal","equal","15146A_Retest_2","15146A","WT","trained_conflict","2015","trained","train-conflict","Retest",1,1,0.533,400.37,400.37,"equal","equal"
"15147B_T6_C3_2","15147A_T6_C3_2","15147B","WT","yoked_conflict","2015","yoked","train-conflict","T6_C3",44,11,83.533,62.93,62.93,"not equal","equal","15147A_T6_C3_2","15147A","WT","trained_conflict","2015","trained","train-conflict","T6_C3",9,9,7.869,32.03,32.03,"equal","equal"
"15148B_Retention_3","15148A_Retention_3","15148B","WT","yoked_conflict","2015","yoked","train-conflict","Retention",44,11,89.331,45.93,45.93,"not equal","equal","15148A_Retention_3","15148A","WT","trained_conflict","2015","trained","train-conflict","Retention",40,11,73.8,75.37,75.37,"not equal","equal"
"16-117B_T4_C1_2","16-117A_T4_C1_2","16-117B","FMR1-KO","yoked_trained","2016","yoked","train-train","T4_C1",44,10,83.935,130.57,130.57,"not equal","equal","16-117A_T4_C1_2","16-117A","FMR1-KO","trained_trained","2016","trained","train-train","T4_C1",2,2,2.334,66.53,66.53,"equal","equal"
"16-117B_T5_C2_2","16-117A_T5_C2_2","16-117B","FMR1-KO","yoked_trained","2016","yoked","train-train","T5_C2",44,15,86.304,10.57,10.57,"not equal","equal","16-117A_T5_C2_2","16-117A","FMR1-KO","trained_trained","2016","trained","train-train","T5_C2",2,2,1.666,23.77,23.77,"equal","equal"
"16-116D_Retest_2","16-116C_Retest_2","16-116D","FMR1-KO","yoked_conflict","2016","yoked","train-conflict","Retest",44,17,81.401,0.53,0.53,"not equal","equal","16-116C_Retest_2","16-116C","FMR1-KO","trained_conflict","2016","trained","train-conflict","Retest",2,2,2.2,125.43,125.43,"equal","equal"
"16-116D_T6_C3_2","16-116C_T6_C3_2","16-116D","FMR1-KO","yoked_conflict","2016","yoked","train-conflict","T6_C3",44,13,77.737,19.27,19.27,"not equal","equal","16-116C_T6_C3_2","16-116C","FMR1-KO","trained_conflict","2016","trained","train-conflict","T6_C3",2,2,1.932,0.53,0.53,"equal","equal"
"16-118D_T1_1","16-118C_T1_1","16-118D","FMR1-KO","yoked_conflict","2016","yoked","train-conflict","T1",44,10,86.333,18,18,"not equal","equal","16-118C_T1_1","16-118C","FMR1-KO","trained_conflict","2016","trained","train-conflict","T1",5,5,3.632,9.43,9.43,"equal","equal"
"16-126B_Retention_2","16-126A_Retention_2","16-126B","WT","yoked_trained","2016","yoked","train-train","Retention",45,18,86.768,16.43,16.43,"not equal","equal","16-126A_Retention_2","16-126A","WT","trained_trained","2016","trained","train-train","Retention",39,12,73.571,3.33,3.33,"not equal","equal"
"16-126B_T4_C1_2","16-126A_T4_C1_2","16-126B","WT","yoked_trained","2016","yoked","train-train","T4_C1",45,19,87.235,64.6,64.6,"not equal","equal","16-126A_T4_C1_2","16-126A","WT","trained_trained","2016","trained","train-train","T4_C1",6,6,10.268,13.63,13.63,"equal","equal"
"16-116B_Retest_2","16-116A_Retest_2","16-116B","FMR1-KO","yoked_trained","2016","yoked","train-train","Retest",45,17,91.267,6.3,6.3,"not equal","equal","16-116A_Retest_2","16-116A","FMR1-KO","trained_trained","2016","trained","train-train","Retest",9,8,10.732,26.97,26.97,"not equal","equal"
"16-119B_Retention_3","16-119A_Retention_3","16-119B","FMR1-KO","yoked_trained","2016","yoked","train-train","Retention",45,18,89.866,4.63,4.63,"not equal","equal","16-119A_Retention_3","16-119A","FMR1-KO","trained_trained","2016","trained","train-train","Retention",1,1,1.867,442.87,442.87,"equal","equal"
"16-116D_T+_C+_4","16-116C_T+_C+_4","16-116D","FMR1-KO","yoked_conflict","2016","yoked","train-conflict","T+_C+",45,16,78.634,22.23,22.23,"not equal","equal","16-116C_T+_C+_4","16-116C","FMR1-KO","trained_conflict","2016","trained","train-conflict","T+_C+",2,2,3.199,379.93,379.93,"equal","equal"
"16-124D_T6_C3_2","16-124C_T6_C3_2","16-124D","WT","yoked_conflict","2016","yoked","train-conflict","T6_C3",46,16,83.767,0.53,0.53,"not equal","equal","16-124C_T6_C3_2","16-124C","WT","trained_conflict","2016","trained","train-conflict","T6_C3",14,13,14.531,0.53,0.53,"not equal","equal"
"16-116D_Retention_6","16-116C_Retention_6","16-116D","FMR1-KO","yoked_conflict","2016","yoked","train-conflict","Retention",46,20,84.732,0.53,0.53,"not equal","equal","16-116C_Retention_6","16-116C","FMR1-KO","trained_conflict","2016","trained","train-conflict","Retention",15,6,25.601,83.9,83.9,"not equal","equal"
"15141D_NA_1","15141C_NA_1","15141D","WT","yoked_trained","2015","yoked","train-train",NA,47,16,109.634,4.8,4.8,"not equal","equal",NA,NA,NA,NA,NA,NA,NA,NA,NA,NA,NA,NA,NA,NA,NA
"15141D_T4_C1_2","15141C_T4_C1_2","15141D","WT","yoked_trained","2015","yoked","train-train","T4_C1",47,14,95.93,48.2,48.2,"not equal","equal","15141C_T4_C1_2","15141C","WT","trained_trained","2015","trained","train-train","T4_C1",10,10,8.064,39.7,39.7,"equal","equal"
"15142D_T4_C1_2","15142C_T4_C1_2","15142D","WT","yoked_trained","2015","yoked","train-train","T4_C1",47,12,90.399,54.77,54.77,"not equal","equal","15142C_T4_C1_2","15142C","WT","trained_trained","2015","trained","train-train","T4_C1",0,0,0,599.97,599.97,"equal","equal"
"15146D_T3_1","15146C_T3_1","15146D","WT","yoked_trained","2015","yoked","train-train","T3",47,12,99.1,33.03,33.03,"not equal","equal","15146C_T3_1","15146C","WT","trained_trained","2015","trained","train-train","T3",1,1,0.6,526.87,526.87,"equal","equal"
"15146B_T3_1","15146A_T3_1","15146B","WT","yoked_conflict","2015","yoked","train-conflict","T3",47,12,96.832,29.87,29.87,"not equal","equal","15146A_T3_1","15146A","WT","trained_conflict","2015","trained","train-conflict","T3",1,1,0.901,473.43,473.43,"equal","equal"
"15147B_T1_1","15147A_T1_1","15147B","WT","yoked_conflict","2015","yoked","train-conflict","T1",47,17,96.338,2.4,2.4,"not equal","equal","15147A_T1_1","15147A","WT","trained_conflict","2015","trained","train-conflict","T1",6,5,6.132,4.33,4.33,"not equal","equal"
"16-123B_T2_1","16-123A_T2_1","16-123B","WT","yoked_trained","2016","yoked","train-train","T2",47,14,90.033,120.27,120.27,"not equal","equal","16-123A_T2_1","16-123A","WT","trained_trained","2016","trained","train-train","T2",20,13,33.266,48.3,48.3,"not equal","equal"
"16-357A_Hab_1","16-124A_Hab_1","16-357A","WT","yoked_trained","2016","yoked","train-train","Hab",47,25,88.733,0.57,0.57,"not equal","equal","16-124A_Hab_1","16-124A","WT","trained_trained","2016","trained","train-train","Hab",68,32,125.202,10.77,10.77,"not equal","equal"
"16-122D_T3_1","16-122C_T3_1","16-122D","WT","yoked_conflict","2016","yoked","train-conflict","T3",47,20,86.2,13.53,13.53,"not equal","equal","16-122C_T3_1","16-122C","WT","trained_conflict","2016","trained","train-conflict","T3",20,14,30.034,0.53,0.53,"not equal","equal"
"16-122D_T4_C1_2","16-122C_T4_C1_2","16-122D","WT","yoked_conflict","2016","yoked","train-conflict","T4_C1",47,17,87.535,13.7,13.7,"not equal","equal","16-122C_T4_C1_2","16-122C","WT","trained_conflict","2016","trained","train-conflict","T4_C1",9,7,10.402,5.03,5.03,"not equal","equal"
"16-123D_T6_C3_2","16-123C_T6_C3_2","16-123D","WT","yoked_conflict","2016","yoked","train-conflict","T6_C3",47,17,86.035,23.63,23.63,"not equal","equal","16-123C_T6_C3_2","16-123C","WT","trained_conflict","2016","trained","train-conflict","T6_C3",23,20,25.233,74.33,74.33,"not equal","equal"
"16-117B_T1_1","16-117A_T1_1","16-117B","FMR1-KO","yoked_trained","2016","yoked","train-train","T1",47,11,89.433,7.23,7.23,"not equal","equal","16-117A_T1_1","16-117A","FMR1-KO","trained_trained","2016","trained","train-train","T1",8,8,8.601,5.17,5.17,"equal","equal"
"16-116D_T3_1","16-116C_T3_1","16-116D","FMR1-KO","yoked_conflict","2016","yoked","train-conflict","T3",47,15,91.399,2.47,2.47,"not equal","equal","16-116C_T3_1","16-116C","FMR1-KO","trained_conflict","2016","trained","train-conflict","T3",2,2,1.533,57.43,57.43,"equal","equal"
"15140D_T6_C3_2","15140C_T6_C3_2","15140D","WT","yoked_trained","2015","yoked","train-train","T6_C3",48,14,103.202,36.43,36.43,"not equal","equal","15140C_T6_C3_2","15140C","WT","trained_trained","2015","trained","train-train","T6_C3",0,0,0,599.97,599.97,"equal","equal"
"15140D_T+_C+_2","15140C_T+_C+_2","15140D","WT","yoked_trained","2015","yoked","train-train","T+_C+",48,20,106.401,0.67,0.67,"not equal","equal","15140C_T+_C+_2","15140C","WT","trained_trained","2015","trained","train-train","T+_C+",3,2,4.934,201.37,201.37,"not equal","equal"
"15141D_T2_1","15141C_T2_1","15141D","WT","yoked_trained","2015","yoked","train-train","T2",48,19,109.302,16.23,16.23,"not equal","equal","15141C_T2_1","15141C","WT","trained_trained","2015","trained","train-train","T2",19,19,18.398,33.1,33.1,"equal","equal"
"15142D_T2_1","15142C_T2_1","15142D","WT","yoked_trained","2015","yoked","train-train","T2",48,16,98.433,9.6,9.6,"not equal","equal","15142C_T2_1","15142C","WT","trained_trained","2015","trained","train-train","T2",1,1,0.7,454.63,454.63,"equal","equal"
"15145B_T2_1","15145A_T2_1","15145B","WT","yoked_conflict","2015","yoked","train-conflict","T2",48,16,105.634,77.8,77.8,"not equal","equal","15145A_T2_1","15145A","WT","trained_conflict","2015","trained","train-conflict","T2",2,2,3.867,51.63,51.63,"equal","equal"
"15147B_T5_C2_2","15147A_T5_C2_2","15147B","WT","yoked_conflict","2015","yoked","train-conflict","T5_C2",48,15,88.767,10.83,10.83,"not equal","equal","15147A_T5_C2_2","15147A","WT","trained_conflict","2015","trained","train-conflict","T5_C2",5,5,4.965,13.63,13.63,"equal","equal"
"16-119B_Hab_1","16-119A_Hab_1","16-119B","FMR1-KO","yoked_trained","2016","yoked","train-train","Hab",48,25,87.033,12.33,12.33,"not equal","equal","16-119A_Hab_1","16-119A","FMR1-KO","trained_trained","2016","trained","train-train","Hab",52,36,87.091,4.3,4.3,"not equal","equal"
"16-121A_T4_C1_2","16-121B_T4_C1_2","16-121A","FMR1-KO","yoked_trained","2016","yoked","train-train","T4_C1",48,16,88.464,0.53,0.53,"not equal","equal","16-121B_T4_C1_2","16-121B","FMR1-KO","trained_trained","2016","trained","train-train","T4_C1",6,6,4.965,0.83,0.83,"equal","equal"
"15143D_T1_1","15143C_T1_1","15143D","WT","yoked_trained","2015","yoked","train-train","T1",49,26,92.534,2.13,2.13,"not equal","equal","15143C_T1_1","15143C","WT","trained_trained","2015","trained","train-train","T1",10,10,9.198,4.13,4.13,"equal","equal"
"15146D_Retention_3","15146C_Retention_3","15146D","WT","yoked_trained","2015","yoked","train-train","Retention",49,12,106.564,37.03,37.03,"not equal","equal","15146C_Retention_3","15146C","WT","trained_trained","2015","trained","train-train","Retention",4,2,11.1,83.33,83.33,"not equal","equal"
"15147D_T3_1","15147C_T3_1","15147D","WT","yoked_trained","2015","yoked","train-train","T3",49,12,109.592,15.3,15.3,"not equal","equal","15147C_T3_1","15147C","WT","trained_trained","2015","trained","train-train","T3",1,1,1.067,445.53,445.53,"equal","equal"
"15148B_Retest_2","15148A_Retest_2","15148B","WT","yoked_conflict","2015","yoked","train-conflict","Retest",49,18,105.865,15,15,"not equal","equal","15148A_Retest_2","15148A","WT","trained_conflict","2015","trained","train-conflict","Retest",0,0,0,599.97,599.97,"equal","equal"
"16-357D_Retention_3","16-125D_Retention_3","16-357D","WT","yoked_conflict","2016","yoked","train-conflict","Retention",49,21,88.566,13.47,13.47,"not equal","equal","16-125D_Retention_3","16-125D","WT","trained_conflict","2016","trained","train-conflict","Retention",21,11,41.701,158.93,120.97,"not equal","not equal"
"16-117B_T6_C3_2","16-117A_T6_C3_2","16-117B","FMR1-KO","yoked_trained","2016","yoked","train-train","T6_C3",49,12,93.1,0.53,0.53,"not equal","equal","16-117A_T6_C3_2","16-117A","FMR1-KO","trained_trained","2016","trained","train-train","T6_C3",1,1,1.333,374.93,374.93,"equal","equal"
"16-118D_Hab_1","16-118C_Hab_1","16-118D","FMR1-KO","yoked_conflict","2016","yoked","train-conflict","Hab",49,29,87.266,15.53,15.53,"not equal","equal","16-118C_Hab_1","16-118C","FMR1-KO","trained_conflict","2016","trained","train-conflict","Hab",54,30,104.695,0.53,0.53,"not equal","equal"
"15141D_Retest_2","15141C_Retest_2","15141D","WT","yoked_trained","2015","yoked","train-train","Retest",50,15,106.466,35.43,35.43,"not equal","equal","15141C_Retest_2","15141C","WT","trained_trained","2015","trained","train-train","Retest",7,7,8.133,41.17,41.17,"equal","equal"
"15142D_T+_C+_3","15142C_T+_C+_3","15142D","WT","yoked_trained","2015","yoked","train-train","T+_C+",50,24,95.131,0.53,0.53,"not equal","equal","15142C_T+_C+_3","15142C","WT","trained_trained","2015","trained","train-train","T+_C+",1,1,1.234,317.13,317.13,"equal","equal"
"15143D_T6_C3_2","15143C_T6_C3_2","15143D","WT","yoked_trained","2015","yoked","train-train","T6_C3",50,12,103.236,49.87,49.87,"not equal","equal","15143C_T6_C3_2","15143C","WT","trained_trained","2015","trained","train-train","T6_C3",0,0,0,599.97,599.97,"equal","equal"
"15144D_T3_1","15144C_T3_1","15144D","WT","yoked_trained","2015","yoked","train-train","T3",50,12,103.066,34.37,34.37,"not equal","equal","15144C_T3_1","15144C","WT","trained_trained","2015","trained","train-train","T3",2,2,1.4,28.97,28.97,"equal","equal"
"15147D_T4_C1_2","15147C_T4_C1_2","15147D","WT","yoked_trained","2015","yoked","train-train","T4_C1",50,12,93.932,31.8,31.8,"not equal","equal","15147C_T4_C1_2","15147C","WT","trained_trained","2015","trained","train-train","T4_C1",2,2,1.4,297.17,297.17,"equal","equal"
"15147D_T5_C2_2","15147C_T5_C2_2","15147D","WT","yoked_trained","2015","yoked","train-train","T5_C2",50,11,103.302,11.23,11.23,"not equal","equal","15147C_T5_C2_2","15147C","WT","trained_trained","2015","trained","train-train","T5_C2",1,1,0.866,91.23,91.23,"equal","equal"
"15143B_T3_1","15143A_T3_1","15143B","WT","yoked_conflict","2015","yoked","train-conflict","T3",50,16,99.7,19.23,19.23,"not equal","equal","15143A_T3_1","15143A","WT","trained_conflict","2015","trained","train-conflict","T3",1,1,0.633,585.8,585.8,"equal","equal"
"16-122B_T1_1","16-122A_T1_1","16-122B","WT","yoked_trained","2016","yoked","train-train","T1",50,11,91.334,40.33,40.33,"not equal","equal","16-122A_T1_1","16-122A","WT","trained_trained","2016","trained","train-train","T1",12,11,12.599,33.77,33.77,"not equal","equal"
"16-123D_T3_1","16-123C_T3_1","16-123D","WT","yoked_conflict","2016","yoked","train-conflict","T3",50,17,95.799,30.97,30.97,"not equal","equal","16-123C_T3_1","16-123C","WT","trained_conflict","2016","trained","train-conflict","T3",10,10,11.533,37.47,37.47,"equal","equal"
"15142D_Retention_4","15142C_Retention_4","15142D","WT","yoked_trained","2015","yoked","train-train","Retention",51,22,96.399,7.93,7.93,"not equal","equal","15142C_Retention_4","15142C","WT","trained_trained","2015","trained","train-train","Retention",8,3,18.1,482.43,482.43,"not equal","equal"
"15146D_Hab_1","15146C_Hab_1","15146D","WT","yoked_trained","2015","yoked","train-train","Hab",51,25,98.338,1.83,1.83,"not equal","equal","15146C_Hab_1","15146C","WT","trained_trained","2015","trained","train-train","Hab",58,35,101.073,15.8,15.8,"not equal","equal"
"15147D_T6_C3_2","15147C_T6_C3_2","15147D","WT","yoked_trained","2015","yoked","train-train","T6_C3",51,11,97.565,30.03,30.03,"not equal","equal","15147C_T6_C3_2","15147C","WT","trained_trained","2015","trained","train-train","T6_C3",0,0,0,599.97,599.97,"equal","equal"
"15148B_Hab_1","15148A_Hab_1","15148B","WT","yoked_conflict","2015","yoked","train-conflict","Hab",51,35,88.033,14.6,14.6,"not equal","equal","15148A_Hab_1","15148A","WT","trained_conflict","2015","trained","train-conflict","Hab",61,28,117.834,0.5,0.5,"not equal","equal"
"16-125B_Retention_3","16-125A_Retention_3","16-125B","WT","yoked_trained","2016","yoked","train-train","Retention",51,18,94.265,7.9,7.9,"not equal","equal","16-125A_Retention_3","16-125A","WT","trained_trained","2016","trained","train-train","Retention",14,6,27.632,238.63,238.63,"not equal","equal"
"16-357B_Hab_1","16-124B_Hab_1","16-357B","WT","yoked_trained","2016","yoked","train-train","Hab",51,32,88.734,7.93,7.93,"not equal","equal","16-124B_Hab_1","16-124B","WT","trained_trained","2016","trained","train-train","Hab",56,27,99.138,1.03,1.03,"not equal","equal"
"16-124D_Retest_2","16-124C_Retest_2","16-124D","WT","yoked_conflict","2016","yoked","train-conflict","Retest",51,22,103.931,45.23,45.23,"not equal","equal","16-124C_Retest_2","16-124C","WT","trained_conflict","2016","trained","train-conflict","Retest",2,1,3.1,167.53,167.53,"not equal","equal"
"16-124D_T5_C2_2","16-124C_T5_C2_2","16-124D","WT","yoked_conflict","2016","yoked","train-conflict","T5_C2",51,16,103.301,2.63,2.63,"not equal","equal","16-124C_T5_C2_2","16-124C","WT","trained_conflict","2016","trained","train-conflict","T5_C2",21,18,24.934,0.53,0.53,"not equal","equal"
"16-121A_T6_C3_2","16-121B_T6_C3_2","16-121A","FMR1-KO","yoked_trained","2016","yoked","train-train","T6_C3",51,16,105.172,69.27,69.27,"not equal","equal","16-121B_T6_C3_2","16-121B","FMR1-KO","trained_trained","2016","trained","train-train","T6_C3",1,1,0.634,570.7,570.7,"equal","equal"
"15141D_Retention_3","15141C_Retention_3","15141D","WT","yoked_trained","2015","yoked","train-train","Retention",52,19,133.5,19.13,19.13,"not equal","equal","15141C_Retention_3","15141C","WT","trained_trained","2015","trained","train-train","Retention",21,8,35.798,30.53,30.53,"not equal","equal"
"15142D_Hab_1","15142C_Hab_1","15142D","WT","yoked_trained","2015","yoked","train-train","Hab",52,19,105.467,24.33,24.33,"not equal","equal","15142C_Hab_1","15142C","WT","trained_trained","2015","trained","train-train","Hab",57,34,96.867,0.5,0.5,"not equal","equal"
"15145D_Retest_2","15145C_Retest_2","15145D","WT","yoked_trained","2015","yoked","train-train","Retest",52,16,99.998,0.53,0.53,"not equal","equal","15145C_Retest_2","15145C","WT","trained_trained","2015","trained","train-train","Retest",6,5,7.368,28,28,"not equal","equal"
"15147D_Retest_2","15147C_Retest_2","15147D","WT","yoked_trained","2015","yoked","train-train","Retest",52,17,102.338,0.53,0.53,"not equal","equal","15147C_Retest_2","15147C","WT","trained_trained","2015","trained","train-train","Retest",1,1,0.6,433.5,433.5,"equal","equal"
"15147D_Retention_3","15147C_Retention_3","15147D","WT","yoked_trained","2015","yoked","train-train","Retention",52,12,98.271,45.87,45.87,"not equal","equal","15147C_Retention_3","15147C","WT","trained_trained","2015","trained","train-train","Retention",5,2,11.399,492.5,492.5,"not equal","equal"
"15143B_T5_C2_2","15143A_T5_C2_2","15143B","WT","yoked_conflict","2015","yoked","train-conflict","T5_C2",52,16,99.234,10.4,10.4,"not equal","equal","15143A_T5_C2_2","15143A","WT","trained_conflict","2015","trained","train-conflict","T5_C2",2,2,2.1,278.13,278.13,"equal","equal"
"15144B_Retention_3","15144A_Retention_3","15144B","WT","yoked_conflict","2015","yoked","train-conflict","Retention",52,20,107.065,67.2,67.2,"not equal","equal","15144A_Retention_3","15144A","WT","trained_conflict","2015","trained","train-conflict","Retention",0,0,0.034,599.97,599.97,"equal","equal"
"15145B_Retest_2","15145A_Retest_2","15145B","WT","yoked_conflict","2015","yoked","train-conflict","Retest",52,16,115.799,13.53,13.53,"not equal","equal","15145A_Retest_2","15145A","WT","trained_conflict","2015","trained","train-conflict","Retest",6,6,4.834,50,50,"equal","equal"
"16-117B_Retention_4","16-117A_Retention_4","16-117B","FMR1-KO","yoked_trained","2016","yoked","train-train","Retention",52,22,104.463,19.43,19.43,"not equal","equal","16-117A_Retention_4","16-117A","FMR1-KO","trained_trained","2016","trained","train-train","Retention",13,5,24.934,214.27,214.27,"not equal","equal"
"16-122B_T2_1","16-122A_T2_1","16-122B","WT","yoked_trained","2016","yoked","train-train","T2",53,12,103.533,18.47,18.47,"not equal","equal","16-122A_T2_1","16-122A","WT","trained_trained","2016","trained","train-train","T2",9,7,13.034,19.47,19.47,"not equal","equal"
"16-122D_T2_1","16-122C_T2_1","16-122D","WT","yoked_conflict","2016","yoked","train-conflict","T2",53,16,97.4,9.53,9.53,"not equal","equal","16-122C_T2_1","16-122C","WT","trained_conflict","2016","trained","train-conflict","T2",7,6,9.767,39.63,39.63,"not equal","equal"
"16-124D_Hab_1","16-124C_Hab_1","16-124D","WT","yoked_conflict","2016","yoked","train-conflict","Hab",53,25,108.835,20.27,20.27,"not equal","equal","16-124C_Hab_1","16-124C","WT","trained_conflict","2016","trained","train-conflict","Hab",52,28,92.535,16.47,16.47,"not equal","equal"
"15140D_T5_C2_2","15140C_T5_C2_2","15140D","WT","yoked_trained","2015","yoked","train-train","T5_C2",54,14,109.5,40.27,40.27,"not equal","equal","15140C_T5_C2_2","15140C","WT","trained_trained","2015","trained","train-train","T5_C2",8,7,9.968,71.33,71.33,"not equal","equal"
"15141D_T1_1","15141C_T1_1","15141D","WT","yoked_trained","2015","yoked","train-train","T1",54,20,106.666,1.07,1.07,"not equal","equal","15141C_T1_1","15141C","WT","trained_trained","2015","trained","train-train","T1",8,8,8.001,1.37,1.37,"equal","equal"
"15142D_T6_C3_2","15142C_T6_C3_2","15142D","WT","yoked_trained","2015","yoked","train-train","T6_C3",54,15,112.938,29.93,29.93,"not equal","equal","15142C_T6_C3_2","15142C","WT","trained_trained","2015","trained","train-train","T6_C3",0,0,0,599.97,599.97,"equal","equal"
"15146D_Retest_2","15146C_Retest_2","15146D","WT","yoked_trained","2015","yoked","train-train","Retest",54,22,102.131,0.53,0.53,"not equal","equal","15146C_Retest_2","15146C","WT","trained_trained","2015","trained","train-train","Retest",3,3,1.8,273.37,273.37,"equal","equal"
"16-118D_T3_1","16-118C_T3_1","16-118D","FMR1-KO","yoked_conflict","2016","yoked","train-conflict","T3",54,20,102.602,148.87,148.87,"not equal","equal","16-118C_T3_1","16-118C","FMR1-KO","trained_conflict","2016","trained","train-conflict","T3",12,11,14.167,39.43,39.43,"not equal","equal"
"15141D_Hab_1","15141C_Hab_1","15141D","WT","yoked_trained","2015","yoked","train-train","Hab",55,29,102.096,2.13,2.13,"not equal","equal","15141C_Hab_1","15141C","WT","trained_trained","2015","trained","train-train","Hab",44,23,83.731,14.3,14.3,"not equal","equal"
"15145D_Hab_1","15145C_Hab_1","15145D","WT","yoked_trained","2015","yoked","train-train","Hab",55,34,105.238,23.33,23.33,"not equal","equal","15145C_Hab_1","15145C","WT","trained_trained","2015","trained","train-train","Hab",54,31,113.835,9.27,9.27,"not equal","equal"
"15147D_T1_1","15147C_T1_1","15147D","WT","yoked_trained","2015","yoked","train-train","T1",55,17,116.764,0.53,0.53,"not equal","equal","15147C_T1_1","15147C","WT","trained_trained","2015","trained","train-train","T1",4,4,3.167,13.13,13.13,"equal","equal"
"15140B_Hab_1","15140A_Hab_1","15140B","WT","yoked_conflict","2015","yoked","train-conflict","Hab",55,35,98.704,20.1,20.1,"not equal","equal","15140A_Hab_1","15140A","WT","trained_conflict","2015","trained","train-conflict","Hab",52,28,94.665,24.63,24.63,"not equal","equal"
"15142B_T6_C3_2","15142A_T6_C3_2","15142B","WT","yoked_conflict","2015","yoked","train-conflict","T6_C3",55,15,108.367,3.47,3.47,"not equal","equal","15142A_T6_C3_2","15142A","WT","trained_conflict","2015","trained","train-conflict","T6_C3",3,3,2.867,322.7,322.7,"equal","equal"
"15145B_Hab_1","15145A_Hab_1","15145B","WT","yoked_conflict","2015","yoked","train-conflict","Hab",55,34,108.667,0.53,0.53,"not equal","equal","15145A_Hab_1","15145A","WT","trained_conflict","2015","trained","train-conflict","Hab",59,39,116.634,3.1,3.1,"not equal","equal"
"15145B_T1_1","15145A_T1_1","15145B","WT","yoked_conflict","2015","yoked","train-conflict","T1",55,23,102.293,6.43,6.43,"not equal","equal","15145A_T1_1","15145A","WT","trained_conflict","2015","trained","train-conflict","T1",6,6,4.798,17.5,17.5,"equal","equal"
"16-122B_Hab_1","16-122A_Hab_1","16-122B","WT","yoked_trained","2016","yoked","train-train","Hab",55,32,97.596,2.07,2.07,"not equal","equal","16-122A_Hab_1","16-122A","WT","trained_trained","2016","trained","train-train","Hab",48,31,84.571,2.8,2.8,"not equal","equal"
"16-122B_T4_C1_2","16-122A_T4_C1_2","16-122B","WT","yoked_trained","2016","yoked","train-train","T4_C1",55,14,105.738,44.63,44.63,"not equal","equal","16-122A_T4_C1_2","16-122A","WT","trained_trained","2016","trained","train-train","T4_C1",5,5,5.667,31.47,31.47,"equal","equal"
"16-126B_Hab_1","16-126A_Hab_1","16-126B","WT","yoked_trained","2016","yoked","train-train","Hab",55,32,97.871,15.1,15.1,"not equal","equal","16-126A_Hab_1","16-126A","WT","trained_trained","2016","trained","train-train","Hab",67,41,114.231,1.37,1.37,"not equal","equal"
"16-117B_Hab_1","16-117A_Hab_1","16-117B","FMR1-KO","yoked_trained","2016","yoked","train-train","Hab",55,32,96.165,0.53,0.53,"not equal","equal","16-117A_Hab_1","16-117A","FMR1-KO","trained_trained","2016","trained","train-train","Hab",49,30,84.1,3.43,3.43,"not equal","equal"
"15144D_T5_C2_2","15144C_T5_C2_2","15144D","WT","yoked_trained","2015","yoked","train-train","T5_C2",56,13,113.267,19.33,19.33,"not equal","equal","15144C_T5_C2_2","15144C","WT","trained_trained","2015","trained","train-train","T5_C2",0,0,0,599.97,599.97,"equal","equal"
"15147B_Hab_1","15147A_Hab_1","15147B","WT","yoked_conflict","2015","yoked","train-conflict","Hab",56,30,104.203,11.2,11.2,"not equal","equal","15147A_Hab_1","15147A","WT","trained_conflict","2015","trained","train-conflict","Hab",48,32,81.968,6.1,6.1,"not equal","equal"
"15147B_T2_1","15147A_T2_1","15147B","WT","yoked_conflict","2015","yoked","train-conflict","T2",56,17,114.067,74.9,74.9,"not equal","equal","15147A_T2_1","15147A","WT","trained_conflict","2015","trained","train-conflict","T2",3,3,2.433,26.77,26.77,"equal","equal"
"16-123B_T+_C+_3","16-123A_T+_C+_3","16-123B","WT","yoked_trained","2016","yoked","train-train","T+_C+",56,21,115.935,4.67,4.67,"not equal","equal","16-123A_T+_C+_3","16-123A","WT","trained_trained","2016","trained","train-train","T+_C+",5,5,4.967,5.27,5.27,"equal","equal"
"16-122D_T5_C2_2","16-122C_T5_C2_2","16-122D","WT","yoked_conflict","2016","yoked","train-conflict","T5_C2",56,17,109.6,19.67,19.67,"not equal","equal","16-122C_T5_C2_2","16-122C","WT","trained_conflict","2016","trained","train-conflict","T5_C2",6,4,9.236,177.27,177.27,"not equal","equal"
"16-123D_T+_C+_4","16-123C_T+_C+_4","16-123D","WT","yoked_conflict","2016","yoked","train-conflict","T+_C+",56,16,107.268,36.27,36.27,"not equal","equal","16-123C_T+_C+_4","16-123C","WT","trained_conflict","2016","trained","train-conflict","T+_C+",3,3,2.768,353.3,353.3,"equal","equal"
"16-124D_Retention_3","16-124C_Retention_3","16-124D","WT","yoked_conflict","2016","yoked","train-conflict","Retention",56,18,104.637,0.53,0.53,"not equal","equal","16-124C_Retention_3","16-124C","WT","trained_conflict","2016","trained","train-conflict","Retention",25,8,49.832,234.6,234.6,"not equal","equal"
"16-117B_T+_C+_3","16-117A_T+_C+_3","16-117B","FMR1-KO","yoked_trained","2016","yoked","train-train","T+_C+",56,14,103.235,36.2,36.2,"not equal","equal","16-117A_T+_C+_3","16-117A","FMR1-KO","trained_trained","2016","trained","train-train","T+_C+",1,1,1.133,475.3,475.3,"equal","equal"
"16-119B_T2_1","16-119A_T2_1","16-119B","FMR1-KO","yoked_trained","2016","yoked","train-train","T2",56,18,107.168,8.03,8.03,"not equal","equal","16-119A_T2_1","16-119A","FMR1-KO","trained_trained","2016","trained","train-train","T2",9,9,7.468,41.43,41.43,"equal","equal"
"15144D_Retention_3","15144C_Retention_3","15144D","WT","yoked_trained","2015","yoked","train-train","Retention",57,22,111.768,0.53,0.53,"not equal","equal",NA,NA,NA,NA,NA,NA,NA,NA,NA,NA,NA,NA,NA,NA,NA
"15142B_Hab_1","15142A_Hab_1","15142B","WT","yoked_conflict","2015","yoked","train-conflict","Hab",57,30,109.031,16.17,16.17,"not equal","equal","15142A_Hab_1","15142A","WT","trained_conflict","2015","trained","train-conflict","Hab",60,34,97.965,17.43,17.43,"not equal","equal"
"15143B_T2_1","15143A_T2_1","15143B","WT","yoked_conflict","2015","yoked","train-conflict","T2",57,12,117.163,30.93,30.93,"not equal","equal","15143A_T2_1","15143A","WT","trained_conflict","2015","trained","train-conflict","T2",3,3,2.301,27,27,"equal","equal"
"15144B_Retest_2","15144A_Retest_2","15144B","WT","yoked_conflict","2015","yoked","train-conflict","Retest",57,22,106.532,49.07,49.07,"not equal","equal","15144A_Retest_2","15144A","WT","trained_conflict","2015","trained","train-conflict","Retest",1,1,1.3,375.97,375.97,"equal","equal"
"15148D_T6_C3_2","15148C_T6_C3_2","15148D","WT","yoked_conflict","2015","yoked","train-conflict","T6_C3",57,16,111.132,143.13,143.13,"not equal","equal","15148C_T6_C3_2","15148C","WT","trained_conflict","2015","trained","train-conflict","T6_C3",23,23,15.599,21.8,21.8,"equal","equal"
"16-123D_Hab_1","16-123C_Hab_1","16-123D","WT","yoked_conflict","2016","yoked","train-conflict","Hab",57,28,106.767,1.63,1.63,"not equal","equal","16-123C_Hab_1","16-123C","WT","trained_conflict","2016","trained","train-conflict","Hab",42,22,85.234,27.73,2.2,"not equal","not equal"
"16-118D_Retention_3","16-118C_Retention_3","16-118D","FMR1-KO","yoked_conflict","2016","yoked","train-conflict","Retention",57,23,111.666,11.43,2.1,"not equal","not equal","16-118C_Retention_3","16-118C","FMR1-KO","trained_conflict","2016","trained","train-conflict","Retention",4,3,5.999,131.73,131.73,"not equal","equal"
"15140D_T1_1","15140C_T1_1","15140D","WT","yoked_trained","2015","yoked","train-train","T1",58,25,97.999,21.8,21.8,"not equal","equal","15140C_T1_1","15140C","WT","trained_trained","2015","trained","train-train","T1",6,6,6.333,1.73,1.73,"equal","equal"
"15142D_Retest_2","15142C_Retest_2","15142D","WT","yoked_trained","2015","yoked","train-train","Retest",58,15,115.436,21.23,21.23,"not equal","equal","15142C_Retest_2","15142C","WT","trained_trained","2015","trained","train-train","Retest",1,1,0.701,148.13,148.13,"equal","equal"
"15145D_T6_C3_2","15145C_T6_C3_2","15145D","WT","yoked_trained","2015","yoked","train-train","T6_C3",58,26,117.532,19.53,19.53,"not equal","equal","15145C_T6_C3_2","15145C","WT","trained_trained","2015","trained","train-train","T6_C3",13,13,9.401,31.9,31.9,"equal","equal"
"16-124D_T4_C1_2","16-124C_T4_C1_2","16-124D","WT","yoked_conflict","2016","yoked","train-conflict","T4_C1",58,19,112.335,16.83,16.83,"not equal","equal","16-124C_T4_C1_2","16-124C","WT","trained_conflict","2016","trained","train-conflict","T4_C1",3,3,2.001,74.97,74.97,"equal","equal"
"16-116B_T2_1","16-116A_T2_1","16-116B","FMR1-KO","yoked_trained","2016","yoked","train-train","T2",58,19,110.33,1.17,1.17,"not equal","equal","16-116A_T2_1","16-116A","FMR1-KO","trained_trained","2016","trained","train-train","T2",12,9,12.698,0.53,0.53,"not equal","equal"
"16-116D_T+_C+_5","16-116C_T+_C+_5","16-116D","FMR1-KO","yoked_conflict","2016","yoked","train-conflict","T+_C+",58,22,118.368,10.5,10.5,"not equal","equal","16-116C_T+_C+_5","16-116C","FMR1-KO","trained_conflict","2016","trained","train-conflict","T+_C+",1,1,0.867,378.5,378.5,"equal","equal"
"15143D_Hab_1","15143C_Hab_1","15143D","WT","yoked_trained","2015","yoked","train-train","Hab",59,38,95.336,30.47,30.47,"not equal","equal","15143C_Hab_1","15143C","WT","trained_trained","2015","trained","train-train","Hab",52,31,96.04,0.53,0.53,"not equal","equal"
"15144D_T6_C3_2","15144C_T6_C3_2","15144D","WT","yoked_trained","2015","yoked","train-train","T6_C3",59,13,120.931,0.53,0.53,"not equal","equal","15144C_T6_C3_2","15144C","WT","trained_trained","2015","trained","train-train","T6_C3",1,1,0.667,46.53,46.53,"equal","equal"
"15147D_Hab_1","15147C_Hab_1","15147D","WT","yoked_trained","2015","yoked","train-train","Hab",59,34,109.605,8.33,8.33,"not equal","equal","15147C_Hab_1","15147C","WT","trained_trained","2015","trained","train-train","Hab",49,25,88.002,6.87,6.87,"not equal","equal"
"15142B_T1_1","15142A_T1_1","15142B","WT","yoked_conflict","2015","yoked","train-conflict","T1",59,17,115.865,2.87,2.87,"not equal","equal","15142A_T1_1","15142A","WT","trained_conflict","2015","trained","train-conflict","T1",7,7,4.668,3.83,3.83,"equal","equal"
"15146B_T4_C1_2","15146A_T4_C1_2","15146B","WT","yoked_conflict","2015","yoked","train-conflict","T4_C1",59,15,113.202,15.1,15.1,"not equal","equal","15146A_T4_C1_2","15146A","WT","trained_conflict","2015","trained","train-conflict","T4_C1",26,24,24.033,0.53,0.53,"not equal","equal"
"16-123B_T4_C1_2","16-123A_T4_C1_2","16-123B","WT","yoked_trained","2016","yoked","train-train","T4_C1",59,14,116.536,42.33,42.33,"not equal","equal","16-123A_T4_C1_2","16-123A","WT","trained_trained","2016","trained","train-train","T4_C1",6,6,5.131,126.23,126.23,"equal","equal"
"16-121A_Retest_2","16-121B_Retest_2","16-121A","FMR1-KO","yoked_trained","2016","yoked","train-train","Retest",59,21,114.533,0.53,0.53,"not equal","equal","16-121B_Retest_2","16-121B","FMR1-KO","trained_trained","2016","trained","train-train","Retest",4,4,2.967,97.77,97.77,"equal","equal"
"15143D_Retest_2","15143C_Retest_2","15143D","WT","yoked_trained","2015","yoked","train-train","Retest",60,16,120.099,23.07,23.07,"not equal","equal","15143C_Retest_2","15143C","WT","trained_trained","2015","trained","train-train","Retest",2,2,1.3,275.53,275.53,"equal","equal"
"15144D_Retest_2","15144C_Retest_2","15144D","WT","yoked_trained","2015","yoked","train-train","Retest",60,19,123.568,24.57,24.57,"not equal","equal","15144C_Retest_2","15144C","WT","trained_trained","2015","trained","train-train","Retest",1,1,0.934,593.9,593.9,"equal","equal"
"15145D_T1_1","15145C_T1_1","15145D","WT","yoked_trained","2015","yoked","train-train","T1",60,26,118.369,40,40,"not equal","equal","15145C_T1_1","15145C","WT","trained_trained","2015","trained","train-train","T1",10,10,9.601,2.9,2.9,"equal","equal"
"15143B_Retest_2","15143A_Retest_2","15143B","WT","yoked_conflict","2015","yoked","train-conflict","Retest",60,16,126.597,25.1,25.1,"not equal","equal","15143A_Retest_2","15143A","WT","trained_conflict","2015","trained","train-conflict","Retest",2,2,1.299,98.2,98.2,"equal","equal"
"16-116D_T2_1","16-116C_T2_1","16-116D","FMR1-KO","yoked_conflict","2016","yoked","train-conflict","T2",60,19,108.037,31.97,31.97,"not equal","equal","16-116C_T2_1","16-116C","FMR1-KO","trained_conflict","2016","trained","train-conflict","T2",5,5,5.301,43.97,43.97,"equal","equal"
"15140D_Hab_1","15140C_Hab_1","15140D","WT","yoked_trained","2015","yoked","train-train","Hab",61,35,107.802,8.8,8.8,"not equal","equal","15140C_Hab_1","15140C","WT","trained_trained","2015","trained","train-train","Hab",62,28,114.934,0.53,0.53,"not equal","equal"
"15142D_T3_1","15142C_T3_1","15142D","WT","yoked_trained","2015","yoked","train-train","T3",61,15,115.302,34.17,34.17,"not equal","equal","15142C_T3_1","15142C","WT","trained_trained","2015","trained","train-train","T3",1,1,0.767,64.83,64.83,"equal","equal"
"15146D_T6_C3_2","15146C_T6_C3_2","15146D","WT","yoked_trained","2015","yoked","train-train","T6_C3",61,15,120.901,23.77,23.77,"not equal","equal","15146C_T6_C3_2","15146C","WT","trained_trained","2015","trained","train-train","T6_C3",8,8,7.833,62.4,62.4,"equal","equal"
"15145B_T3_1","15145A_T3_1","15145B","WT","yoked_conflict","2015","yoked","train-conflict","T3",61,20,118.933,11.47,11.47,"not equal","equal","15145A_T3_1","15145A","WT","trained_conflict","2015","trained","train-conflict","T3",1,1,0.633,324.37,324.37,"equal","equal"
"15147B_T3_1","15147A_T3_1","15147B","WT","yoked_conflict","2015","yoked","train-conflict","T3",61,15,119.369,18,18,"not equal","equal","15147A_T3_1","15147A","WT","trained_conflict","2015","trained","train-conflict","T3",1,1,0.533,180.6,180.6,"equal","equal"
"15148B_T2_1","15148A_T2_1","15148B","WT","yoked_conflict","2015","yoked","train-conflict","T2",61,23,118.57,50.57,50.57,"not equal","equal","15148A_T2_1","15148A","WT","trained_conflict","2015","trained","train-conflict","T2",1,1,0.999,454.03,454.03,"equal","equal"
"15148D_Hab_1","15148C_Hab_1","15148D","WT","yoked_conflict","2015","yoked","train-conflict","Hab",61,25,126.207,12.5,12.5,"not equal","equal","15148C_Hab_1","15148C","WT","trained_conflict","2015","trained","train-conflict","Hab",50,25,97.966,2.73,2.73,"not equal","equal"
"16-122B_T5_C2_2","16-122A_T5_C2_2","16-122B","WT","yoked_trained","2016","yoked","train-train","T5_C2",61,17,119.164,10.73,10.73,"not equal","equal","16-122A_T5_C2_2","16-122A","WT","trained_trained","2016","trained","train-train","T5_C2",3,3,3.034,37.3,37.3,"equal","equal"
"16-123B_T+_C+_4","16-123A_T+_C+_4","16-123B","WT","yoked_trained","2016","yoked","train-train","T+_C+",61,22,122.535,23.67,4.5,"not equal","not equal","16-123A_T+_C+_4","16-123A","WT","trained_trained","2016","trained","train-train","T+_C+",0,0,0,600,600,"equal","equal"
"15144B_T1_1","15144A_T1_1","15144B","WT","yoked_conflict","2015","yoked","train-conflict","T1",62,22,117.771,20.13,20.13,"not equal","equal","15144A_T1_1","15144A","WT","trained_conflict","2015","trained","train-conflict","T1",12,12,9.498,7.97,7.97,"equal","equal"
"15146B_T2_1","15146A_T2_1","15146B","WT","yoked_conflict","2015","yoked","train-conflict","T2",62,15,131.034,22,22,"not equal","equal","15146A_T2_1","15146A","WT","trained_conflict","2015","trained","train-conflict","T2",2,2,2.369,8.47,8.47,"equal","equal"
"16-116B_T1_1","16-116A_T1_1","16-116B","FMR1-KO","yoked_trained","2016","yoked","train-train","T1",62,17,119.764,8.6,8.6,"not equal","equal","16-116A_T1_1","16-116A","FMR1-KO","trained_trained","2016","trained","train-train","T1",16,16,17.298,8.43,8.43,"equal","equal"
"15145D_T2_1","15145C_T2_1","15145D","WT","yoked_trained","2015","yoked","train-train","T2",63,18,144.063,100.9,100.9,"not equal","equal","15145C_T2_1","15145C","WT","trained_trained","2015","trained","train-train","T2",7,6,8,14.83,14.83,"not equal","equal"
"15145D_Retention_3","15145C_Retention_3","15145D","WT","yoked_trained","2015","yoked","train-train","Retention",63,15,127.67,19.43,19.43,"not equal","equal","15145C_Retention_3","15145C","WT","trained_trained","2015","trained","train-train","Retention",28,10,52.701,68.53,68.53,"not equal","equal"
"15141B_T2_1","15141A_T2_1","15141B","WT","yoked_conflict","2015","yoked","train-conflict","T2",63,35,122.533,6.2,6.2,"not equal","equal","15141A_T2_1","15141A","WT","trained_conflict","2015","trained","train-conflict","T2",12,10,13.567,38.83,38.83,"not equal","equal"
"15144B_Hab_1","15144A_Hab_1","15144B","WT","yoked_conflict","2015","yoked","train-conflict","Hab",63,33,110.933,11.63,11.63,"not equal","equal","15144A_Hab_1","15144A","WT","trained_conflict","2015","trained","train-conflict","Hab",64,33,122.296,20.23,20.23,"not equal","equal"
"15146B_T5_C2_2","15146A_T5_C2_2","15146B","WT","yoked_conflict","2015","yoked","train-conflict","T5_C2",63,11,121.667,0.57,0.57,"not equal","equal","15146A_T5_C2_2","15146A","WT","trained_conflict","2015","trained","train-conflict","T5_C2",1,1,0.634,542.4,542.4,"equal","equal"
"15148D_T3_1","15148C_T3_1","15148D","WT","yoked_conflict","2015","yoked","train-conflict","T3",63,18,120.003,18.37,18.37,"not equal","equal","15148C_T3_1","15148C","WT","trained_conflict","2015","trained","train-conflict","T3",15,12,18.833,18.5,18.5,"not equal","equal"
"16-124D_T3_1","16-124C_T3_1","16-124D","WT","yoked_conflict","2016","yoked","train-conflict","T3",63,20,119.471,19.8,19.8,"not equal","equal","16-124C_T3_1","16-124C","WT","trained_conflict","2016","trained","train-conflict","T3",3,3,2.366,19.27,19.27,"equal","equal"
"16-120D_T4_C1_2","16-120C_T4_C1_2","16-120D","FMR1-KO","yoked_conflict","2016","yoked","train-conflict","T4_C1",63,23,113.865,2.97,2.97,"not equal","equal","16-120C_T4_C1_2","16-120C","FMR1-KO","trained_conflict","2016","trained","train-conflict","T4_C1",40,27,56.03,1,1,"not equal","equal"
"15144D_T4_C1_2","15144C_T4_C1_2","15144D","WT","yoked_trained","2015","yoked","train-train","T4_C1",64,17,125.6,26.83,26.83,"not equal","equal","15144C_T4_C1_2","15144C","WT","trained_trained","2015","trained","train-train","T4_C1",3,2,4.601,249.4,249.4,"not equal","equal"
"15145B_T5_C2_2","15145A_T5_C2_2","15145B","WT","yoked_conflict","2015","yoked","train-conflict","T5_C2",64,16,128.033,13.43,13.43,"not equal","equal","15145A_T5_C2_2","15145A","WT","trained_conflict","2015","trained","train-conflict","T5_C2",4,4,3.534,102.37,102.37,"equal","equal"
"15146B_T1_1","15146A_T1_1","15146B","WT","yoked_conflict","2015","yoked","train-conflict","T1",64,19,124.134,34.33,34.33,"not equal","equal","15146A_T1_1","15146A","WT","trained_conflict","2015","trained","train-conflict","T1",25,15,35.934,9.17,9.17,"not equal","equal"
"15148D_T2_1","15148C_T2_1","15148D","WT","yoked_conflict","2015","yoked","train-conflict","T2",64,17,123.634,74.77,74.77,"not equal","equal","15148C_T2_1","15148C","WT","trained_conflict","2015","trained","train-conflict","T2",3,3,1.968,46.07,46.07,"equal","equal"
"15145B_T6_C3_2","15145A_T6_C3_2","15145B","WT","yoked_conflict","2015","yoked","train-conflict","T6_C3",65,14,123.635,30.47,30.47,"not equal","equal","15145A_T6_C3_2","15145A","WT","trained_conflict","2015","trained","train-conflict","T6_C3",4,4,5.834,183.37,183.37,"equal","equal"
"15146B_Hab_1","15146A_Hab_1","15146B","WT","yoked_conflict","2015","yoked","train-conflict","Hab",65,33,116.636,3.4,3.4,"not equal","equal","15146A_Hab_1","15146A","WT","trained_conflict","2015","trained","train-conflict","Hab",66,37,112.933,1.97,1.97,"not equal","equal"
"16-122B_Retention_3","16-122A_Retention_3","16-122B","WT","yoked_trained","2016","yoked","train-train","Retention",65,27,123.666,13.77,13.77,"not equal","equal","16-122A_Retention_3","16-122A","WT","trained_trained","2016","trained","train-train","Retention",18,6,37.101,291.2,291.2,"not equal","equal"
"16-123B_T6_C3_2","16-123A_T6_C3_2","16-123B","WT","yoked_trained","2016","yoked","train-train","T6_C3",65,21,133.835,25.9,25.9,"not equal","equal","16-123A_T6_C3_2","16-123A","WT","trained_trained","2016","trained","train-train","T6_C3",17,12,22.768,50.87,50.87,"not equal","equal"
"16-121A_Retention_3","16-121B_Retention_3","16-121A","FMR1-KO","yoked_trained","2016","yoked","train-train","Retention",65,22,133.801,12.77,12.77,"not equal","equal","16-121B_Retention_3","16-121B","FMR1-KO","trained_trained","2016","trained","train-train","Retention",21,9,42.401,411.97,411.97,"not equal","equal"
"15144B_T3_1","15144A_T3_1","15144B","WT","yoked_conflict","2015","yoked","train-conflict","T3",66,17,131.365,1.17,1.17,"not equal","equal","15144A_T3_1","15144A","WT","trained_conflict","2015","trained","train-conflict","T3",1,1,1.3,400.93,400.93,"equal","equal"
"15143D_Retention_3","15143C_Retention_3","15143D","WT","yoked_trained","2015","yoked","train-train","Retention",67,20,131.1,23.13,23.13,"not equal","equal","15143C_Retention_3","15143C","WT","trained_trained","2015","trained","train-train","Retention",1,1,1.633,516.47,516.47,"equal","equal"
"16-116B_Hab_1","16-116A_Hab_1","16-116B","FMR1-KO","yoked_trained","2016","yoked","train-train","Hab",67,33,118.368,3.37,3.37,"not equal","equal","16-116A_Hab_1","16-116A","FMR1-KO","trained_trained","2016","trained","train-train","Hab",62,27,109.562,6,6,"not equal","equal"
"16-120D_T5_C2_2","16-120C_T5_C2_2","16-120D","FMR1-KO","yoked_conflict","2016","yoked","train-conflict","T5_C2",67,21,128.001,0.53,0.53,"not equal","equal","16-120C_T5_C2_2","16-120C","FMR1-KO","trained_conflict","2016","trained","train-conflict","T5_C2",23,18,36.195,0.53,0.53,"not equal","equal"
"15143D_T3_1","15143C_T3_1","15143D","WT","yoked_trained","2015","yoked","train-train","T3",68,21,146.434,0.53,0.53,"not equal","equal","15143C_T3_1","15143C","WT","trained_trained","2015","trained","train-train","T3",1,1,0.733,306.87,306.87,"equal","equal"
"15148B_T5_C2_2","15148A_T5_C2_2","15148B","WT","yoked_conflict","2015","yoked","train-conflict","T5_C2",68,17,129.666,6.77,6.77,"not equal","equal","15148A_T5_C2_2","15148A","WT","trained_conflict","2015","trained","train-conflict","T5_C2",5,5,5.201,6.83,6.83,"equal","equal"
"16-122B_T6_C3_2","16-122A_T6_C3_2","16-122B","WT","yoked_trained","2016","yoked","train-train","T6_C3",68,14,128.698,42.07,42.07,"not equal","equal","16-122A_T6_C3_2","16-122A","WT","trained_trained","2016","trained","train-train","T6_C3",4,3,5.067,188.6,188.6,"not equal","equal"
"16-116D_T1_1","16-116C_T1_1","16-116D","FMR1-KO","yoked_conflict","2016","yoked","train-conflict","T1",68,22,129.501,7.27,7.27,"not equal","equal","16-116C_T1_1","16-116C","FMR1-KO","trained_conflict","2016","trained","train-conflict","T1",9,9,8.602,15.67,15.67,"equal","equal"
"15145D_T3_1","15145C_T3_1","15145D","WT","yoked_trained","2015","yoked","train-train","T3",69,25,151.999,22,22,"not equal","equal","15145C_T3_1","15145C","WT","trained_trained","2015","trained","train-train","T3",5,5,5.033,18.03,18.03,"equal","equal"
"15144B_T6_C3_2","15144A_T6_C3_2","15144B","WT","yoked_conflict","2015","yoked","train-conflict","T6_C3",69,20,130.833,16.03,16.03,"not equal","equal","15144A_T6_C3_2","15144A","WT","trained_conflict","2015","trained","train-conflict","T6_C3",1,1,0.934,388.47,388.47,"equal","equal"
"16-118D_T6_C3_2","16-118C_T6_C3_2","16-118D","FMR1-KO","yoked_conflict","2016","yoked","train-conflict","T6_C3",69,18,135.534,0.5,0.5,"not equal","equal","16-118C_T6_C3_2","16-118C","FMR1-KO","trained_conflict","2016","trained","train-conflict","T6_C3",0,0,0.066,599.97,599.97,"equal","equal"
"16-120D_T6_C3_2","16-120C_T6_C3_2","16-120D","FMR1-KO","yoked_conflict","2016","yoked","train-conflict","T6_C3",69,18,128.767,0.53,0.53,"not equal","equal","16-120C_T6_C3_2","16-120C","FMR1-KO","trained_conflict","2016","trained","train-conflict","T6_C3",7,5,12.833,0.53,0.53,"not equal","equal"
"16-120D_Retention_3","16-120C_Retention_3","16-120D","FMR1-KO","yoked_conflict","2016","yoked","train-conflict","Retention",69,18,130.934,20.3,20.3,"not equal","equal","16-120C_Retention_3","16-120C","FMR1-KO","trained_conflict","2016","trained","train-conflict","Retention",35,15,76.767,31.97,31.97,"not equal","equal"
"15143D_T4_C1_2","15143C_T4_C1_2","15143D","WT","yoked_trained","2015","yoked","train-train","T4_C1",70,13,140.201,29.27,29.27,"not equal","equal","15143C_T4_C1_2","15143C","WT","trained_trained","2015","trained","train-train","T4_C1",0,0,0,599.97,599.97,"equal","equal"
"15144B_T5_C2_2","15144A_T5_C2_2","15144B","WT","yoked_conflict","2015","yoked","train-conflict","T5_C2",70,18,138.605,13.6,13.6,"not equal","equal","15144A_T5_C2_2","15144A","WT","trained_conflict","2015","trained","train-conflict","T5_C2",3,3,2.567,48.6,48.6,"equal","equal"
"15147B_Retest_2","15147A_Retest_2","15147B","WT","yoked_conflict","2015","yoked","train-conflict","Retest",70,17,158.432,19.9,19.9,"not equal","equal","15147A_Retest_2","15147A","WT","trained_conflict","2015","trained","train-conflict","Retest",5,5,3.667,47.77,47.77,"equal","equal"
"16-116B_T3_1","16-116A_T3_1","16-116B","FMR1-KO","yoked_trained","2016","yoked","train-train","T3",70,20,127.898,24.8,24.8,"not equal","equal","16-116A_T3_1","16-116A","FMR1-KO","trained_trained","2016","trained","train-train","T3",3,3,2.601,7.6,7.6,"equal","equal"
"15144D_Hab_1","15144C_Hab_1","15144D","WT","yoked_trained","2015","yoked","train-train","Hab",71,37,135.666,0.57,0.57,"not equal","equal","15144C_Hab_1","15144C","WT","trained_trained","2015","trained","train-train","Hab",64,42,115.464,1.33,1.33,"not equal","equal"
"15140B_T3_1","15140A_T3_1","15140B","WT","yoked_conflict","2015","yoked","train-conflict","T3",71,23,127.233,22.93,22.93,"not equal","equal","15140A_T3_1","15140A","WT","trained_conflict","2015","trained","train-conflict","T3",3,3,2.498,256.53,256.53,"equal","equal"
"15140B_Retest_2","15140A_Retest_2","15140B","WT","yoked_conflict","2015","yoked","train-conflict","Retest",71,24,133.164,0.53,0.53,"not equal","equal","15140A_Retest_2","15140A","WT","trained_conflict","2015","trained","train-conflict","Retest",1,1,1.067,432.07,432.07,"equal","equal"
"16-123B_T5_C2_2","16-123A_T5_C2_2","16-123B","WT","yoked_trained","2016","yoked","train-train","T5_C2",71,21,147.702,3.33,3.33,"not equal","equal","16-123A_T5_C2_2","16-123A","WT","trained_trained","2016","trained","train-train","T5_C2",5,5,5.367,55.13,55.13,"equal","equal"
"16-357B_Retention_3","16-124B_Retention_3","16-357B","WT","yoked_trained","2016","yoked","train-train","Retention",71,28,143.031,17.1,17.1,"not equal","equal","16-124B_Retention_3","16-124B","WT","trained_trained","2016","trained","train-train","Retention",35,18,61.406,126.2,126.2,"not equal","equal"
"16-124D_T1_1","16-124C_T1_1","16-124D","WT","yoked_conflict","2016","yoked","train-conflict","T1",71,19,144.095,14.77,14.77,"not equal","equal","16-124C_T1_1","16-124C","WT","trained_conflict","2016","trained","train-conflict","T1",10,9,10.966,15.67,15.67,"not equal","equal"
"16-123D_Retest_2","16-123C_Retest_2","16-123D","WT","yoked_conflict","2016","yoked","train-conflict","Retest",72,26,140.332,12.8,12.8,"not equal","equal",NA,NA,NA,NA,NA,NA,NA,NA,NA,NA,NA,NA,NA,NA,NA
"16-122B_Retention_2","16-122A_Retention_2","16-122B","WT","yoked_trained","2016","yoked","train-train","Retention",74,20,147.395,37.17,37.17,"not equal","equal","16-122A_Retention_2","16-122A","WT","trained_trained","2016","trained","train-train","Retention",54,17,100.634,72.83,72.83,"not equal","equal"
"16-123B_Retest_2","16-123A_Retest_2","16-123B","WT","yoked_trained","2016","yoked","train-train","Retest",74,18,148.398,54.47,54.47,"not equal","equal","16-123A_Retest_2","16-123A","WT","trained_trained","2016","trained","train-train","Retest",3,3,3.633,13.33,13.33,"equal","equal"
"16-116B_T4_C1_2","16-116A_T4_C1_2","16-116B","FMR1-KO","yoked_trained","2016","yoked","train-train","T4_C1",74,19,149.97,4,4,"not equal","equal","16-116A_T4_C1_2","16-116A","FMR1-KO","trained_trained","2016","trained","train-train","T4_C1",1,1,0.634,74.2,74.2,"equal","equal"
"15143B_Hab_1","15143A_Hab_1","15143B","WT","yoked_conflict","2015","yoked","train-conflict","Hab",75,36,134.705,8.43,8.43,"not equal","equal","15143A_Hab_1","15143A","WT","trained_conflict","2015","trained","train-conflict","Hab",56,29,105.065,12.43,12.43,"not equal","equal"
"16-116B_T5_C2_2","16-116A_T5_C2_2","16-116B","FMR1-KO","yoked_trained","2016","yoked","train-train","T5_C2",75,24,147.568,16.7,16.7,"not equal","equal","16-116A_T5_C2_2","16-116A","FMR1-KO","trained_trained","2016","trained","train-train","T5_C2",1,1,0.733,380.93,380.93,"equal","equal"
"16-116D_Hab_1","16-116C_Hab_1","16-116D","FMR1-KO","yoked_conflict","2016","yoked","train-conflict","Hab",76,39,140.867,8.8,8.8,"not equal","equal","16-116C_Hab_1","16-116C","FMR1-KO","trained_conflict","2016","trained","train-conflict","Hab",65,28,118.335,1.77,1.77,"not equal","equal"
"15143B_Retention_3","15143A_Retention_3","15143B","WT","yoked_conflict","2015","yoked","train-conflict","Retention",77,23,153.8,94.93,94.93,"not equal","equal","15143A_Retention_3","15143A","WT","trained_conflict","2015","trained","train-conflict","Retention",33,8,61.634,44.2,44.2,"not equal","equal"
"15148B_T1_1","15148A_T1_1","15148B","WT","yoked_conflict","2015","yoked","train-conflict","T1",77,22,150.899,0.53,0.53,"not equal","equal","15148A_T1_1","15148A","WT","trained_conflict","2015","trained","train-conflict","T1",7,7,7.266,8.73,8.73,"equal","equal"
"15144D_T2_1","15144C_T2_1","15144D","WT","yoked_trained","2015","yoked","train-train","T2",80,20,156.436,31.83,31.83,"not equal","equal","15144C_T2_1","15144C","WT","trained_trained","2015","trained","train-train","T2",3,3,2.965,57.33,57.33,"equal","equal"
"16-116B_Retention_3","16-116A_Retention_3","16-116B","FMR1-KO","yoked_trained","2016","yoked","train-train","Retention",84,24,161.47,13.13,13.13,"not equal","equal","16-116A_Retention_3","16-116A","FMR1-KO","trained_trained","2016","trained","train-train","Retention",22,11,47.432,197.6,197.6,"not equal","equal"
"15140B_T4_C1_2","15140A_T4_C1_2","15140B","WT","yoked_conflict","2015","yoked","train-conflict","T4_C1",87,23,164.066,21.83,21.83,"not equal","equal","15140A_T4_C1_2","15140A","WT","trained_conflict","2015","trained","train-conflict","T4_C1",13,10,17.735,0.87,0.87,"not equal","equal"
"16-122B_T3_1","16-122A_T3_1","16-122B","WT","yoked_trained","2016","yoked","train-train","T3",87,22,168.597,39.2,39.2,"not equal","equal","16-122A_T3_1","16-122A","WT","trained_trained","2016","trained","train-train","T3",9,8,11.168,52.53,52.53,"not equal","equal"
"15145D_T4_C1_2","15145C_T4_C1_2","15145D","WT","yoked_trained","2015","yoked","train-train","T4_C1",88,25,180.968,48.1,48.1,"not equal","equal","15145C_T4_C1_2","15145C","WT","trained_trained","2015","trained","train-train","T4_C1",5,4,4.599,135.2,135.2,"not equal","equal"
"16-118D_T4_C1_2","16-118C_T4_C1_2","16-118D","FMR1-KO","yoked_conflict","2016","yoked","train-conflict","T4_C1",88,20,170.231,0.53,0.53,"not equal","equal","16-118C_T4_C1_2","16-118C","FMR1-KO","trained_conflict","2016","trained","train-conflict","T4_C1",14,13,14.101,9.43,9.43,"not equal","equal"
"15145D_T5_C2_2","15145C_T5_C2_2","15145D","WT","yoked_trained","2015","yoked","train-train","T5_C2",93,22,188.667,16.07,16.07,"not equal","equal","15145C_T5_C2_2","15145C","WT","trained_trained","2015","trained","train-train","T5_C2",9,9,7.2,0.53,0.53,"equal","equal"
"16-116B_T6_C3_2","16-116A_T6_C3_2","16-116B","FMR1-KO","yoked_trained","2016","yoked","train-train","T6_C3",95,26,183.437,6.57,6.57,"not equal","equal","16-116A_T6_C3_2","16-116A","FMR1-KO","trained_trained","2016","trained","train-train","T6_C3",0,0,0,599.97,599.97,"equal","equal"
"15140B_T1_1","15140A_T1_1","15140B","WT","yoked_conflict","2015","yoked","train-conflict","T1",96,25,188.835,10.37,10.37,"not equal","equal","15140A_T1_1","15140A","WT","trained_conflict","2015","trained","train-conflict","T1",7,6,8.433,9.83,9.83,"not equal","equal"
"15144D_T1_1","15144C_T1_1","15144D","WT","yoked_trained","2015","yoked","train-train","T1",97,28,198.165,2.8,2.8,"not equal","equal","15144C_T1_1","15144C","WT","trained_trained","2015","trained","train-train","T1",9,9,8.767,2.8,2.8,"equal","equal"
"16-123B_Retention_5","16-123A_Retention_5","16-123B","WT","yoked_trained","2016","yoked","train-train","Retention",105,33,209.2,12.4,12.4,"not equal","equal","16-123A_Retention_5","16-123A","WT","trained_trained","2016","trained","train-train","Retention",24,14,41.301,21.27,21.27,"not equal","equal"
"15143B_T1_1","15143A_T1_1","15143B","WT","yoked_conflict","2015","yoked","train-conflict","T1",107,26,212.139,0.53,0.53,"not equal","equal","15143A_T1_1","15143A","WT","trained_conflict","2015","trained","train-conflict","T1",10,10,8.202,3.67,3.67,"equal","equal"
"15143B_T6_C3_2","15143A_T6_C3_2","15143B","WT","yoked_conflict","2015","yoked","train-conflict","T6_C3",112,24,220.395,35.93,35.93,"not equal","equal","15143A_T6_C3_2","15143A","WT","trained_conflict","2015","trained","train-conflict","T6_C3",1,1,0.9,487.9,487.9,"equal","equal"
"15148B_T6_C3_2","15148A_T6_C3_2","15148B","WT","yoked_conflict","2015","yoked","train-conflict","T6_C3",113,29,224.426,8.87,8.87,"not equal","equal","15148A_T6_C3_2","15148A","WT","trained_conflict","2015","trained","train-conflict","T6_C3",9,9,6,54.43,54.43,"equal","equal"
