"Genotype.x","Year.x","TrainSequence.x","TrainSessionCombo.x","ID.x","TrainGroup.x","NumShock.x","NumEntrances.x","TimeTarget.x","Time1stEntr.x","Time1stShock.x","ID.y","TrainGroup.y","NumShock.y","NumEntrances.y","TimeTarget.y","Time1stEntr.y","Time1stShock.y"
"WT","2016","train-train","T1","16-357A","yoked",0,0,74.799,599.97,599.97,"16-124A","trained",15,12,17.399,6.27,6.27
"WT","2016","train-train","T2","16-357A","yoked",0,0,87.734,599.97,599.97,"16-124A","trained",5,4,7.833,15.2,15.2
"WT","2016","train-train","T3","16-357A","yoked",0,0,98.032,599.97,599.97,"16-124A","trained",2,2,2.233,34.67,34.67
"WT","2016","train-train","Retest","16-357A","yoked",0,0,52.071,599.97,599.97,"16-124A","trained",1,1,1.034,324.3,324.3
"WT","2016","train-train","T4_C1","16-357A","yoked",0,0,62.135,599.97,599.97,"16-124A","trained",4,4,3.468,40.1,40.1
"WT","2016","train-train","T5_C2","16-357A","yoked",0,0,92.602,599.97,599.97,"16-124A","trained",1,1,0.6,385.53,385.53
"WT","2016","train-train","T6_C3","16-357A","yoked",0,0,76.131,599.97,599.97,"16-124A","trained",2,2,1.834,107.5,107.5
"WT","2016","train-train","T1","16-357B","yoked",0,0,118.435,599.97,599.97,"16-124B","trained",16,13,16.333,4,4
"WT","2016","train-train","T2","16-357B","yoked",0,0,100.001,599.97,599.97,"16-124B","trained",7,7,8.299,28.3,28.3
"WT","2016","train-train","T3","16-357B","yoked",0,0,111.799,599.97,599.97,"16-124B","trained",3,3,3.1,15.27,15.27
"WT","2016","train-train","Retest","16-357B","yoked",0,0,100.101,599.97,599.97,"16-124B","trained",13,12,15.201,12.17,12.17
"WT","2016","train-train","T4_C1","16-357B","yoked",0,0,85.501,599.97,599.97,"16-124B","trained",13,11,16.1,7.37,7.37
"WT","2016","train-train","T5_C2","16-357B","yoked",0,0,113.499,599.97,599.97,"16-124B","trained",11,11,13.865,49.67,49.67
"WT","2016","train-train","T6_C3","16-357B","yoked",0,0,79.933,599.97,599.97,"16-124B","trained",12,11,14.964,0.53,0.53
"WT","2016","train-conflict","T1","16-357D","yoked",0,0,45.632,599.97,599.97,"16-125D","trained",15,14,14.665,28.83,28.83
"WT","2016","train-conflict","T2","16-357D","yoked",0,0,37.466,599.97,599.97,"16-125D","trained",5,5,5.168,10.6,10.6
"WT","2016","train-conflict","T3","16-357D","yoked",0,0,73.465,599.97,599.97,"16-125D","trained",4,4,3.967,45.8,45.8
"WT","2016","train-conflict","Retest","16-357D","yoked",0,0,64.001,599.97,599.97,"16-125D","trained",2,2,2.001,97.7,97.7
"WT","2016","train-conflict","T4_C1","16-357D","yoked",0,0,144.732,599.97,599.97,"16-125D","trained",23,20,29.2,0.53,0.53
"WT","2016","train-conflict","T5_C2","16-357D","yoked",0,0,113.533,599.97,599.97,"16-125D","trained",2,2,1.999,0.53,0.53
"WT","2016","train-conflict","T6_C3","16-357D","yoked",0,0,113.831,599.97,599.97,"16-125D","trained",3,3,3.968,102.23,102.23
"FMR1-KO","2016","train-train","T2","16-121A","yoked",2,2,1.433,25.8,25.8,"16-121B","trained",62,15,125.264,2.87,2.87
"FMR1-KO","2016","train-conflict","Retest","16-118D","yoked",5,4,10.8,124,124,"16-118C","trained",10,10,12.833,12.5,12.5
"FMR1-KO","2016","train-train","T1","16-121A","yoked",9,8,8.065,41,41,"16-121B","trained",35,13,64.668,14.17,14.17
"WT","2015","train-conflict","T3","15142B","yoked",15,5,33,94.37,94.37,"15142A","trained",2,2,2.798,94.27,94.27
"WT","2015","train-conflict","T2","15142B","yoked",16,3,32.301,11.73,11.73,"15142A","trained",4,3,4.434,8.17,8.17
"WT","2015","train-conflict","T5_C2","15142B","yoked",16,7,31.368,1.03,1.03,"15142A","trained",3,3,3.067,5.1,5.1
"WT","2015","train-conflict","Retest","15142B","yoked",17,6,73.032,88.6,88.6,"15142A","trained",0,0,0.067,599.97,599.97
"WT","2016","train-train","T6_C3","16-126B","yoked",17,6,37.767,33.4,33.4,"16-126A","trained",10,9,10.966,22.03,22.03
"WT","2015","train-conflict","T4_C1","15147B","yoked",18,10,37.068,22.73,22.73,"15147A","trained",15,14,15.033,3.4,3.4
"WT","2016","train-train","T2","16-125B","yoked",21,8,48.606,38.37,38.37,"16-125A","trained",7,4,10.334,24.63,24.63
"WT","2015","train-train","T3","15140D","yoked",22,8,41.531,66.5,66.5,"15140C","trained",8,6,10.334,4.27,4.27
"WT","2016","train-train","T5_C2","16-125B","yoked",22,8,46.53,88.3,88.3,"16-125A","trained",25,14,41.269,32.53,32.53
"WT","2016","train-conflict","T5_C2","16-123D","yoked",23,8,42.368,16.87,16.87,"16-123C","trained",3,3,5.001,412.03,412.03
"WT","2015","train-train","T2","15143D","yoked",24,8,54.271,82.33,82.33,"15143C","trained",3,3,2.499,25.37,25.37
"WT","2016","train-train","T1","16-123B","yoked",24,8,48.565,16.67,16.67,"16-123A","trained",6,6,6.598,7.77,7.77
"WT","2016","train-train","Retention","16-357A","yoked",24,11,46.502,190.3,190.3,"16-124A","trained",6,4,10.7,289.83,289.83
"WT","2016","train-conflict","Retention","16-122D","yoked",24,14,45.3,31.5,31.5,"16-122C","trained",28,8,57.97,226.77,226.77
"FMR1-KO","2016","train-conflict","T5_C2","16-116D","yoked",24,11,44.036,0.53,0.53,"16-116C","trained",6,5,7.498,2.2,2.2
"WT","2015","train-train","T4_C1","15146D","yoked",25,12,54.497,46.2,46.2,"15146C","trained",13,13,10.632,49.37,49.37
"WT","2016","train-train","T1","16-126B","yoked",25,7,52.768,42.5,42.5,"16-126A","trained",6,6,9.799,6.97,6.97
"FMR1-KO","2016","train-train","T4_C1","16-119B","yoked",26,10,44.332,69.37,69.37,"16-119A","trained",2,2,1.267,113.4,113.4
"WT","2015","train-train","T3","15141D","yoked",27,11,57.465,43.47,43.47,"15141C","trained",11,10,9.433,32,32
"WT","2016","train-train","T6_C3","16-125B","yoked",27,9,58.83,23.87,23.87,"16-125A","trained",2,2,1.533,46,46
"FMR1-KO","2016","train-train","T2","16-117B","yoked",28,12,53.668,114.03,114.03,"16-117A","trained",15,14,15.533,24.13,24.13
"WT","2016","train-train","Retest","16-125B","yoked",29,10,66.133,94.67,94.67,"16-125A","trained",10,7,18.299,224.3,224.3
"WT","2015","train-conflict","T2","15140B","yoked",30,9,57.765,31.1,31.1,"15140A","trained",3,2,3.366,118.37,118.37
"FMR1-KO","2016","train-train","T5_C2","16-119B","yoked",30,15,54.199,9.43,9.43,"16-119A","trained",1,1,1.033,84.33,84.33
"FMR1-KO","2016","train-train","T6_C3","16-119B","yoked",30,11,57.666,19.63,19.63,"16-119A","trained",1,1,0.633,410.23,410.23
"FMR1-KO","2016","train-conflict","T1","16-120D","yoked",30,10,55.367,27.73,27.73,"16-120C","trained",17,12,22.5,5.87,5.87
"WT","2015","train-conflict","T5_C2","15140B","yoked",31,15,58.601,31.03,31.03,"15140A","trained",6,5,7.334,170.4,170.4
"WT","2015","train-conflict","T4_C1","15142B","yoked",31,10,64.264,9.63,9.63,"15142A","trained",7,7,8.499,33.77,33.77
"WT","2015","train-conflict","T2","15144B","yoked",31,10,60.734,1.57,1.57,"15144A","trained",4,4,4.2,7.7,7.7
"WT","2016","train-train","T3","16-125B","yoked",31,11,59.232,0.53,0.53,"16-125A","trained",16,7,27.566,206.63,206.63
"WT","2016","train-train","T4_C1","16-125B","yoked",31,14,69.431,29.9,29.9,"16-125A","trained",17,9,38.631,63.23,63.23
"WT","2015","train-train","T2","15140D","yoked",32,12,55.268,33.7,33.7,"15140C","trained",7,7,5.766,9.8,9.8
"WT","2015","train-train","T4_C1","15140D","yoked",32,15,79.828,53.23,53.23,"15140C","trained",3,3,4.5,257.83,257.83
"WT","2015","train-conflict","T6_C3","15140B","yoked",32,9,62.799,61.77,61.77,"15140A","trained",2,2,1.633,428.83,428.83
"WT","2015","train-conflict","Retention","15147B","yoked",32,10,60.599,19.57,19.57,"15147A","trained",30,14,50.534,18.8,18.8
"WT","2016","train-train","T2","16-126B","yoked",32,10,75.002,31.77,31.77,"16-126A","trained",9,8,14.097,15.7,15.7
"FMR1-KO","2016","train-train","Retest","16-119B","yoked",32,12,61.933,20.37,20.37,"16-119A","trained",5,5,4.632,111.77,111.77
"WT","2015","train-conflict","Retention","15140B","yoked",33,12,59.036,65.8,65.8,"15140A","trained",9,4,16.466,102.43,102.43
"WT","2015","train-conflict","T+_C+","15142B","yoked",33,13,63.598,12.83,12.83,"15142A","trained",1,1,0.667,353.27,353.27
"WT","2015","train-conflict","T4_C1","15144B","yoked",33,14,67.968,12.07,12.07,"15144A","trained",26,23,27.469,7.73,7.73
"FMR1-KO","2016","train-conflict","Hab","16-120D","yoked",33,15,59.164,9.87,9.87,"16-120C","trained",49,30,83.837,1.1,1.1
"WT","2015","train-train","Retest","15140D","yoked",34,15,83.503,14.97,14.97,"15140C","trained",10,7,12.901,17.57,17.57
"WT","2015","train-train","T6_C3","15141D","yoked",34,13,75.6,41.1,41.1,"15141C","trained",12,12,6,3.13,3.13
"WT","2015","train-conflict","T1","15148D","yoked",34,16,55.166,11.07,11.07,"15148C","trained",7,7,6.666,0.87,0.87
"WT","2016","train-conflict","T6_C3","16-122D","yoked",34,13,64.164,4.2,4.2,"16-122C","trained",3,3,2.401,79.53,79.53
"FMR1-KO","2016","train-conflict","T4_C1","16-116D","yoked",34,14,63.132,4.33,4.33,"16-116C","trained",17,16,18.464,0.53,0.53
"WT","2015","train-conflict","T4_C1","15143B","yoked",35,12,66.133,44.8,44.8,"15143A","trained",14,12,16.098,0.5,0.5
"WT","2016","train-train","T3","16-123B","yoked",35,15,67.567,35.6,35.6,"16-123A","trained",8,7,9.033,90.07,90.07
"FMR1-KO","2016","train-train","T3","16-121A","yoked",35,11,65.596,42,42,"16-121B","trained",4,4,3.433,82.53,82.53
"FMR1-KO","2016","train-conflict","Retest","16-120D","yoked",35,12,64.532,36.9,36.9,"16-120C","trained",2,2,1.634,380.9,380.9
"WT","2015","train-train","T5_C2","15141D","yoked",36,16,69.502,28.77,28.77,"15141C","trained",7,7,3.901,0.33,0.33
"WT","2015","train-conflict","Retention","15145B","yoked",36,14,68.462,20.17,20.17,"15145A","trained",0,0,0,600,600
"WT","2016","train-conflict","T2","16-123D","yoked",36,14,65.331,2.57,2.57,"16-123C","trained",10,10,8.765,0.87,0.87
"WT","2016","train-conflict","Retention","16-123D","yoked",36,12,75.467,16.63,16.63,"16-123C","trained",1,1,0.9,248.2,248.2
"FMR1-KO","2016","train-conflict","T2","16-120D","yoked",37,12,69.366,12.07,12.07,"16-120C","trained",5,5,6.1,57,57
"WT","2015","train-train","T1","15142D","yoked",38,12,97.802,58.43,58.43,"15142C","trained",5,5,4.998,5.43,5.43
"WT","2015","train-train","T2","15146D","yoked",38,14,70.431,34.27,34.27,"15146C","trained",1,1,0.767,327.4,327.4
"WT","2015","train-conflict","Hab","15141B","yoked",38,25,78.835,16.63,16.63,"15141A","trained",46,30,87.6,10.73,10.73
"WT","2015","train-conflict","Retention","15142B","yoked",38,12,77.468,157.7,157.7,"15142A","trained",6,3,11.268,140.2,140.2
"WT","2015","train-conflict","T4_C1","15148D","yoked",38,17,71.634,3.2,3.2,"15148C","trained",33,32,27.201,18.17,18.17
"WT","2016","train-train","T3","16-126B","yoked",38,17,72.367,86.57,86.57,"16-126A","trained",25,15,39.234,22.77,22.77
"WT","2016","train-train","T5_C2","16-126B","yoked",38,13,77.367,6.33,6.33,"16-126A","trained",21,19,25.229,14.63,14.63
"FMR1-KO","2016","train-train","T3","16-119B","yoked",38,14,76.733,64,64,"16-119A","trained",6,6,5.499,63.97,63.97
"FMR1-KO","2016","train-conflict","T+_C+","16-116D","yoked",38,13,75.793,1.97,1.97,"16-116C","trained",2,2,1.967,234.1,234.1
"FMR1-KO","2016","train-conflict","T2","16-118D","yoked",38,12,73.298,40.87,40.87,"16-118C","trained",2,1,2.233,430.8,430.8
"WT","2015","train-train","T5_C2","15142D","yoked",39,8,77.899,21.1,21.1,"15142C","trained",0,0,0,599.97,599.97
"WT","2015","train-train","T2","15147D","yoked",39,16,78.605,22.9,22.9,"15147C","trained",2,2,1.267,82.37,82.37
"WT","2015","train-conflict","T3","15148B","yoked",39,15,75.198,24.8,24.8,"15148A","trained",1,1,0.6,69.07,69.07
"WT","2016","train-conflict","T1","16-122D","yoked",39,14,73.333,20.8,20.8,"16-122C","trained",10,9,15.4,15.97,15.97
"WT","2016","train-conflict","T1","16-123D","yoked",39,13,75.937,24.7,24.7,"16-123C","trained",9,9,10.366,2.77,2.77
"FMR1-KO","2016","train-train","Retest","16-117B","yoked",39,11,75.834,28.33,28.33,"16-117A","trained",4,3,5.368,169.5,169.5
"WT","2015","train-conflict","T1","15141B","yoked",40,21,115.171,90.93,90.93,"15141A","trained",6,6,6.631,2.57,2.57
"WT","2015","train-conflict","T4_C1","15145B","yoked",40,18,73.268,14.57,14.57,"15145A","trained",29,27,30.201,0.53,0.53
"WT","2015","train-conflict","T4_C1","15148B","yoked",40,15,70.166,41,41,"15148A","trained",24,17,28.402,6.43,6.43
"WT","2015","train-conflict","T5_C2","15148D","yoked",40,15,76.501,13.13,13.13,"15148C","trained",28,28,20.163,15,15
"WT","2016","train-conflict","Hab","16-357D","yoked",40,16,78.162,0.53,0.53,"16-125D","trained",48,24,92.371,1.73,1.73
"FMR1-KO","2016","train-train","Hab","16-121A","yoked",40,27,67.602,6.83,6.83,"16-121B","trained",54,20,109.735,15.5,15.5
"WT","2015","train-train","Retention","15140D","yoked",41,14,82.302,48.93,48.93,"15140C","trained",0,0,0.833,599.97,599.97
"WT","2015","train-train","T5_C2","15143D","yoked",41,15,85.102,6.83,6.83,"15143C","trained",1,1,1.233,18.77,18.77
"WT","2015","train-conflict","Retest","15148D","yoked",41,13,83.668,90.47,90.47,"15148C","trained",4,4,2.932,226.2,226.2
"WT","2015","train-conflict","Retention","15148D","yoked",41,13,83.498,9.2,9.2,"15148C","trained",37,9,78.035,21.37,21.37
"WT","2016","train-train","Hab","16-125B","yoked",41,24,80.033,0.5,0.5,"16-125A","trained",51,31,88.169,0.53,0.53
"WT","2016","train-conflict","Hab","16-122D","yoked",41,21,81.099,31.67,31.67,"16-122C","trained",81,30,155.166,3.77,3.77
"WT","2016","train-conflict","T4_C1","16-123D","yoked",41,13,87.433,13.33,13.33,"16-123C","trained",8,8,7.601,147.67,147.67
"WT","2016","train-conflict","T+_C+","16-123D","yoked",42,13,87.634,10.43,10.43,"16-123C","trained",3,3,2.633,408.67,408.67
"FMR1-KO","2016","train-train","T1","16-119B","yoked",42,18,74.032,0.53,0.53,"16-119A","trained",10,8,12.565,3.9,3.9
"WT","2015","train-train","T5_C2","15146D","yoked",43,12,85.434,12.07,12.07,"15146C","trained",4,4,3.633,24.37,24.37
"WT","2015","train-conflict","T6_C3","15146B","yoked",43,11,85.67,0.53,0.53,"15146A","trained",1,1,1.133,372.7,372.7
"WT","2015","train-conflict","Retention","15146B","yoked",43,11,86,16.8,16.8,"15146A","trained",0,0,0,599.97,599.97
"WT","2016","train-train","Retention","16-126B","yoked",43,22,81.434,1,1,"16-126A","trained",16,8,28.432,110.43,110.43
"WT","2016","train-conflict","Retention","16-122D","yoked",43,23,81.301,26.53,26.53,"16-122C","trained",14,3,27.135,196.97,196.97
"WT","2016","train-conflict","T2","16-124D","yoked",43,14,84.831,89.47,89.47,"16-124C","trained",3,3,2.332,19.93,19.93
"FMR1-KO","2016","train-train","T3","16-117B","yoked",43,13,93.167,36.57,36.57,"16-117A","trained",7,5,8.067,64.37,64.37
"FMR1-KO","2016","train-train","T5_C2","16-121A","yoked",43,14,77.332,166.5,166.5,"16-121B","trained",3,3,2.933,241.93,241.93
"FMR1-KO","2016","train-conflict","T3","16-120D","yoked",43,10,82.134,11.17,11.17,"16-120C","trained",2,2,2.134,46.63,46.63
"WT","2015","train-train","T1","15146D","yoked",44,17,89.267,5.53,5.53,"15146C","trained",5,5,4.668,5.63,5.63
"WT","2015","train-conflict","Retest","15146B","yoked",44,13,84.732,0.53,0.53,"15146A","trained",1,1,0.533,400.37,400.37
"WT","2015","train-conflict","T6_C3","15147B","yoked",44,11,83.533,62.93,62.93,"15147A","trained",9,9,7.869,32.03,32.03
"WT","2015","train-conflict","Retention","15148B","yoked",44,11,89.331,45.93,45.93,"15148A","trained",40,11,73.8,75.37,75.37
"FMR1-KO","2016","train-train","T4_C1","16-117B","yoked",44,10,83.935,130.57,130.57,"16-117A","trained",2,2,2.334,66.53,66.53
"FMR1-KO","2016","train-train","T5_C2","16-117B","yoked",44,15,86.304,10.57,10.57,"16-117A","trained",2,2,1.666,23.77,23.77
"FMR1-KO","2016","train-conflict","Retest","16-116D","yoked",44,17,81.401,0.53,0.53,"16-116C","trained",2,2,2.2,125.43,125.43
"FMR1-KO","2016","train-conflict","T6_C3","16-116D","yoked",44,13,77.737,19.27,19.27,"16-116C","trained",2,2,1.932,0.53,0.53
"FMR1-KO","2016","train-conflict","T1","16-118D","yoked",44,10,86.333,18,18,"16-118C","trained",5,5,3.632,9.43,9.43
"WT","2016","train-train","Retention","16-126B","yoked",45,18,86.768,16.43,16.43,"16-126A","trained",39,12,73.571,3.33,3.33
"WT","2016","train-train","T4_C1","16-126B","yoked",45,19,87.235,64.6,64.6,"16-126A","trained",6,6,10.268,13.63,13.63
"FMR1-KO","2016","train-train","Retest","16-116B","yoked",45,17,91.267,6.3,6.3,"16-116A","trained",9,8,10.732,26.97,26.97
"FMR1-KO","2016","train-train","Retention","16-119B","yoked",45,18,89.866,4.63,4.63,"16-119A","trained",1,1,1.867,442.87,442.87
"FMR1-KO","2016","train-conflict","T+_C+","16-116D","yoked",45,16,78.634,22.23,22.23,"16-116C","trained",2,2,3.199,379.93,379.93
"WT","2016","train-conflict","T6_C3","16-124D","yoked",46,16,83.767,0.53,0.53,"16-124C","trained",14,13,14.531,0.53,0.53
"FMR1-KO","2016","train-conflict","Retention","16-116D","yoked",46,20,84.732,0.53,0.53,"16-116C","trained",15,6,25.601,83.9,83.9
"WT","2015","train-train",NA,"15141D","yoked",47,16,109.634,4.8,4.8,NA,NA,NA,NA,NA,NA,NA
"WT","2015","train-train","T4_C1","15141D","yoked",47,14,95.93,48.2,48.2,"15141C","trained",10,10,8.064,39.7,39.7
"WT","2015","train-train","T4_C1","15142D","yoked",47,12,90.399,54.77,54.77,"15142C","trained",0,0,0,599.97,599.97
"WT","2015","train-train","T3","15146D","yoked",47,12,99.1,33.03,33.03,"15146C","trained",1,1,0.6,526.87,526.87
"WT","2015","train-conflict","T3","15146B","yoked",47,12,96.832,29.87,29.87,"15146A","trained",1,1,0.901,473.43,473.43
"WT","2015","train-conflict","T1","15147B","yoked",47,17,96.338,2.4,2.4,"15147A","trained",6,5,6.132,4.33,4.33
"WT","2016","train-train","T2","16-123B","yoked",47,14,90.033,120.27,120.27,"16-123A","trained",20,13,33.266,48.3,48.3
"WT","2016","train-train","Hab","16-357A","yoked",47,25,88.733,0.57,0.57,"16-124A","trained",68,32,125.202,10.77,10.77
"WT","2016","train-conflict","T3","16-122D","yoked",47,20,86.2,13.53,13.53,"16-122C","trained",20,14,30.034,0.53,0.53
"WT","2016","train-conflict","T4_C1","16-122D","yoked",47,17,87.535,13.7,13.7,"16-122C","trained",9,7,10.402,5.03,5.03
"WT","2016","train-conflict","T6_C3","16-123D","yoked",47,17,86.035,23.63,23.63,"16-123C","trained",23,20,25.233,74.33,74.33
"FMR1-KO","2016","train-train","T1","16-117B","yoked",47,11,89.433,7.23,7.23,"16-117A","trained",8,8,8.601,5.17,5.17
"FMR1-KO","2016","train-conflict","T3","16-116D","yoked",47,15,91.399,2.47,2.47,"16-116C","trained",2,2,1.533,57.43,57.43
"WT","2015","train-train","T6_C3","15140D","yoked",48,14,103.202,36.43,36.43,"15140C","trained",0,0,0,599.97,599.97
"WT","2015","train-train","T+_C+","15140D","yoked",48,20,106.401,0.67,0.67,"15140C","trained",3,2,4.934,201.37,201.37
"WT","2015","train-train","T2","15141D","yoked",48,19,109.302,16.23,16.23,"15141C","trained",19,19,18.398,33.1,33.1
"WT","2015","train-train","T2","15142D","yoked",48,16,98.433,9.6,9.6,"15142C","trained",1,1,0.7,454.63,454.63
"WT","2015","train-conflict","T2","15145B","yoked",48,16,105.634,77.8,77.8,"15145A","trained",2,2,3.867,51.63,51.63
"WT","2015","train-conflict","T5_C2","15147B","yoked",48,15,88.767,10.83,10.83,"15147A","trained",5,5,4.965,13.63,13.63
"FMR1-KO","2016","train-train","Hab","16-119B","yoked",48,25,87.033,12.33,12.33,"16-119A","trained",52,36,87.091,4.3,4.3
"FMR1-KO","2016","train-train","T4_C1","16-121A","yoked",48,16,88.464,0.53,0.53,"16-121B","trained",6,6,4.965,0.83,0.83
"WT","2015","train-train","T1","15143D","yoked",49,26,92.534,2.13,2.13,"15143C","trained",10,10,9.198,4.13,4.13
"WT","2015","train-train","Retention","15146D","yoked",49,12,106.564,37.03,37.03,"15146C","trained",4,2,11.1,83.33,83.33
"WT","2015","train-train","T3","15147D","yoked",49,12,109.592,15.3,15.3,"15147C","trained",1,1,1.067,445.53,445.53
"WT","2015","train-conflict","Retest","15148B","yoked",49,18,105.865,15,15,"15148A","trained",0,0,0,599.97,599.97
"WT","2016","train-conflict","Retention","16-357D","yoked",49,21,88.566,13.47,13.47,"16-125D","trained",21,11,41.701,158.93,120.97
"FMR1-KO","2016","train-train","T6_C3","16-117B","yoked",49,12,93.1,0.53,0.53,"16-117A","trained",1,1,1.333,374.93,374.93
"FMR1-KO","2016","train-conflict","Hab","16-118D","yoked",49,29,87.266,15.53,15.53,"16-118C","trained",54,30,104.695,0.53,0.53
"WT","2015","train-train","Retest","15141D","yoked",50,15,106.466,35.43,35.43,"15141C","trained",7,7,8.133,41.17,41.17
"WT","2015","train-train","T+_C+","15142D","yoked",50,24,95.131,0.53,0.53,"15142C","trained",1,1,1.234,317.13,317.13
"WT","2015","train-train","T6_C3","15143D","yoked",50,12,103.236,49.87,49.87,"15143C","trained",0,0,0,599.97,599.97
"WT","2015","train-train","T3","15144D","yoked",50,12,103.066,34.37,34.37,"15144C","trained",2,2,1.4,28.97,28.97
"WT","2015","train-train","T4_C1","15147D","yoked",50,12,93.932,31.8,31.8,"15147C","trained",2,2,1.4,297.17,297.17
"WT","2015","train-train","T5_C2","15147D","yoked",50,11,103.302,11.23,11.23,"15147C","trained",1,1,0.866,91.23,91.23
"WT","2015","train-conflict","T3","15143B","yoked",50,16,99.7,19.23,19.23,"15143A","trained",1,1,0.633,585.8,585.8
"WT","2016","train-train","T1","16-122B","yoked",50,11,91.334,40.33,40.33,"16-122A","trained",12,11,12.599,33.77,33.77
"WT","2016","train-conflict","T3","16-123D","yoked",50,17,95.799,30.97,30.97,"16-123C","trained",10,10,11.533,37.47,37.47
"WT","2015","train-train","Retention","15142D","yoked",51,22,96.399,7.93,7.93,"15142C","trained",8,3,18.1,482.43,482.43
"WT","2015","train-train","Hab","15146D","yoked",51,25,98.338,1.83,1.83,"15146C","trained",58,35,101.073,15.8,15.8
"WT","2015","train-train","T6_C3","15147D","yoked",51,11,97.565,30.03,30.03,"15147C","trained",0,0,0,599.97,599.97
"WT","2015","train-conflict","Hab","15148B","yoked",51,35,88.033,14.6,14.6,"15148A","trained",61,28,117.834,0.5,0.5
"WT","2016","train-train","Retention","16-125B","yoked",51,18,94.265,7.9,7.9,"16-125A","trained",14,6,27.632,238.63,238.63
"WT","2016","train-train","Hab","16-357B","yoked",51,32,88.734,7.93,7.93,"16-124B","trained",56,27,99.138,1.03,1.03
"WT","2016","train-conflict","Retest","16-124D","yoked",51,22,103.931,45.23,45.23,"16-124C","trained",2,1,3.1,167.53,167.53
"WT","2016","train-conflict","T5_C2","16-124D","yoked",51,16,103.301,2.63,2.63,"16-124C","trained",21,18,24.934,0.53,0.53
"FMR1-KO","2016","train-train","T6_C3","16-121A","yoked",51,16,105.172,69.27,69.27,"16-121B","trained",1,1,0.634,570.7,570.7
"WT","2015","train-train","Retention","15141D","yoked",52,19,133.5,19.13,19.13,"15141C","trained",21,8,35.798,30.53,30.53
"WT","2015","train-train","Hab","15142D","yoked",52,19,105.467,24.33,24.33,"15142C","trained",57,34,96.867,0.5,0.5
"WT","2015","train-train","Retest","15145D","yoked",52,16,99.998,0.53,0.53,"15145C","trained",6,5,7.368,28,28
"WT","2015","train-train","Retest","15147D","yoked",52,17,102.338,0.53,0.53,"15147C","trained",1,1,0.6,433.5,433.5
"WT","2015","train-train","Retention","15147D","yoked",52,12,98.271,45.87,45.87,"15147C","trained",5,2,11.399,492.5,492.5
"WT","2015","train-conflict","T5_C2","15143B","yoked",52,16,99.234,10.4,10.4,"15143A","trained",2,2,2.1,278.13,278.13
"WT","2015","train-conflict","Retention","15144B","yoked",52,20,107.065,67.2,67.2,"15144A","trained",0,0,0.034,599.97,599.97
"WT","2015","train-conflict","Retest","15145B","yoked",52,16,115.799,13.53,13.53,"15145A","trained",6,6,4.834,50,50
"FMR1-KO","2016","train-train","Retention","16-117B","yoked",52,22,104.463,19.43,19.43,"16-117A","trained",13,5,24.934,214.27,214.27
"WT","2016","train-train","T2","16-122B","yoked",53,12,103.533,18.47,18.47,"16-122A","trained",9,7,13.034,19.47,19.47
"WT","2016","train-conflict","T2","16-122D","yoked",53,16,97.4,9.53,9.53,"16-122C","trained",7,6,9.767,39.63,39.63
"WT","2016","train-conflict","Hab","16-124D","yoked",53,25,108.835,20.27,20.27,"16-124C","trained",52,28,92.535,16.47,16.47
"WT","2015","train-train","T5_C2","15140D","yoked",54,14,109.5,40.27,40.27,"15140C","trained",8,7,9.968,71.33,71.33
"WT","2015","train-train","T1","15141D","yoked",54,20,106.666,1.07,1.07,"15141C","trained",8,8,8.001,1.37,1.37
"WT","2015","train-train","T6_C3","15142D","yoked",54,15,112.938,29.93,29.93,"15142C","trained",0,0,0,599.97,599.97
"WT","2015","train-train","Retest","15146D","yoked",54,22,102.131,0.53,0.53,"15146C","trained",3,3,1.8,273.37,273.37
"FMR1-KO","2016","train-conflict","T3","16-118D","yoked",54,20,102.602,148.87,148.87,"16-118C","trained",12,11,14.167,39.43,39.43
"WT","2015","train-train","Hab","15141D","yoked",55,29,102.096,2.13,2.13,"15141C","trained",44,23,83.731,14.3,14.3
"WT","2015","train-train","Hab","15145D","yoked",55,34,105.238,23.33,23.33,"15145C","trained",54,31,113.835,9.27,9.27
"WT","2015","train-train","T1","15147D","yoked",55,17,116.764,0.53,0.53,"15147C","trained",4,4,3.167,13.13,13.13
"WT","2015","train-conflict","Hab","15140B","yoked",55,35,98.704,20.1,20.1,"15140A","trained",52,28,94.665,24.63,24.63
"WT","2015","train-conflict","T6_C3","15142B","yoked",55,15,108.367,3.47,3.47,"15142A","trained",3,3,2.867,322.7,322.7
"WT","2015","train-conflict","Hab","15145B","yoked",55,34,108.667,0.53,0.53,"15145A","trained",59,39,116.634,3.1,3.1
"WT","2015","train-conflict","T1","15145B","yoked",55,23,102.293,6.43,6.43,"15145A","trained",6,6,4.798,17.5,17.5
"WT","2016","train-train","Hab","16-122B","yoked",55,32,97.596,2.07,2.07,"16-122A","trained",48,31,84.571,2.8,2.8
"WT","2016","train-train","T4_C1","16-122B","yoked",55,14,105.738,44.63,44.63,"16-122A","trained",5,5,5.667,31.47,31.47
"WT","2016","train-train","Hab","16-126B","yoked",55,32,97.871,15.1,15.1,"16-126A","trained",67,41,114.231,1.37,1.37
"FMR1-KO","2016","train-train","Hab","16-117B","yoked",55,32,96.165,0.53,0.53,"16-117A","trained",49,30,84.1,3.43,3.43
"WT","2015","train-train","T5_C2","15144D","yoked",56,13,113.267,19.33,19.33,"15144C","trained",0,0,0,599.97,599.97
"WT","2015","train-conflict","Hab","15147B","yoked",56,30,104.203,11.2,11.2,"15147A","trained",48,32,81.968,6.1,6.1
"WT","2015","train-conflict","T2","15147B","yoked",56,17,114.067,74.9,74.9,"15147A","trained",3,3,2.433,26.77,26.77
"WT","2016","train-train","T+_C+","16-123B","yoked",56,21,115.935,4.67,4.67,"16-123A","trained",5,5,4.967,5.27,5.27
"WT","2016","train-conflict","T5_C2","16-122D","yoked",56,17,109.6,19.67,19.67,"16-122C","trained",6,4,9.236,177.27,177.27
"WT","2016","train-conflict","T+_C+","16-123D","yoked",56,16,107.268,36.27,36.27,"16-123C","trained",3,3,2.768,353.3,353.3
"WT","2016","train-conflict","Retention","16-124D","yoked",56,18,104.637,0.53,0.53,"16-124C","trained",25,8,49.832,234.6,234.6
"FMR1-KO","2016","train-train","T+_C+","16-117B","yoked",56,14,103.235,36.2,36.2,"16-117A","trained",1,1,1.133,475.3,475.3
"FMR1-KO","2016","train-train","T2","16-119B","yoked",56,18,107.168,8.03,8.03,"16-119A","trained",9,9,7.468,41.43,41.43
"WT","2015","train-train","Retention","15144D","yoked",57,22,111.768,0.53,0.53,NA,NA,NA,NA,NA,NA,NA
"WT","2015","train-conflict","Hab","15142B","yoked",57,30,109.031,16.17,16.17,"15142A","trained",60,34,97.965,17.43,17.43
"WT","2015","train-conflict","T2","15143B","yoked",57,12,117.163,30.93,30.93,"15143A","trained",3,3,2.301,27,27
"WT","2015","train-conflict","Retest","15144B","yoked",57,22,106.532,49.07,49.07,"15144A","trained",1,1,1.3,375.97,375.97
"WT","2015","train-conflict","T6_C3","15148D","yoked",57,16,111.132,143.13,143.13,"15148C","trained",23,23,15.599,21.8,21.8
"WT","2016","train-conflict","Hab","16-123D","yoked",57,28,106.767,1.63,1.63,"16-123C","trained",42,22,85.234,27.73,2.2
"FMR1-KO","2016","train-conflict","Retention","16-118D","yoked",57,23,111.666,11.43,2.1,"16-118C","trained",4,3,5.999,131.73,131.73
"WT","2015","train-train","T1","15140D","yoked",58,25,97.999,21.8,21.8,"15140C","trained",6,6,6.333,1.73,1.73
"WT","2015","train-train","Retest","15142D","yoked",58,15,115.436,21.23,21.23,"15142C","trained",1,1,0.701,148.13,148.13
"WT","2015","train-train","T6_C3","15145D","yoked",58,26,117.532,19.53,19.53,"15145C","trained",13,13,9.401,31.9,31.9
"WT","2016","train-conflict","T4_C1","16-124D","yoked",58,19,112.335,16.83,16.83,"16-124C","trained",3,3,2.001,74.97,74.97
"FMR1-KO","2016","train-train","T2","16-116B","yoked",58,19,110.33,1.17,1.17,"16-116A","trained",12,9,12.698,0.53,0.53
"FMR1-KO","2016","train-conflict","T+_C+","16-116D","yoked",58,22,118.368,10.5,10.5,"16-116C","trained",1,1,0.867,378.5,378.5
"WT","2015","train-train","Hab","15143D","yoked",59,38,95.336,30.47,30.47,"15143C","trained",52,31,96.04,0.53,0.53
"WT","2015","train-train","T6_C3","15144D","yoked",59,13,120.931,0.53,0.53,"15144C","trained",1,1,0.667,46.53,46.53
"WT","2015","train-train","Hab","15147D","yoked",59,34,109.605,8.33,8.33,"15147C","trained",49,25,88.002,6.87,6.87
"WT","2015","train-conflict","T1","15142B","yoked",59,17,115.865,2.87,2.87,"15142A","trained",7,7,4.668,3.83,3.83
"WT","2015","train-conflict","T4_C1","15146B","yoked",59,15,113.202,15.1,15.1,"15146A","trained",26,24,24.033,0.53,0.53
"WT","2016","train-train","T4_C1","16-123B","yoked",59,14,116.536,42.33,42.33,"16-123A","trained",6,6,5.131,126.23,126.23
"FMR1-KO","2016","train-train","Retest","16-121A","yoked",59,21,114.533,0.53,0.53,"16-121B","trained",4,4,2.967,97.77,97.77
"WT","2015","train-train","Retest","15143D","yoked",60,16,120.099,23.07,23.07,"15143C","trained",2,2,1.3,275.53,275.53
"WT","2015","train-train","Retest","15144D","yoked",60,19,123.568,24.57,24.57,"15144C","trained",1,1,0.934,593.9,593.9
"WT","2015","train-train","T1","15145D","yoked",60,26,118.369,40,40,"15145C","trained",10,10,9.601,2.9,2.9
"WT","2015","train-conflict","Retest","15143B","yoked",60,16,126.597,25.1,25.1,"15143A","trained",2,2,1.299,98.2,98.2
"FMR1-KO","2016","train-conflict","T2","16-116D","yoked",60,19,108.037,31.97,31.97,"16-116C","trained",5,5,5.301,43.97,43.97
"WT","2015","train-train","Hab","15140D","yoked",61,35,107.802,8.8,8.8,"15140C","trained",62,28,114.934,0.53,0.53
"WT","2015","train-train","T3","15142D","yoked",61,15,115.302,34.17,34.17,"15142C","trained",1,1,0.767,64.83,64.83
"WT","2015","train-train","T6_C3","15146D","yoked",61,15,120.901,23.77,23.77,"15146C","trained",8,8,7.833,62.4,62.4
"WT","2015","train-conflict","T3","15145B","yoked",61,20,118.933,11.47,11.47,"15145A","trained",1,1,0.633,324.37,324.37
"WT","2015","train-conflict","T3","15147B","yoked",61,15,119.369,18,18,"15147A","trained",1,1,0.533,180.6,180.6
"WT","2015","train-conflict","T2","15148B","yoked",61,23,118.57,50.57,50.57,"15148A","trained",1,1,0.999,454.03,454.03
"WT","2015","train-conflict","Hab","15148D","yoked",61,25,126.207,12.5,12.5,"15148C","trained",50,25,97.966,2.73,2.73
"WT","2016","train-train","T5_C2","16-122B","yoked",61,17,119.164,10.73,10.73,"16-122A","trained",3,3,3.034,37.3,37.3
"WT","2016","train-train","T+_C+","16-123B","yoked",61,22,122.535,23.67,4.5,"16-123A","trained",0,0,0,600,600
"WT","2015","train-conflict","T1","15144B","yoked",62,22,117.771,20.13,20.13,"15144A","trained",12,12,9.498,7.97,7.97
"WT","2015","train-conflict","T2","15146B","yoked",62,15,131.034,22,22,"15146A","trained",2,2,2.369,8.47,8.47
"FMR1-KO","2016","train-train","T1","16-116B","yoked",62,17,119.764,8.6,8.6,"16-116A","trained",16,16,17.298,8.43,8.43
"WT","2015","train-train","T2","15145D","yoked",63,18,144.063,100.9,100.9,"15145C","trained",7,6,8,14.83,14.83
"WT","2015","train-train","Retention","15145D","yoked",63,15,127.67,19.43,19.43,"15145C","trained",28,10,52.701,68.53,68.53
"WT","2015","train-conflict","T2","15141B","yoked",63,35,122.533,6.2,6.2,"15141A","trained",12,10,13.567,38.83,38.83
"WT","2015","train-conflict","Hab","15144B","yoked",63,33,110.933,11.63,11.63,"15144A","trained",64,33,122.296,20.23,20.23
"WT","2015","train-conflict","T5_C2","15146B","yoked",63,11,121.667,0.57,0.57,"15146A","trained",1,1,0.634,542.4,542.4
"WT","2015","train-conflict","T3","15148D","yoked",63,18,120.003,18.37,18.37,"15148C","trained",15,12,18.833,18.5,18.5
"WT","2016","train-conflict","T3","16-124D","yoked",63,20,119.471,19.8,19.8,"16-124C","trained",3,3,2.366,19.27,19.27
"FMR1-KO","2016","train-conflict","T4_C1","16-120D","yoked",63,23,113.865,2.97,2.97,"16-120C","trained",40,27,56.03,1,1
"WT","2015","train-train","T4_C1","15144D","yoked",64,17,125.6,26.83,26.83,"15144C","trained",3,2,4.601,249.4,249.4
"WT","2015","train-conflict","T5_C2","15145B","yoked",64,16,128.033,13.43,13.43,"15145A","trained",4,4,3.534,102.37,102.37
"WT","2015","train-conflict","T1","15146B","yoked",64,19,124.134,34.33,34.33,"15146A","trained",25,15,35.934,9.17,9.17
"WT","2015","train-conflict","T2","15148D","yoked",64,17,123.634,74.77,74.77,"15148C","trained",3,3,1.968,46.07,46.07
"WT","2015","train-conflict","T6_C3","15145B","yoked",65,14,123.635,30.47,30.47,"15145A","trained",4,4,5.834,183.37,183.37
"WT","2015","train-conflict","Hab","15146B","yoked",65,33,116.636,3.4,3.4,"15146A","trained",66,37,112.933,1.97,1.97
"WT","2016","train-train","Retention","16-122B","yoked",65,27,123.666,13.77,13.77,"16-122A","trained",18,6,37.101,291.2,291.2
"WT","2016","train-train","T6_C3","16-123B","yoked",65,21,133.835,25.9,25.9,"16-123A","trained",17,12,22.768,50.87,50.87
"FMR1-KO","2016","train-train","Retention","16-121A","yoked",65,22,133.801,12.77,12.77,"16-121B","trained",21,9,42.401,411.97,411.97
"WT","2015","train-conflict","T3","15144B","yoked",66,17,131.365,1.17,1.17,"15144A","trained",1,1,1.3,400.93,400.93
"WT","2015","train-train","Retention","15143D","yoked",67,20,131.1,23.13,23.13,"15143C","trained",1,1,1.633,516.47,516.47
"FMR1-KO","2016","train-train","Hab","16-116B","yoked",67,33,118.368,3.37,3.37,"16-116A","trained",62,27,109.562,6,6
"FMR1-KO","2016","train-conflict","T5_C2","16-120D","yoked",67,21,128.001,0.53,0.53,"16-120C","trained",23,18,36.195,0.53,0.53
"WT","2015","train-train","T3","15143D","yoked",68,21,146.434,0.53,0.53,"15143C","trained",1,1,0.733,306.87,306.87
"WT","2015","train-conflict","T5_C2","15148B","yoked",68,17,129.666,6.77,6.77,"15148A","trained",5,5,5.201,6.83,6.83
"WT","2016","train-train","T6_C3","16-122B","yoked",68,14,128.698,42.07,42.07,"16-122A","trained",4,3,5.067,188.6,188.6
"FMR1-KO","2016","train-conflict","T1","16-116D","yoked",68,22,129.501,7.27,7.27,"16-116C","trained",9,9,8.602,15.67,15.67
"WT","2015","train-train","T3","15145D","yoked",69,25,151.999,22,22,"15145C","trained",5,5,5.033,18.03,18.03
"WT","2015","train-conflict","T6_C3","15144B","yoked",69,20,130.833,16.03,16.03,"15144A","trained",1,1,0.934,388.47,388.47
"FMR1-KO","2016","train-conflict","T6_C3","16-118D","yoked",69,18,135.534,0.5,0.5,"16-118C","trained",0,0,0.066,599.97,599.97
"FMR1-KO","2016","train-conflict","T6_C3","16-120D","yoked",69,18,128.767,0.53,0.53,"16-120C","trained",7,5,12.833,0.53,0.53
"FMR1-KO","2016","train-conflict","Retention","16-120D","yoked",69,18,130.934,20.3,20.3,"16-120C","trained",35,15,76.767,31.97,31.97
"WT","2015","train-train","T4_C1","15143D","yoked",70,13,140.201,29.27,29.27,"15143C","trained",0,0,0,599.97,599.97
"WT","2015","train-conflict","T5_C2","15144B","yoked",70,18,138.605,13.6,13.6,"15144A","trained",3,3,2.567,48.6,48.6
"WT","2015","train-conflict","Retest","15147B","yoked",70,17,158.432,19.9,19.9,"15147A","trained",5,5,3.667,47.77,47.77
"FMR1-KO","2016","train-train","T3","16-116B","yoked",70,20,127.898,24.8,24.8,"16-116A","trained",3,3,2.601,7.6,7.6
"WT","2015","train-train","Hab","15144D","yoked",71,37,135.666,0.57,0.57,"15144C","trained",64,42,115.464,1.33,1.33
"WT","2015","train-conflict","T3","15140B","yoked",71,23,127.233,22.93,22.93,"15140A","trained",3,3,2.498,256.53,256.53
"WT","2015","train-conflict","Retest","15140B","yoked",71,24,133.164,0.53,0.53,"15140A","trained",1,1,1.067,432.07,432.07
"WT","2016","train-train","T5_C2","16-123B","yoked",71,21,147.702,3.33,3.33,"16-123A","trained",5,5,5.367,55.13,55.13
"WT","2016","train-train","Retention","16-357B","yoked",71,28,143.031,17.1,17.1,"16-124B","trained",35,18,61.406,126.2,126.2
"WT","2016","train-conflict","T1","16-124D","yoked",71,19,144.095,14.77,14.77,"16-124C","trained",10,9,10.966,15.67,15.67
"WT","2016","train-conflict","Retest","16-123D","yoked",72,26,140.332,12.8,12.8,NA,NA,NA,NA,NA,NA,NA
"WT","2016","train-train","Retention","16-122B","yoked",74,20,147.395,37.17,37.17,"16-122A","trained",54,17,100.634,72.83,72.83
"WT","2016","train-train","Retest","16-123B","yoked",74,18,148.398,54.47,54.47,"16-123A","trained",3,3,3.633,13.33,13.33
"FMR1-KO","2016","train-train","T4_C1","16-116B","yoked",74,19,149.97,4,4,"16-116A","trained",1,1,0.634,74.2,74.2
"WT","2015","train-conflict","Hab","15143B","yoked",75,36,134.705,8.43,8.43,"15143A","trained",56,29,105.065,12.43,12.43
"FMR1-KO","2016","train-train","T5_C2","16-116B","yoked",75,24,147.568,16.7,16.7,"16-116A","trained",1,1,0.733,380.93,380.93
"FMR1-KO","2016","train-conflict","Hab","16-116D","yoked",76,39,140.867,8.8,8.8,"16-116C","trained",65,28,118.335,1.77,1.77
"WT","2015","train-conflict","Retention","15143B","yoked",77,23,153.8,94.93,94.93,"15143A","trained",33,8,61.634,44.2,44.2
"WT","2015","train-conflict","T1","15148B","yoked",77,22,150.899,0.53,0.53,"15148A","trained",7,7,7.266,8.73,8.73
"WT","2015","train-train","T2","15144D","yoked",80,20,156.436,31.83,31.83,"15144C","trained",3,3,2.965,57.33,57.33
"FMR1-KO","2016","train-train","Retention","16-116B","yoked",84,24,161.47,13.13,13.13,"16-116A","trained",22,11,47.432,197.6,197.6
"WT","2015","train-conflict","T4_C1","15140B","yoked",87,23,164.066,21.83,21.83,"15140A","trained",13,10,17.735,0.87,0.87
"WT","2016","train-train","T3","16-122B","yoked",87,22,168.597,39.2,39.2,"16-122A","trained",9,8,11.168,52.53,52.53
"WT","2015","train-train","T4_C1","15145D","yoked",88,25,180.968,48.1,48.1,"15145C","trained",5,4,4.599,135.2,135.2
"FMR1-KO","2016","train-conflict","T4_C1","16-118D","yoked",88,20,170.231,0.53,0.53,"16-118C","trained",14,13,14.101,9.43,9.43
"WT","2015","train-train","T5_C2","15145D","yoked",93,22,188.667,16.07,16.07,"15145C","trained",9,9,7.2,0.53,0.53
"FMR1-KO","2016","train-train","T6_C3","16-116B","yoked",95,26,183.437,6.57,6.57,"16-116A","trained",0,0,0,599.97,599.97
"WT","2015","train-conflict","T1","15140B","yoked",96,25,188.835,10.37,10.37,"15140A","trained",7,6,8.433,9.83,9.83
"WT","2015","train-train","T1","15144D","yoked",97,28,198.165,2.8,2.8,"15144C","trained",9,9,8.767,2.8,2.8
"WT","2016","train-train","Retention","16-123B","yoked",105,33,209.2,12.4,12.4,"16-123A","trained",24,14,41.301,21.27,21.27
"WT","2015","train-conflict","T1","15143B","yoked",107,26,212.139,0.53,0.53,"15143A","trained",10,10,8.202,3.67,3.67
"WT","2015","train-conflict","T6_C3","15143B","yoked",112,24,220.395,35.93,35.93,"15143A","trained",1,1,0.9,487.9,487.9
"WT","2015","train-conflict","T6_C3","15148B","yoked",113,29,224.426,8.87,8.87,"15148A","trained",9,9,6,54.43,54.43
